Order_ID,Customer_ID,Category,Product_Price,Discount,Delivery_Days,Customer_Rating,Returned,Discount_Group,Delivery_Group,Price_Outlier
ORD100001,CUST1066,Fashion,3452.27,2.7,5.0,3.8,Yes,0-10,5-6 Days,False
ORD100002,CUST1018,Sports,7470.13,8.1,4.0,3.4,No,0-10,3-4 Days,False
ORD100003,CUST1719,Beauty,5170.92,30.8,6.0,4.2,No,31-40,5-6 Days,False
ORD100004,CUST1144,Home & Kitchen,9028.11,7.4,4.0,4.7,No,0-10,3-4 Days,False
ORD100005,CUST1268,Electronics,52830.73,41.7,3.0,3.8,No,41+,3-4 Days,True
ORD100006,CUST1364,Electronics,9847.39,23.9,5.0,4.7,No,21-30,5-6 Days,False
ORD100007,CUST1316,Electronics,47723.91,26.3,6.0,4.2,No,21-30,5-6 Days,True
ORD100008,CUST1484,Sports,12819.93,20.8,7.0,3.0,Yes,21-30,7-8 Days,False
ORD100009,CUST1470,Home & Kitchen,5199.99,36.6,11.0,3.1,No,31-40,9+ Days,False
ORD100010,CUST1988,Beauty,2752.98,36.7,6.0,3.1,No,31-40,5-6 Days,False
ORD100011,CUST1310,Electronics,14102.49,30.0,7.0,3.6,Yes,21-30,7-8 Days,False
ORD100012,CUST1040,Sports,10804.44,33.5,8.0,3.6,Yes,31-40,7-8 Days,False
ORD100013,CUST1683,Beauty,3351.48,21.8,5.0,4.3,No,21-30,5-6 Days,False
ORD100014,CUST1502,Electronics,39942.78,33.1,8.0,3.7,No,31-40,7-8 Days,True
ORD100015,CUST1662,Electronics,15806.78,19.9,7.0,4.0,No,11-20,7-8 Days,False
ORD100016,CUST1004,Electronics,16646.02,25.0,3.0,2.9,Yes,21-30,3-4 Days,False
ORD100017,CUST1460,Fashion,811.23,20.9,4.0,4.0,No,21-30,3-4 Days,False
ORD100018,CUST1789,Home & Kitchen,8594.03,18.1,5.0,3.4,No,11-20,5-6 Days,False
ORD100019,CUST1987,Fashion,4698.08,14.7,5.0,3.4,No,11-20,5-6 Days,False
ORD100020,CUST1407,Fashion,6934.51,32.0,6.0,3.3,No,31-40,5-6 Days,False
ORD100021,CUST1170,Home & Kitchen,16939.64,44.7,8.0,5.0,Yes,41+,7-8 Days,False
ORD100022,CUST1859,Electronics,28946.8,42.6,4.0,2.9,No,41+,3-4 Days,False
ORD100023,CUST1809,Fashion,7648.4,6.2,4.0,4.3,No,0-10,3-4 Days,False
ORD100024,CUST1400,Fashion,5894.34,44.3,7.0,3.8,No,41+,7-8 Days,False
ORD100025,CUST1608,Fashion,7476.24,20.2,4.0,2.7,No,21-30,3-4 Days,False
ORD100026,CUST1548,Beauty,3307.25,34.0,10.0,3.6,Yes,31-40,9+ Days,False
ORD100027,CUST1634,Electronics,19239.74,11.4,8.0,1.9,No,11-20,7-8 Days,False
ORD100028,CUST1273,Home & Kitchen,2078.41,27.1,6.0,5.0,No,21-30,5-6 Days,False
ORD100029,CUST1182,Home & Kitchen,18371.25,29.7,7.0,3.5,No,21-30,7-8 Days,False
ORD100030,CUST1466,Electronics,11671.66,2.7,7.0,4.7,No,0-10,7-8 Days,False
ORD100031,CUST1347,Home & Kitchen,8127.16,34.1,4.0,4.9,Yes,31-40,3-4 Days,False
ORD100032,CUST1903,Electronics,34285.9,45.2,9.0,3.3,No,41+,9+ Days,True
ORD100033,CUST1886,Electronics,36042.91,22.4,11.0,3.8,No,21-30,9+ Days,True
ORD100034,CUST1425,Sports,9288.34,45.4,7.0,3.9,Yes,41+,7-8 Days,False
ORD100035,CUST1870,Sports,3077.45,22.2,8.0,5.0,No,21-30,7-8 Days,False
ORD100036,CUST1574,Beauty,2464.5,37.7,3.0,3.6,No,31-40,3-4 Days,False
ORD100037,CUST1630,Fashion,5128.96,0.0,6.0,3.8,Yes,0-10,5-6 Days,False
ORD100038,CUST1340,Electronics,58340.04,61.3,9.0,2.7,No,41+,9+ Days,True
ORD100039,CUST1252,Home & Kitchen,18408.67,47.4,7.0,3.1,No,41+,7-8 Days,False
ORD100040,CUST1825,Fashion,7419.53,20.7,3.0,3.4,No,21-30,3-4 Days,False
ORD100041,CUST1099,Electronics,46921.66,0.0,4.0,4.8,No,0-10,3-4 Days,True
ORD100042,CUST1495,Fashion,4937.88,29.3,11.0,5.0,Yes,21-30,9+ Days,False
ORD100043,CUST1289,Electronics,15561.29,3.3,4.0,4.2,No,0-10,3-4 Days,False
ORD100044,CUST1763,Sports,10233.6,31.7,5.0,4.1,No,31-40,5-6 Days,False
ORD100045,CUST1538,Fashion,5175.35,31.2,10.0,4.3,No,31-40,9+ Days,False
ORD100046,CUST1600,Home & Kitchen,15379.75,10.9,3.0,3.3,No,11-20,3-4 Days,False
ORD100047,CUST1792,Fashion,4173.39,41.8,6.0,4.9,No,41+,5-6 Days,False
ORD100048,CUST1287,Home & Kitchen,13593.49,37.1,2.0,2.7,No,31-40,0-2 Days,False
ORD100049,CUST1795,Home & Kitchen,8893.51,39.6,6.0,3.4,No,31-40,5-6 Days,False
ORD100050,CUST1049,Electronics,33562.2,25.1,10.0,4.3,No,21-30,9+ Days,False
ORD100051,CUST1585,Sports,3525.05,3.8,3.0,3.4,Yes,0-10,3-4 Days,False
ORD100052,CUST1194,Beauty,4889.49,39.7,6.0,5.0,No,31-40,5-6 Days,False
ORD100053,CUST1710,Sports,3356.61,20.9,7.0,4.3,No,21-30,7-8 Days,False
ORD100054,CUST1415,Sports,1915.02,4.2,8.0,4.6,No,0-10,7-8 Days,False
ORD100055,CUST1665,Home & Kitchen,11357.15,45.3,4.0,3.2,No,41+,3-4 Days,False
ORD100056,CUST1016,Sports,10113.8,56.5,8.0,4.6,No,41+,7-8 Days,False
ORD100057,CUST1109,Electronics,29074.43,24.4,8.0,4.4,No,21-30,7-8 Days,False
ORD100058,CUST1390,Electronics,20221.48,57.4,7.0,5.0,No,41+,7-8 Days,False
ORD100059,CUST1087,Electronics,35699.42,26.4,5.0,2.0,No,21-30,5-6 Days,True
ORD100060,CUST1367,Fashion,3102.52,19.3,11.0,3.2,No,11-20,9+ Days,False
ORD100061,CUST1633,Fashion,7496.51,15.5,7.0,4.1,No,11-20,7-8 Days,False
ORD100062,CUST1709,Fashion,7419.84,49.6,9.0,4.1,No,41+,9+ Days,False
ORD100063,CUST1657,Beauty,3163.52,13.3,4.0,3.8,No,11-20,3-4 Days,False
ORD100064,CUST1009,Fashion,2959.13,36.0,7.0,2.6,Yes,31-40,7-8 Days,False
ORD100065,CUST1346,Fashion,6028.49,16.6,10.0,4.0,No,11-20,9+ Days,False
ORD100066,CUST1446,Home & Kitchen,1688.45,18.1,4.0,4.0,Yes,11-20,3-4 Days,False
ORD100067,CUST1269,Electronics,31112.3,40.5,8.0,3.8,No,41+,7-8 Days,False
ORD100068,CUST1903,Beauty,2217.04,19.3,5.0,3.8,No,11-20,5-6 Days,False
ORD100069,CUST1752,Electronics,55629.47,18.9,4.0,4.6,No,11-20,3-4 Days,True
ORD100070,CUST1488,Sports,871.64,42.0,10.0,3.7,Yes,41+,9+ Days,False
ORD100071,CUST1530,Beauty,3451.04,49.0,5.0,2.8,No,41+,5-6 Days,False
ORD100072,CUST1101,Electronics,45736.5,34.7,5.0,4.9,Yes,31-40,5-6 Days,True
ORD100073,CUST1045,Electronics,31675.99,15.2,4.0,4.9,No,11-20,3-4 Days,False
ORD100074,CUST1408,Beauty,786.8,17.3,3.0,3.8,Yes,11-20,3-4 Days,False
ORD100075,CUST1951,Beauty,5843.03,26.2,4.0,4.5,No,21-30,3-4 Days,False
ORD100076,CUST1288,Beauty,3252.66,29.8,7.0,2.6,No,21-30,7-8 Days,False
ORD100077,CUST1007,Beauty,3800.86,10.2,13.0,3.7,No,11-20,9+ Days,False
ORD100078,CUST1276,Electronics,18013.54,35.8,8.0,2.4,Yes,31-40,7-8 Days,False
ORD100079,CUST1749,Fashion,4126.24,26.3,5.0,4.7,Yes,21-30,5-6 Days,False
ORD100080,CUST1994,Electronics,28603.22,0.0,8.0,2.6,No,0-10,7-8 Days,False
ORD100081,CUST1890,Sports,1771.01,11.1,6.0,3.5,No,11-20,5-6 Days,False
ORD100082,CUST1403,Home & Kitchen,3369.08,17.4,9.0,4.0,No,11-20,9+ Days,False
ORD100083,CUST1366,Fashion,6781.04,23.9,5.0,4.5,Yes,21-30,5-6 Days,False
ORD100084,CUST1702,Electronics,18190.1,53.3,8.0,4.2,No,41+,7-8 Days,False
ORD100085,CUST1014,Fashion,1962.19,28.6,6.0,4.7,No,21-30,5-6 Days,False
ORD100086,CUST1928,Fashion,4286.84,12.4,3.0,4.4,No,11-20,3-4 Days,False
ORD100087,CUST1777,Beauty,4681.86,28.3,5.0,4.8,No,21-30,5-6 Days,False
ORD100088,CUST1868,Home & Kitchen,2299.11,19.7,7.0,2.4,No,11-20,7-8 Days,False
ORD100089,CUST1689,Sports,8948.35,29.9,7.0,3.4,No,21-30,7-8 Days,False
ORD100090,CUST1602,Fashion,1394.08,33.7,5.0,4.2,No,31-40,5-6 Days,False
ORD100091,CUST1980,Electronics,7005.36,43.1,4.0,5.0,No,41+,3-4 Days,False
ORD100092,CUST1605,Beauty,600.64,24.6,5.0,3.4,No,21-30,5-6 Days,False
ORD100093,CUST1528,Beauty,5054.74,49.6,6.0,5.0,No,41+,5-6 Days,False
ORD100094,CUST1735,Home & Kitchen,3654.93,38.6,8.0,4.1,No,31-40,7-8 Days,False
ORD100095,CUST1664,Beauty,557.36,14.4,11.0,3.2,No,11-20,9+ Days,False
ORD100096,CUST1414,Fashion,3784.25,58.1,8.0,2.9,No,41+,7-8 Days,False
ORD100097,CUST1136,Home & Kitchen,21224.64,29.9,6.0,4.4,No,21-30,5-6 Days,False
ORD100098,CUST1730,Fashion,2468.06,12.5,4.0,3.3,No,11-20,3-4 Days,False
ORD100099,CUST1335,Electronics,28194.19,49.8,5.0,3.6,Yes,41+,5-6 Days,False
ORD100100,CUST1762,Electronics,7195.74,56.2,5.0,3.9,No,41+,5-6 Days,False
ORD100101,CUST1882,Electronics,29699.32,24.5,9.0,4.0,No,21-30,9+ Days,False
ORD100102,CUST1138,Home & Kitchen,14778.24,17.4,9.0,5.0,No,11-20,9+ Days,False
ORD100103,CUST1420,Fashion,4781.8,22.4,5.0,4.1,No,21-30,5-6 Days,False
ORD100104,CUST1487,Home & Kitchen,8844.73,35.7,5.0,3.3,No,31-40,5-6 Days,False
ORD100105,CUST1024,Sports,5212.12,44.2,9.0,3.2,No,41+,9+ Days,False
ORD100106,CUST1241,Fashion,1299.68,33.6,5.0,5.0,No,31-40,5-6 Days,False
ORD100107,CUST1648,Fashion,3250.99,26.5,7.0,3.4,No,21-30,7-8 Days,False
ORD100108,CUST1513,Beauty,867.12,47.5,7.0,4.3,No,41+,7-8 Days,False
ORD100109,CUST1757,Fashion,6249.47,20.3,2.0,4.0,No,21-30,0-2 Days,False
ORD100110,CUST1330,Electronics,58145.09,40.5,6.0,4.1,No,41+,5-6 Days,True
ORD100111,CUST1623,Fashion,7775.56,20.7,4.0,4.9,No,21-30,3-4 Days,False
ORD100112,CUST1471,Electronics,52578.91,31.5,10.0,4.0,No,31-40,9+ Days,True
ORD100113,CUST1358,Sports,9291.33,23.3,5.0,4.5,No,21-30,5-6 Days,False
ORD100114,CUST1458,Beauty,4294.93,24.2,9.0,4.0,No,21-30,9+ Days,False
ORD100115,CUST1417,Home & Kitchen,7701.98,19.3,9.0,3.4,No,11-20,9+ Days,False
ORD100116,CUST1543,Sports,9720.02,45.2,3.0,4.2,No,41+,3-4 Days,False
ORD100117,CUST1742,Beauty,2897.2,14.0,7.0,3.3,No,11-20,7-8 Days,False
ORD100118,CUST1077,Electronics,31510.95,13.9,10.0,2.9,No,11-20,9+ Days,False
ORD100119,CUST1062,Sports,11536.2,56.8,5.0,4.3,No,41+,5-6 Days,False
ORD100120,CUST1547,Home & Kitchen,7622.42,39.7,5.0,4.2,No,31-40,5-6 Days,False
ORD100121,CUST1684,Beauty,2112.83,0.0,7.0,4.1,No,0-10,7-8 Days,False
ORD100122,CUST1175,Sports,13922.38,16.5,14.0,3.8,Yes,11-20,9+ Days,False
ORD100123,CUST1928,Fashion,921.68,0.0,7.0,3.7,Yes,0-10,7-8 Days,False
ORD100124,CUST1447,Electronics,31709.89,10.7,9.0,2.9,Yes,11-20,9+ Days,False
ORD100125,CUST1022,Fashion,7346.01,0.0,9.0,2.3,Yes,0-10,9+ Days,False
ORD100126,CUST1647,Fashion,5077.72,22.9,2.0,4.5,Yes,21-30,0-2 Days,False
ORD100127,CUST1134,Beauty,3414.52,7.9,9.0,4.5,Yes,0-10,9+ Days,False
ORD100128,CUST1937,Sports,4271.34,25.9,5.0,3.6,No,21-30,5-6 Days,False
ORD100129,CUST1976,Electronics,23880.15,0.6,5.0,5.0,No,0-10,5-6 Days,False
ORD100130,CUST1524,Home & Kitchen,21419.57,26.2,3.0,4.2,No,21-30,3-4 Days,False
ORD100131,CUST1969,Fashion,4694.14,18.8,7.0,4.1,No,11-20,7-8 Days,False
ORD100132,CUST1936,Fashion,4360.57,47.5,7.0,5.0,Yes,41+,7-8 Days,False
ORD100133,CUST1453,Electronics,10476.88,46.2,4.0,2.8,No,41+,3-4 Days,False
ORD100134,CUST1954,Fashion,620.21,36.8,6.0,3.8,Yes,31-40,5-6 Days,False
ORD100135,CUST1899,Sports,14480.7,20.1,9.0,3.1,Yes,21-30,9+ Days,False
ORD100136,CUST1100,Fashion,3327.4,54.8,10.0,3.5,No,41+,9+ Days,False
ORD100137,CUST1555,Home & Kitchen,15397.76,1.7,4.0,3.7,No,0-10,3-4 Days,False
ORD100138,CUST1842,Beauty,754.38,3.9,3.0,3.8,No,0-10,3-4 Days,False
ORD100139,CUST1776,Fashion,5623.36,23.7,8.0,2.9,No,21-30,7-8 Days,False
ORD100140,CUST1201,Sports,14035.7,58.8,7.0,3.9,Yes,41+,7-8 Days,False
ORD100141,CUST1653,Sports,8932.01,22.0,7.0,3.1,No,21-30,7-8 Days,False
ORD100142,CUST1184,Fashion,1445.86,22.3,7.0,4.8,No,21-30,7-8 Days,False
ORD100143,CUST1762,Fashion,4862.91,3.4,5.0,4.4,No,0-10,5-6 Days,False
ORD100144,CUST1147,Fashion,6247.6,39.2,7.0,4.1,Yes,31-40,7-8 Days,False
ORD100145,CUST1279,Fashion,3548.12,39.3,11.0,3.4,No,31-40,9+ Days,False
ORD100146,CUST1299,Electronics,53391.08,36.8,5.0,3.9,No,31-40,5-6 Days,True
ORD100147,CUST1280,Home & Kitchen,16498.13,15.6,4.0,4.4,No,11-20,3-4 Days,False
ORD100148,CUST1387,Home & Kitchen,22561.82,14.4,1.0,3.5,No,11-20,0-2 Days,False
ORD100149,CUST1225,Electronics,39292.79,5.6,6.0,2.5,Yes,0-10,5-6 Days,True
ORD100150,CUST1727,Fashion,1484.66,26.3,4.0,4.4,No,21-30,3-4 Days,False
ORD100151,CUST1398,Sports,5128.59,8.8,5.0,4.2,No,0-10,5-6 Days,False
ORD100152,CUST1979,Fashion,2013.46,7.3,6.0,4.1,Yes,0-10,5-6 Days,False
ORD100153,CUST1417,Electronics,54985.46,18.6,4.0,3.2,No,11-20,3-4 Days,True
ORD100154,CUST1855,Fashion,6203.0,17.7,3.0,4.6,No,11-20,3-4 Days,False
ORD100155,CUST1155,Sports,10372.5,16.9,9.0,4.7,No,11-20,9+ Days,False
ORD100156,CUST1652,Fashion,2757.25,32.0,5.0,4.0,No,31-40,5-6 Days,False
ORD100157,CUST1046,Home & Kitchen,5253.88,26.2,4.0,3.5,No,21-30,3-4 Days,False
ORD100158,CUST1111,Beauty,4611.77,20.7,9.0,3.5,Yes,21-30,9+ Days,False
ORD100159,CUST1711,Fashion,4056.18,27.7,6.0,3.5,Yes,21-30,5-6 Days,False
ORD100160,CUST1228,Beauty,1587.0,10.1,7.0,3.4,No,11-20,7-8 Days,False
ORD100161,CUST1302,Fashion,5124.66,26.6,8.0,3.5,No,21-30,7-8 Days,False
ORD100162,CUST1082,Home & Kitchen,1776.08,27.3,11.0,4.1,No,21-30,9+ Days,False
ORD100163,CUST1144,Home & Kitchen,8693.32,2.5,8.0,4.5,Yes,0-10,7-8 Days,False
ORD100164,CUST1570,Home & Kitchen,12139.08,39.9,4.0,5.0,Yes,31-40,3-4 Days,False
ORD100165,CUST1142,Electronics,13137.71,11.8,4.0,3.1,No,11-20,3-4 Days,False
ORD100166,CUST1341,Beauty,5912.53,26.4,8.0,3.2,No,21-30,7-8 Days,False
ORD100167,CUST1427,Fashion,2068.23,42.5,4.0,4.5,No,41+,3-4 Days,False
ORD100168,CUST1475,Electronics,12169.42,38.9,4.0,3.1,No,31-40,3-4 Days,False
ORD100169,CUST1537,Electronics,16194.42,25.5,4.0,2.9,No,21-30,3-4 Days,False
ORD100170,CUST1614,Home & Kitchen,19411.28,19.6,9.0,3.0,No,11-20,9+ Days,False
ORD100171,CUST1143,Home & Kitchen,11097.24,39.2,3.0,3.7,No,31-40,3-4 Days,False
ORD100172,CUST1586,Electronics,36097.88,35.1,6.0,5.0,No,31-40,5-6 Days,True
ORD100173,CUST1414,Home & Kitchen,1308.42,15.7,5.0,3.7,No,11-20,5-6 Days,False
ORD100174,CUST1044,Fashion,758.23,13.1,3.0,4.0,No,11-20,3-4 Days,False
ORD100175,CUST1905,Home & Kitchen,11588.98,0.0,4.0,2.8,No,0-10,3-4 Days,False
ORD100176,CUST1860,Electronics,49916.04,27.3,3.0,4.7,No,21-30,3-4 Days,True
ORD100177,CUST1241,Home & Kitchen,22222.78,23.8,7.0,4.5,No,21-30,7-8 Days,False
ORD100178,CUST1082,Fashion,1150.3,42.0,4.0,3.4,Yes,41+,3-4 Days,False
ORD100179,CUST1395,Sports,8398.59,30.4,7.0,3.3,No,31-40,7-8 Days,False
ORD100180,CUST1870,Electronics,55227.63,45.0,6.0,4.6,No,41+,5-6 Days,True
ORD100181,CUST1499,Fashion,3409.8,14.5,5.0,3.6,No,11-20,5-6 Days,False
ORD100182,CUST1066,Electronics,50626.12,42.1,7.0,3.3,No,41+,7-8 Days,True
ORD100183,CUST1278,Sports,2611.85,17.1,7.0,3.5,No,11-20,7-8 Days,False
ORD100184,CUST1599,Sports,14076.14,36.7,7.0,4.0,No,31-40,7-8 Days,False
ORD100185,CUST1916,Fashion,6135.67,3.1,8.0,4.4,Yes,0-10,7-8 Days,False
ORD100186,CUST1877,Home & Kitchen,23580.29,28.5,11.0,4.1,No,21-30,9+ Days,False
ORD100187,CUST1925,Beauty,4156.72,0.0,13.0,4.0,Yes,0-10,9+ Days,False
ORD100188,CUST1858,Home & Kitchen,9594.38,21.0,6.0,3.6,No,21-30,5-6 Days,False
ORD100189,CUST1959,Home & Kitchen,23503.98,31.6,8.0,3.9,No,31-40,7-8 Days,False
ORD100190,CUST1553,Fashion,2566.75,17.2,11.0,3.5,Yes,11-20,9+ Days,False
ORD100191,CUST1891,Electronics,23269.49,9.2,3.0,3.6,No,0-10,3-4 Days,False
ORD100192,CUST1716,Sports,10721.56,37.7,5.0,4.9,Yes,31-40,5-6 Days,False
ORD100193,CUST1880,Sports,11644.02,23.4,7.0,3.8,No,21-30,7-8 Days,False
ORD100194,CUST1349,Home & Kitchen,23291.56,17.7,5.0,3.5,No,11-20,5-6 Days,False
ORD100195,CUST1851,Fashion,2036.02,25.6,6.0,3.3,No,21-30,5-6 Days,False
ORD100196,CUST1738,Fashion,6484.99,64.6,4.0,2.0,No,41+,3-4 Days,False
ORD100197,CUST1048,Beauty,4509.71,42.3,4.0,5.0,No,41+,3-4 Days,False
ORD100198,CUST1283,Sports,1612.26,42.4,4.0,5.0,No,41+,3-4 Days,False
ORD100199,CUST1350,Sports,6237.29,31.5,7.0,4.3,No,31-40,7-8 Days,False
ORD100200,CUST1741,Beauty,1911.76,27.5,6.0,3.0,Yes,21-30,5-6 Days,False
ORD100201,CUST1927,Home & Kitchen,8168.67,0.0,10.0,5.0,No,0-10,9+ Days,False
ORD100202,CUST1860,Electronics,59062.08,14.8,2.0,2.7,No,11-20,0-2 Days,True
ORD100203,CUST1409,Electronics,40352.76,17.8,6.0,4.1,No,11-20,5-6 Days,True
ORD100204,CUST1945,Sports,10962.77,0.0,7.0,2.4,Yes,0-10,7-8 Days,False
ORD100205,CUST1710,Home & Kitchen,24434.15,7.6,6.0,2.1,Yes,0-10,5-6 Days,False
ORD100206,CUST1704,Electronics,25746.1,0.0,9.0,4.0,No,0-10,9+ Days,False
ORD100207,CUST1312,Electronics,49101.21,24.4,5.0,4.1,No,21-30,5-6 Days,True
ORD100208,CUST1391,Home & Kitchen,11315.65,37.3,7.0,3.9,No,31-40,7-8 Days,False
ORD100209,CUST1582,Electronics,52824.35,41.6,6.0,5.0,No,41+,5-6 Days,True
ORD100210,CUST1931,Electronics,14936.16,31.2,8.0,3.8,No,31-40,7-8 Days,False
ORD100211,CUST1985,Home & Kitchen,23734.01,10.5,5.0,4.4,No,11-20,5-6 Days,False
ORD100212,CUST1533,Home & Kitchen,6094.28,0.0,8.0,3.2,Yes,0-10,7-8 Days,False
ORD100213,CUST1559,Home & Kitchen,8694.54,0.0,5.0,4.8,No,0-10,5-6 Days,False
ORD100214,CUST1828,Fashion,6171.44,6.0,6.0,4.9,Yes,0-10,5-6 Days,False
ORD100215,CUST1880,Beauty,2544.4,11.7,6.0,3.6,No,11-20,5-6 Days,False
ORD100216,CUST1913,Fashion,5061.59,22.6,6.0,4.1,No,21-30,5-6 Days,False
ORD100217,CUST1233,Fashion,3834.3,9.8,7.0,3.2,No,0-10,7-8 Days,False
ORD100218,CUST1090,Beauty,4531.51,30.1,6.0,3.6,Yes,31-40,5-6 Days,False
ORD100219,CUST1745,Home & Kitchen,6325.62,21.5,4.0,4.4,No,21-30,3-4 Days,False
ORD100220,CUST1785,Beauty,633.21,25.2,4.0,4.2,Yes,21-30,3-4 Days,False
ORD100221,CUST1765,Home & Kitchen,8058.29,42.1,6.0,2.4,No,41+,5-6 Days,False
ORD100222,CUST1711,Home & Kitchen,12278.27,7.3,5.0,2.9,No,0-10,5-6 Days,False
ORD100223,CUST1665,Electronics,14241.1,31.3,6.0,3.3,No,31-40,5-6 Days,False
ORD100224,CUST1674,Fashion,3160.98,24.8,3.0,4.0,No,21-30,3-4 Days,False
ORD100225,CUST1794,Fashion,3499.87,20.0,9.0,3.1,No,11-20,9+ Days,False
ORD100226,CUST1006,Fashion,930.44,38.3,5.0,2.7,No,31-40,5-6 Days,False
ORD100227,CUST1010,Sports,9041.29,38.2,2.0,1.7,No,31-40,0-2 Days,False
ORD100228,CUST1337,Fashion,7132.58,10.8,4.0,5.0,No,11-20,3-4 Days,False
ORD100229,CUST1974,Sports,2869.92,22.3,7.0,4.0,No,21-30,7-8 Days,False
ORD100230,CUST1643,Home & Kitchen,15266.95,29.2,8.0,2.6,No,21-30,7-8 Days,False
ORD100231,CUST1315,Beauty,4089.01,20.9,6.0,4.6,No,21-30,5-6 Days,False
ORD100232,CUST1112,Home & Kitchen,10947.9,33.8,4.0,5.0,No,31-40,3-4 Days,False
ORD100233,CUST1080,Home & Kitchen,17766.56,29.2,6.0,4.0,Yes,21-30,5-6 Days,False
ORD100234,CUST1453,Fashion,3580.49,52.5,5.0,4.3,Yes,41+,5-6 Days,False
ORD100235,CUST1048,Electronics,32755.05,2.0,5.0,4.8,No,0-10,5-6 Days,False
ORD100236,CUST1663,Beauty,341.91,23.2,3.0,4.3,Yes,21-30,3-4 Days,False
ORD100237,CUST1091,Fashion,5687.9,11.4,4.0,4.3,Yes,11-20,3-4 Days,False
ORD100238,CUST1645,Electronics,41373.85,34.1,5.0,2.6,Yes,31-40,5-6 Days,True
ORD100239,CUST1696,Home & Kitchen,1729.3,0.7,7.0,1.6,No,0-10,7-8 Days,False
ORD100240,CUST1741,Electronics,25253.76,30.2,9.0,4.5,Yes,31-40,9+ Days,False
ORD100241,CUST1934,Sports,14700.16,15.5,6.0,3.6,No,11-20,5-6 Days,False
ORD100242,CUST1978,Sports,6716.53,14.0,3.0,3.4,No,11-20,3-4 Days,False
ORD100243,CUST1076,Sports,7877.82,3.3,4.0,4.6,No,0-10,3-4 Days,False
ORD100244,CUST1085,Fashion,7324.48,18.0,7.0,3.0,No,11-20,7-8 Days,False
ORD100245,CUST1263,Electronics,44449.4,41.3,7.0,3.8,No,41+,7-8 Days,True
ORD100246,CUST1401,Sports,9023.6,24.6,10.0,3.8,No,21-30,9+ Days,False
ORD100247,CUST1234,Fashion,6483.54,34.4,6.0,4.4,Yes,31-40,5-6 Days,False
ORD100248,CUST1777,Sports,13060.44,50.0,4.0,4.1,No,41+,3-4 Days,False
ORD100249,CUST1216,Sports,7233.5,29.0,7.0,4.1,No,21-30,7-8 Days,False
ORD100250,CUST1971,Sports,7494.05,16.6,5.0,3.5,No,11-20,5-6 Days,False
ORD100251,CUST1345,Fashion,3395.38,32.0,6.0,3.5,No,31-40,5-6 Days,False
ORD100252,CUST1174,Fashion,7750.3,16.8,5.0,4.1,No,11-20,5-6 Days,False
ORD100253,CUST1037,Sports,10669.48,17.4,8.0,3.4,No,11-20,7-8 Days,False
ORD100254,CUST1903,Fashion,1124.17,2.2,10.0,3.1,No,0-10,9+ Days,False
ORD100255,CUST1529,Electronics,52462.78,38.9,7.0,4.8,No,31-40,7-8 Days,True
ORD100256,CUST1887,Home & Kitchen,12429.55,19.2,6.0,3.3,No,11-20,5-6 Days,False
ORD100257,CUST1809,Sports,1683.18,27.7,3.0,3.4,No,21-30,3-4 Days,False
ORD100258,CUST1320,Home & Kitchen,14103.16,9.5,8.0,4.8,No,0-10,7-8 Days,False
ORD100259,CUST1851,Home & Kitchen,10895.38,31.5,3.0,3.2,No,31-40,3-4 Days,False
ORD100260,CUST1313,Electronics,53276.22,13.6,6.0,4.1,No,11-20,5-6 Days,True
ORD100261,CUST1469,Home & Kitchen,5736.67,22.9,6.0,4.1,No,21-30,5-6 Days,False
ORD100262,CUST1045,Sports,12518.44,38.2,5.0,3.7,No,31-40,5-6 Days,False
ORD100263,CUST1073,Electronics,35672.88,36.9,3.0,3.5,No,31-40,3-4 Days,True
ORD100264,CUST1365,Home & Kitchen,2121.57,24.7,12.0,2.9,Yes,21-30,9+ Days,False
ORD100265,CUST1878,Sports,14597.39,0.0,6.0,4.3,No,0-10,5-6 Days,False
ORD100266,CUST1904,Beauty,3221.91,69.9,9.0,4.7,No,41+,9+ Days,False
ORD100267,CUST1878,Home & Kitchen,7839.22,51.2,11.0,4.6,No,41+,9+ Days,False
ORD100268,CUST1109,Beauty,2975.62,35.8,11.0,4.1,Yes,31-40,9+ Days,False
ORD100269,CUST1347,Fashion,6933.93,13.7,6.0,2.2,No,11-20,5-6 Days,False
ORD100270,CUST1855,Fashion,2786.77,23.3,3.0,4.4,No,21-30,3-4 Days,False
ORD100271,CUST1138,Beauty,1398.26,16.8,8.0,3.7,Yes,11-20,7-8 Days,False
ORD100272,CUST1182,Beauty,1035.71,44.0,8.0,3.3,No,41+,7-8 Days,False
ORD100273,CUST1962,Sports,4959.39,28.9,11.0,4.3,Yes,21-30,9+ Days,False
ORD100274,CUST1812,Sports,11854.69,13.2,4.0,4.0,No,11-20,3-4 Days,False
ORD100275,CUST1304,Home & Kitchen,12213.36,17.9,8.0,4.6,No,11-20,7-8 Days,False
ORD100276,CUST1327,Home & Kitchen,6305.05,41.8,7.0,4.1,No,41+,7-8 Days,False
ORD100277,CUST1514,Beauty,1247.25,49.0,3.0,3.6,No,41+,3-4 Days,False
ORD100278,CUST1080,Home & Kitchen,8852.05,47.9,3.0,3.5,No,41+,3-4 Days,False
ORD100279,CUST1118,Beauty,5657.57,36.4,4.0,4.3,No,31-40,3-4 Days,False
ORD100280,CUST1262,Beauty,2255.25,21.2,5.0,2.7,No,21-30,5-6 Days,False
ORD100281,CUST1080,Sports,14830.17,0.0,3.0,3.4,No,0-10,3-4 Days,False
ORD100282,CUST1601,Fashion,4139.23,29.5,10.0,2.0,No,21-30,9+ Days,False
ORD100283,CUST1557,Fashion,1843.73,25.0,8.0,4.1,No,21-30,7-8 Days,False
ORD100284,CUST1266,Electronics,54012.71,27.1,9.0,4.3,No,21-30,9+ Days,True
ORD100285,CUST1756,Home & Kitchen,11940.6,25.8,4.0,3.2,Yes,21-30,3-4 Days,False
ORD100286,CUST1393,Electronics,44031.92,5.1,8.0,2.9,Yes,0-10,7-8 Days,True
ORD100287,CUST1992,Fashion,7877.84,33.4,4.0,4.6,No,31-40,3-4 Days,False
ORD100288,CUST1288,Home & Kitchen,2014.24,34.5,11.0,3.2,No,31-40,9+ Days,False
ORD100289,CUST1002,Fashion,1225.21,35.2,5.0,4.3,No,31-40,5-6 Days,False
ORD100290,CUST1789,Home & Kitchen,18235.05,39.2,8.0,3.8,No,31-40,7-8 Days,False
ORD100291,CUST1496,Electronics,20500.38,34.1,3.0,3.4,No,31-40,3-4 Days,False
ORD100292,CUST1899,Electronics,15136.58,18.8,3.0,4.3,No,11-20,3-4 Days,False
ORD100293,CUST1758,Beauty,524.36,23.9,6.0,3.8,No,21-30,5-6 Days,False
ORD100294,CUST1738,Fashion,663.85,26.4,11.0,5.0,No,21-30,9+ Days,False
ORD100295,CUST1349,Electronics,47596.71,26.6,7.0,3.2,Yes,21-30,7-8 Days,True
ORD100296,CUST1746,Home & Kitchen,4053.29,40.0,5.0,2.7,No,31-40,5-6 Days,False
ORD100297,CUST1633,Beauty,2966.01,34.7,2.0,3.8,No,31-40,0-2 Days,False
ORD100298,CUST1980,Electronics,38324.32,56.2,9.0,4.2,No,41+,9+ Days,True
ORD100299,CUST1535,Home & Kitchen,11166.11,58.1,6.0,3.6,No,41+,5-6 Days,False
ORD100300,CUST1421,Electronics,6490.87,26.2,4.0,5.0,Yes,21-30,3-4 Days,False
ORD100301,CUST1712,Electronics,48092.58,0.0,5.0,4.8,Yes,0-10,5-6 Days,True
ORD100302,CUST1748,Home & Kitchen,1054.42,43.6,4.0,3.4,Yes,41+,3-4 Days,False
ORD100303,CUST1548,Home & Kitchen,19237.74,16.9,4.0,3.9,Yes,11-20,3-4 Days,False
ORD100304,CUST1526,Home & Kitchen,22417.97,13.0,5.0,2.4,No,11-20,5-6 Days,False
ORD100305,CUST1471,Beauty,2767.19,19.0,5.0,4.6,No,11-20,5-6 Days,False
ORD100306,CUST1987,Sports,8358.26,18.3,6.0,3.3,Yes,11-20,5-6 Days,False
ORD100307,CUST1527,Home & Kitchen,12343.0,34.2,4.0,4.0,Yes,31-40,3-4 Days,False
ORD100308,CUST1757,Fashion,3419.06,1.6,7.0,3.6,No,0-10,7-8 Days,False
ORD100309,CUST1291,Beauty,5358.32,8.8,5.0,2.6,No,0-10,5-6 Days,False
ORD100310,CUST1632,Fashion,7204.5,30.1,7.0,4.5,No,31-40,7-8 Days,False
ORD100311,CUST1534,Fashion,3018.62,34.3,7.0,3.0,No,31-40,7-8 Days,False
ORD100312,CUST1687,Electronics,38828.84,34.6,6.0,3.4,No,31-40,5-6 Days,True
ORD100313,CUST1292,Electronics,55979.92,13.2,8.0,4.5,No,11-20,7-8 Days,True
ORD100314,CUST1783,Sports,14457.44,10.3,6.0,3.0,No,11-20,5-6 Days,False
ORD100315,CUST1633,Beauty,3201.07,17.4,7.0,5.0,No,11-20,7-8 Days,False
ORD100316,CUST1096,Home & Kitchen,11758.36,28.6,5.0,3.0,No,21-30,5-6 Days,False
ORD100317,CUST1978,Fashion,2590.21,47.3,9.0,2.9,Yes,41+,9+ Days,False
ORD100318,CUST1698,Electronics,57737.95,0.0,12.0,3.8,No,0-10,9+ Days,True
ORD100319,CUST1493,Electronics,12854.79,21.7,7.0,5.0,Yes,21-30,7-8 Days,False
ORD100320,CUST1415,Fashion,4848.72,5.0,4.0,3.8,No,0-10,3-4 Days,False
ORD100321,CUST1681,Home & Kitchen,7637.72,0.2,5.0,4.6,No,0-10,5-6 Days,False
ORD100322,CUST1868,Beauty,1890.35,39.5,9.0,2.7,No,31-40,9+ Days,False
ORD100323,CUST1857,Home & Kitchen,10600.24,33.2,7.0,3.5,Yes,31-40,7-8 Days,False
ORD100324,CUST1749,Fashion,7990.95,31.7,6.0,3.6,No,31-40,5-6 Days,False
ORD100325,CUST1842,Sports,1486.02,38.8,7.0,2.8,No,31-40,7-8 Days,False
ORD100326,CUST1744,Beauty,3597.69,17.8,5.0,2.5,No,11-20,5-6 Days,False
ORD100327,CUST1462,Home & Kitchen,2798.25,18.5,6.0,3.6,No,11-20,5-6 Days,False
ORD100328,CUST1496,Home & Kitchen,4539.4,57.8,15.0,5.0,Yes,41+,9+ Days,False
ORD100329,CUST1026,Fashion,3796.72,21.3,5.0,4.0,No,21-30,5-6 Days,False
ORD100330,CUST1766,Fashion,4328.45,36.0,7.0,3.3,No,31-40,7-8 Days,False
ORD100331,CUST1979,Fashion,2440.94,25.1,3.0,2.2,No,21-30,3-4 Days,False
ORD100332,CUST1030,Beauty,2103.81,0.0,6.0,3.5,No,0-10,5-6 Days,False
ORD100333,CUST1378,Electronics,9783.19,0.0,6.0,3.4,No,0-10,5-6 Days,False
ORD100334,CUST1359,Electronics,21677.09,16.3,5.0,4.1,No,11-20,5-6 Days,False
ORD100335,CUST1396,Electronics,58160.71,40.8,4.0,3.6,No,41+,3-4 Days,True
ORD100336,CUST1799,Electronics,56958.91,36.8,7.0,4.3,Yes,31-40,7-8 Days,True
ORD100337,CUST1109,Sports,5488.76,38.7,6.0,4.4,No,31-40,5-6 Days,False
ORD100338,CUST1879,Beauty,3553.87,10.2,8.0,3.7,Yes,11-20,7-8 Days,False
ORD100339,CUST1879,Fashion,7321.97,49.2,9.0,3.8,Yes,41+,9+ Days,False
ORD100340,CUST1850,Electronics,5340.11,10.5,7.0,3.8,No,11-20,7-8 Days,False
ORD100341,CUST1258,Fashion,6580.13,28.2,6.0,2.4,No,21-30,5-6 Days,False
ORD100342,CUST1334,Fashion,7612.77,24.8,9.0,4.4,No,21-30,9+ Days,False
ORD100343,CUST1404,Electronics,10022.92,22.4,10.0,5.0,Yes,21-30,9+ Days,False
ORD100344,CUST1442,Fashion,1710.86,45.1,4.0,3.8,No,41+,3-4 Days,False
ORD100345,CUST1231,Fashion,7705.6,14.4,6.0,3.2,Yes,11-20,5-6 Days,False
ORD100346,CUST1148,Home & Kitchen,13808.47,4.8,3.0,3.8,No,0-10,3-4 Days,False
ORD100347,CUST1546,Home & Kitchen,1143.56,25.3,7.0,3.5,No,21-30,7-8 Days,False
ORD100348,CUST1572,Electronics,19169.76,19.0,10.0,3.8,Yes,11-20,9+ Days,False
ORD100349,CUST1802,Fashion,3874.58,70.0,6.0,3.6,Yes,41+,5-6 Days,False
ORD100350,CUST1165,Home & Kitchen,17568.4,35.1,8.0,2.1,Yes,31-40,7-8 Days,False
ORD100351,CUST1195,Home & Kitchen,18542.48,18.9,8.0,3.9,No,11-20,7-8 Days,False
ORD100352,CUST1483,Sports,14934.53,9.2,4.0,5.0,No,0-10,3-4 Days,False
ORD100353,CUST1127,Home & Kitchen,7757.77,0.0,6.0,2.7,Yes,0-10,5-6 Days,False
ORD100354,CUST1225,Electronics,34602.11,9.6,6.0,4.7,No,0-10,5-6 Days,True
ORD100355,CUST1787,Electronics,34332.8,26.7,5.0,4.1,No,21-30,5-6 Days,True
ORD100356,CUST1223,Home & Kitchen,10616.62,46.4,6.0,3.1,No,41+,5-6 Days,False
ORD100357,CUST1564,Electronics,14303.9,41.8,5.0,2.7,No,41+,5-6 Days,False
ORD100358,CUST1556,Home & Kitchen,24454.45,28.4,9.0,4.0,No,21-30,9+ Days,False
ORD100359,CUST1598,Sports,12902.44,20.2,8.0,4.1,No,21-30,7-8 Days,False
ORD100360,CUST1155,Home & Kitchen,12859.66,29.0,7.0,2.6,No,21-30,7-8 Days,False
ORD100361,CUST1038,Fashion,5024.34,17.2,8.0,4.5,Yes,11-20,7-8 Days,False
ORD100362,CUST1604,Home & Kitchen,6299.72,50.8,11.0,3.4,No,41+,9+ Days,False
ORD100363,CUST1661,Fashion,4578.4,22.2,5.0,4.2,No,21-30,5-6 Days,False
ORD100364,CUST1980,Home & Kitchen,17618.28,23.7,10.0,4.4,Yes,21-30,9+ Days,False
ORD100365,CUST1422,Sports,8066.89,0.0,10.0,4.5,No,0-10,9+ Days,False
ORD100366,CUST1013,Fashion,7927.14,22.1,10.0,3.0,Yes,21-30,9+ Days,False
ORD100367,CUST1349,Sports,9442.19,37.5,4.0,5.0,No,31-40,3-4 Days,False
ORD100368,CUST1405,Sports,6004.92,9.0,4.0,3.1,No,0-10,3-4 Days,False
ORD100369,CUST1810,Electronics,47468.36,13.7,9.0,4.5,No,11-20,9+ Days,True
ORD100370,CUST1225,Electronics,14375.44,36.9,7.0,3.4,Yes,31-40,7-8 Days,False
ORD100371,CUST1864,Electronics,26148.37,2.9,10.0,3.8,No,0-10,9+ Days,False
ORD100372,CUST1304,Electronics,24082.74,40.9,3.0,3.7,No,41+,3-4 Days,False
ORD100373,CUST1046,Electronics,28749.39,17.0,7.0,4.2,No,11-20,7-8 Days,False
ORD100374,CUST1220,Home & Kitchen,19719.07,19.2,3.0,4.6,Yes,11-20,3-4 Days,False
ORD100375,CUST1626,Electronics,31629.52,8.1,10.0,3.3,Yes,0-10,9+ Days,False
ORD100376,CUST1078,Fashion,6455.11,30.7,7.0,3.1,No,31-40,7-8 Days,False
ORD100377,CUST1825,Beauty,3585.99,61.9,2.0,2.1,Yes,41+,0-2 Days,False
ORD100378,CUST1820,Electronics,23813.82,36.7,4.0,3.9,No,31-40,3-4 Days,False
ORD100379,CUST1278,Beauty,4916.88,12.0,5.0,3.7,No,11-20,5-6 Days,False
ORD100380,CUST1997,Fashion,2287.17,42.0,5.0,3.9,No,41+,5-6 Days,False
ORD100381,CUST1994,Electronics,17341.06,20.2,7.0,3.7,No,21-30,7-8 Days,False
ORD100382,CUST1529,Home & Kitchen,13008.97,45.6,9.0,4.4,No,41+,9+ Days,False
ORD100383,CUST1097,Home & Kitchen,7112.55,37.1,6.0,3.4,No,31-40,5-6 Days,False
ORD100384,CUST1481,Sports,829.94,0.0,12.0,4.1,No,0-10,9+ Days,False
ORD100385,CUST1102,Beauty,3995.3,9.9,10.0,3.8,Yes,0-10,9+ Days,False
ORD100386,CUST1794,Beauty,3213.23,39.2,6.0,3.0,No,31-40,5-6 Days,False
ORD100387,CUST1679,Fashion,3841.38,27.3,5.0,3.3,No,21-30,5-6 Days,False
ORD100388,CUST1071,Electronics,58183.27,9.6,4.0,4.5,Yes,0-10,3-4 Days,True
ORD100389,CUST1959,Beauty,3555.84,15.5,13.0,4.5,No,11-20,9+ Days,False
ORD100390,CUST1729,Beauty,5221.56,0.0,6.0,4.4,No,0-10,5-6 Days,False
ORD100391,CUST1752,Sports,2694.14,23.7,13.0,3.7,No,21-30,9+ Days,False
ORD100392,CUST1691,Fashion,4769.05,58.2,5.0,2.0,Yes,41+,5-6 Days,False
ORD100393,CUST1158,Fashion,7009.85,37.1,6.0,2.5,Yes,31-40,5-6 Days,False
ORD100394,CUST1553,Beauty,3623.7,57.9,4.0,3.6,No,41+,3-4 Days,False
ORD100395,CUST1929,Fashion,5885.11,38.2,4.0,2.6,No,31-40,3-4 Days,False
ORD100396,CUST1050,Sports,6020.22,40.4,6.0,4.7,No,41+,5-6 Days,False
ORD100397,CUST1959,Sports,2022.03,54.6,4.0,3.2,No,41+,3-4 Days,False
ORD100398,CUST1935,Fashion,3934.25,30.7,9.0,3.6,Yes,31-40,9+ Days,False
ORD100399,CUST1796,Beauty,2548.53,22.2,7.0,5.0,Yes,21-30,7-8 Days,False
ORD100400,CUST1402,Beauty,5242.24,40.5,5.0,4.6,No,41+,5-6 Days,False
ORD100401,CUST1586,Electronics,18419.74,46.8,3.0,4.1,No,41+,3-4 Days,False
ORD100402,CUST1699,Sports,14524.3,17.8,9.0,4.0,Yes,11-20,9+ Days,False
ORD100403,CUST1756,Home & Kitchen,23986.94,14.2,8.0,3.2,No,11-20,7-8 Days,False
ORD100404,CUST1896,Beauty,1711.5,27.1,4.0,4.4,No,21-30,3-4 Days,False
ORD100405,CUST1066,Fashion,3110.39,37.5,4.0,4.0,No,31-40,3-4 Days,False
ORD100406,CUST1235,Sports,13506.45,37.0,9.0,3.7,Yes,31-40,9+ Days,False
ORD100407,CUST1626,Fashion,7749.67,3.6,6.0,4.3,No,0-10,5-6 Days,False
ORD100408,CUST1939,Electronics,29389.15,53.7,7.0,4.3,No,41+,7-8 Days,False
ORD100409,CUST1718,Sports,5290.26,15.4,10.0,3.0,No,11-20,9+ Days,False
ORD100410,CUST1269,Electronics,33935.17,21.0,5.0,4.5,No,21-30,5-6 Days,False
ORD100411,CUST1257,Fashion,5658.27,11.5,6.0,3.7,No,11-20,5-6 Days,False
ORD100412,CUST1416,Sports,4610.69,65.5,7.0,3.9,No,41+,7-8 Days,False
ORD100413,CUST1089,Sports,11231.57,28.6,8.0,2.7,No,21-30,7-8 Days,False
ORD100414,CUST1522,Home & Kitchen,2050.11,12.2,4.0,2.8,No,11-20,3-4 Days,False
ORD100415,CUST1911,Home & Kitchen,1992.93,38.0,5.0,2.6,No,31-40,5-6 Days,False
ORD100416,CUST1499,Fashion,3397.16,36.5,5.0,5.0,No,31-40,5-6 Days,False
ORD100417,CUST1383,Fashion,3151.05,22.2,2.0,5.0,No,21-30,0-2 Days,False
ORD100418,CUST1477,Fashion,2867.25,37.6,6.0,2.4,Yes,31-40,5-6 Days,False
ORD100419,CUST1401,Home & Kitchen,12682.68,12.6,5.0,2.6,No,11-20,5-6 Days,False
ORD100420,CUST1703,Beauty,2128.18,17.6,2.0,3.4,No,11-20,0-2 Days,False
ORD100421,CUST1234,Beauty,1395.87,0.0,4.0,4.7,No,0-10,3-4 Days,False
ORD100422,CUST1566,Beauty,2063.98,5.1,8.0,4.3,Yes,0-10,7-8 Days,False
ORD100423,CUST2000,Electronics,58619.74,52.1,1.0,5.0,No,41+,0-2 Days,True
ORD100424,CUST1663,Fashion,3583.35,49.6,10.0,3.6,No,41+,9+ Days,False
ORD100425,CUST1839,Electronics,29459.2,26.0,6.0,3.2,No,21-30,5-6 Days,False
ORD100426,CUST1306,Home & Kitchen,14752.39,49.9,5.0,3.8,No,41+,5-6 Days,False
ORD100427,CUST1059,Fashion,7875.06,22.6,1.0,3.7,No,21-30,0-2 Days,False
ORD100428,CUST1932,Sports,4154.9,21.3,7.0,3.8,No,21-30,7-8 Days,False
ORD100429,CUST1262,Fashion,5609.62,25.8,7.0,3.9,No,21-30,7-8 Days,False
ORD100430,CUST1450,Electronics,44379.16,23.1,3.0,5.0,Yes,21-30,3-4 Days,True
ORD100431,CUST1877,Electronics,38402.84,21.8,4.0,3.9,No,21-30,3-4 Days,True
ORD100432,CUST1032,Beauty,804.9,42.2,6.0,2.9,No,41+,5-6 Days,False
ORD100433,CUST1821,Home & Kitchen,17180.31,27.3,8.0,3.6,No,21-30,7-8 Days,False
ORD100434,CUST1876,Electronics,8525.21,35.7,6.0,4.4,No,31-40,5-6 Days,False
ORD100435,CUST1069,Electronics,37787.85,40.5,6.0,4.3,No,41+,5-6 Days,True
ORD100436,CUST1083,Beauty,4515.61,30.8,7.0,4.2,No,31-40,7-8 Days,False
ORD100437,CUST1770,Electronics,16603.34,10.4,4.0,2.4,No,11-20,3-4 Days,False
ORD100438,CUST1811,Beauty,5097.25,4.7,6.0,2.6,Yes,0-10,5-6 Days,False
ORD100439,CUST1471,Beauty,473.02,27.2,5.0,3.7,No,21-30,5-6 Days,False
ORD100440,CUST1552,Electronics,51409.71,22.4,4.0,4.2,Yes,21-30,3-4 Days,True
ORD100441,CUST1964,Electronics,30318.1,26.3,8.0,3.1,No,21-30,7-8 Days,False
ORD100442,CUST1004,Sports,3811.51,24.8,5.0,5.0,No,21-30,5-6 Days,False
ORD100443,CUST1587,Fashion,1503.34,63.8,8.0,4.2,Yes,41+,7-8 Days,False
ORD100444,CUST1174,Fashion,7649.8,5.0,7.0,3.4,No,0-10,7-8 Days,False
ORD100445,CUST1105,Beauty,714.19,0.0,5.0,5.0,Yes,0-10,5-6 Days,False
ORD100446,CUST1148,Sports,3547.04,30.0,5.0,3.4,No,21-30,5-6 Days,False
ORD100447,CUST1122,Sports,5673.86,19.4,4.0,3.5,No,11-20,3-4 Days,False
ORD100448,CUST1014,Beauty,3835.34,29.7,6.0,3.5,No,21-30,5-6 Days,False
ORD100449,CUST1508,Fashion,4586.01,33.8,5.0,3.8,No,31-40,5-6 Days,False
ORD100450,CUST1867,Electronics,11910.39,44.3,11.0,2.9,No,41+,9+ Days,False
ORD100451,CUST1507,Beauty,1951.45,2.4,9.0,4.4,No,0-10,9+ Days,False
ORD100452,CUST1877,Home & Kitchen,6577.79,16.6,3.0,4.5,Yes,11-20,3-4 Days,False
ORD100453,CUST1910,Fashion,2101.57,31.4,4.0,4.3,No,31-40,3-4 Days,False
ORD100454,CUST1689,Sports,6579.36,36.6,8.0,3.4,No,31-40,7-8 Days,False
ORD100455,CUST1387,Electronics,43721.73,57.9,5.0,3.4,No,41+,5-6 Days,True
ORD100456,CUST1975,Fashion,2130.9,39.3,7.0,4.3,No,31-40,7-8 Days,False
ORD100457,CUST1533,Electronics,25167.34,24.1,5.0,4.0,No,21-30,5-6 Days,False
ORD100458,CUST1317,Fashion,3431.88,11.6,6.0,3.2,No,11-20,5-6 Days,False
ORD100459,CUST1770,Electronics,58705.11,16.5,6.0,2.2,No,11-20,5-6 Days,True
ORD100460,CUST1149,Electronics,57506.65,16.1,10.0,3.5,No,11-20,9+ Days,True
ORD100461,CUST1505,Electronics,49007.57,34.8,5.0,4.2,No,31-40,5-6 Days,True
ORD100462,CUST1778,Home & Kitchen,6648.15,28.9,2.0,4.2,Yes,21-30,0-2 Days,False
ORD100463,CUST1859,Beauty,687.81,5.1,5.0,2.6,No,0-10,5-6 Days,False
ORD100464,CUST1630,Home & Kitchen,8469.08,18.5,7.0,4.5,No,11-20,7-8 Days,False
ORD100465,CUST1495,Sports,4515.16,38.2,4.0,5.0,No,31-40,3-4 Days,False
ORD100466,CUST1915,Fashion,4294.44,30.3,5.0,3.5,No,31-40,5-6 Days,False
ORD100467,CUST1437,Fashion,6332.96,33.5,11.0,3.6,No,31-40,9+ Days,False
ORD100468,CUST1844,Sports,12974.02,30.7,10.0,3.4,No,31-40,9+ Days,False
ORD100469,CUST1433,Fashion,6836.48,49.4,7.0,3.5,No,41+,7-8 Days,False
ORD100470,CUST1592,Sports,5843.36,28.5,8.0,4.8,No,21-30,7-8 Days,False
ORD100471,CUST1264,Electronics,42797.89,19.2,1.0,3.2,Yes,11-20,0-2 Days,True
ORD100472,CUST1697,Sports,5173.53,11.3,7.0,4.0,Yes,11-20,7-8 Days,False
ORD100473,CUST1101,Electronics,8349.8,28.7,3.0,3.6,Yes,21-30,3-4 Days,False
ORD100474,CUST1601,Sports,10732.38,0.0,4.0,4.0,No,0-10,3-4 Days,False
ORD100475,CUST1408,Home & Kitchen,1037.83,22.2,14.0,3.6,No,21-30,9+ Days,False
ORD100476,CUST1559,Sports,6551.31,21.9,6.0,4.5,Yes,21-30,5-6 Days,False
ORD100477,CUST2000,Electronics,23115.86,4.5,3.0,4.6,Yes,0-10,3-4 Days,False
ORD100478,CUST1082,Home & Kitchen,17579.74,11.1,7.0,4.1,No,11-20,7-8 Days,False
ORD100479,CUST1405,Sports,11657.31,37.1,7.0,3.6,No,31-40,7-8 Days,False
ORD100480,CUST1124,Home & Kitchen,8159.09,28.5,5.0,4.4,No,21-30,5-6 Days,False
ORD100481,CUST1264,Home & Kitchen,20441.37,26.5,9.0,3.2,Yes,21-30,9+ Days,False
ORD100482,CUST1659,Home & Kitchen,7912.79,29.6,11.0,4.1,No,21-30,9+ Days,False
ORD100483,CUST1241,Fashion,3847.45,26.4,10.0,3.4,No,21-30,9+ Days,False
ORD100484,CUST1798,Home & Kitchen,18393.85,43.6,5.0,4.0,Yes,41+,5-6 Days,False
ORD100485,CUST1091,Home & Kitchen,17568.67,26.9,4.0,3.0,No,21-30,3-4 Days,False
ORD100486,CUST1228,Sports,14819.37,3.1,7.0,4.7,Yes,0-10,7-8 Days,False
ORD100487,CUST1996,Electronics,6865.2,49.5,8.0,2.8,No,41+,7-8 Days,False
ORD100488,CUST1154,Fashion,5467.38,30.6,6.0,3.7,No,31-40,5-6 Days,False
ORD100489,CUST1916,Sports,9418.45,16.2,5.0,2.6,No,11-20,5-6 Days,False
ORD100490,CUST1372,Sports,13785.91,6.2,7.0,4.7,No,0-10,7-8 Days,False
ORD100491,CUST1361,Fashion,1672.72,30.9,6.0,5.0,No,31-40,5-6 Days,False
ORD100492,CUST1763,Home & Kitchen,18993.52,23.2,6.0,2.8,No,21-30,5-6 Days,False
ORD100493,CUST1334,Fashion,4762.01,48.6,2.0,4.1,No,41+,0-2 Days,False
ORD100494,CUST1481,Electronics,20106.62,19.8,7.0,3.6,Yes,11-20,7-8 Days,False
ORD100495,CUST1713,Fashion,4058.26,12.4,5.0,4.2,Yes,11-20,5-6 Days,False
ORD100496,CUST1215,Fashion,3003.32,38.4,5.0,5.0,Yes,31-40,5-6 Days,False
ORD100497,CUST1685,Home & Kitchen,14819.38,38.9,3.0,3.8,No,31-40,3-4 Days,False
ORD100498,CUST1576,Electronics,53895.03,27.5,6.0,3.2,No,21-30,5-6 Days,True
ORD100499,CUST1542,Sports,8841.06,35.1,5.0,3.2,No,31-40,5-6 Days,False
ORD100500,CUST1949,Sports,9733.63,24.4,10.0,3.5,Yes,21-30,9+ Days,False
ORD100501,CUST1178,Home & Kitchen,13353.7,28.5,5.0,3.2,No,21-30,5-6 Days,False
ORD100502,CUST1446,Home & Kitchen,2038.21,42.5,1.0,4.4,No,41+,0-2 Days,False
ORD100503,CUST1170,Fashion,2246.44,34.4,12.0,4.5,Yes,31-40,9+ Days,False
ORD100504,CUST1156,Beauty,3104.41,22.5,9.0,4.8,No,21-30,9+ Days,False
ORD100505,CUST1570,Home & Kitchen,8307.69,45.3,8.0,3.5,Yes,41+,7-8 Days,False
ORD100506,CUST1031,Electronics,14997.0,0.0,7.0,4.7,No,0-10,7-8 Days,False
ORD100507,CUST1858,Sports,7909.1,55.8,4.0,5.0,No,41+,3-4 Days,False
ORD100508,CUST1612,Beauty,2140.02,0.0,6.0,2.7,No,0-10,5-6 Days,False
ORD100509,CUST1640,Sports,4390.94,15.6,7.0,3.4,No,11-20,7-8 Days,False
ORD100510,CUST1827,Beauty,2944.72,24.4,4.0,3.7,No,21-30,3-4 Days,False
ORD100511,CUST1367,Home & Kitchen,4025.48,22.8,6.0,4.5,No,21-30,5-6 Days,False
ORD100512,CUST1228,Fashion,7458.09,40.1,9.0,4.9,Yes,41+,9+ Days,False
ORD100513,CUST1116,Sports,13108.14,9.1,7.0,2.4,No,0-10,7-8 Days,False
ORD100514,CUST1459,Sports,10818.97,28.9,8.0,3.3,No,21-30,7-8 Days,False
ORD100515,CUST1524,Electronics,10841.76,16.3,5.0,4.7,No,11-20,5-6 Days,False
ORD100516,CUST1301,Electronics,47673.25,29.4,4.0,3.1,No,21-30,3-4 Days,True
ORD100517,CUST1322,Fashion,6559.68,24.0,9.0,4.4,No,21-30,9+ Days,False
ORD100518,CUST1872,Beauty,4676.26,26.4,2.0,4.3,Yes,21-30,0-2 Days,False
ORD100519,CUST1196,Sports,2329.71,16.8,6.0,4.4,No,11-20,5-6 Days,False
ORD100520,CUST1416,Electronics,40414.94,17.3,7.0,4.4,No,11-20,7-8 Days,True
ORD100521,CUST1425,Home & Kitchen,20990.66,29.3,6.0,3.5,No,21-30,5-6 Days,False
ORD100522,CUST1866,Fashion,4830.15,39.2,6.0,3.6,No,31-40,5-6 Days,False
ORD100523,CUST1183,Sports,9943.63,16.0,6.0,3.5,No,11-20,5-6 Days,False
ORD100524,CUST1837,Beauty,2912.67,12.0,6.0,4.0,No,11-20,5-6 Days,False
ORD100525,CUST1517,Beauty,3313.63,34.2,7.0,2.1,No,31-40,7-8 Days,False
ORD100526,CUST1319,Fashion,757.83,24.5,6.0,4.2,No,21-30,5-6 Days,False
ORD100527,CUST1260,Fashion,5292.22,37.5,6.0,5.0,No,31-40,5-6 Days,False
ORD100528,CUST1371,Fashion,1110.85,11.4,9.0,4.0,No,11-20,9+ Days,False
ORD100529,CUST1297,Electronics,28925.8,0.0,4.0,3.7,No,0-10,3-4 Days,False
ORD100530,CUST1652,Sports,4884.97,17.0,6.0,3.9,Yes,11-20,5-6 Days,False
ORD100531,CUST1995,Beauty,3408.94,13.5,4.0,4.2,No,11-20,3-4 Days,False
ORD100532,CUST1933,Sports,2607.85,23.8,4.0,4.7,No,21-30,3-4 Days,False
ORD100533,CUST1354,Sports,10590.5,15.4,8.0,3.7,No,11-20,7-8 Days,False
ORD100534,CUST1055,Home & Kitchen,20039.28,36.1,5.0,3.7,No,31-40,5-6 Days,False
ORD100535,CUST1301,Beauty,1231.12,20.7,5.0,2.7,No,21-30,5-6 Days,False
ORD100536,CUST1668,Sports,2191.68,27.3,3.0,3.8,No,21-30,3-4 Days,False
ORD100537,CUST1315,Beauty,1129.44,27.4,7.0,2.8,No,21-30,7-8 Days,False
ORD100538,CUST1903,Fashion,7078.46,27.9,4.0,3.4,No,21-30,3-4 Days,False
ORD100539,CUST1700,Fashion,4461.42,24.6,8.0,4.5,No,21-30,7-8 Days,False
ORD100540,CUST1256,Electronics,30699.35,32.7,8.0,4.6,No,31-40,7-8 Days,False
ORD100541,CUST1181,Sports,2225.98,13.1,9.0,4.2,No,11-20,9+ Days,False
ORD100542,CUST1680,Home & Kitchen,16519.26,46.0,7.0,4.8,No,41+,7-8 Days,False
ORD100543,CUST1633,Fashion,7010.0,21.5,8.0,2.5,No,21-30,7-8 Days,False
ORD100544,CUST1381,Home & Kitchen,20842.1,5.3,5.0,5.0,Yes,0-10,5-6 Days,False
ORD100545,CUST1308,Home & Kitchen,15950.52,27.8,8.0,3.1,No,21-30,7-8 Days,False
ORD100546,CUST1523,Fashion,1064.59,12.2,3.0,4.0,No,11-20,3-4 Days,False
ORD100547,CUST1352,Electronics,11181.84,35.0,6.0,3.3,No,31-40,5-6 Days,False
ORD100548,CUST1690,Home & Kitchen,1993.28,58.1,4.0,4.0,No,41+,3-4 Days,False
ORD100549,CUST1818,Home & Kitchen,7031.0,13.2,8.0,3.8,Yes,11-20,7-8 Days,False
ORD100550,CUST1864,Beauty,1073.27,30.0,6.0,4.7,No,21-30,5-6 Days,False
ORD100551,CUST1123,Home & Kitchen,7093.16,0.0,8.0,5.0,No,0-10,7-8 Days,False
ORD100552,CUST1479,Sports,6206.33,31.8,10.0,4.5,No,31-40,9+ Days,False
ORD100553,CUST1560,Home & Kitchen,23620.18,11.7,7.0,3.7,No,11-20,7-8 Days,False
ORD100554,CUST1468,Home & Kitchen,15571.1,15.6,6.0,5.0,No,11-20,5-6 Days,False
ORD100555,CUST1182,Sports,12640.13,8.5,8.0,2.4,No,0-10,7-8 Days,False
ORD100556,CUST1390,Fashion,5827.64,36.0,2.0,3.3,No,31-40,0-2 Days,False
ORD100557,CUST1306,Electronics,11187.67,40.1,4.0,3.6,No,41+,3-4 Days,False
ORD100558,CUST1753,Electronics,45475.62,25.4,4.0,3.6,No,21-30,3-4 Days,True
ORD100559,CUST1256,Beauty,1868.06,12.0,12.0,3.2,No,11-20,9+ Days,False
ORD100560,CUST1338,Home & Kitchen,16266.41,48.8,5.0,4.4,Yes,41+,5-6 Days,False
ORD100561,CUST1504,Beauty,2243.48,13.7,3.0,3.8,No,11-20,3-4 Days,False
ORD100562,CUST1213,Electronics,59871.97,0.0,6.0,3.7,No,0-10,5-6 Days,True
ORD100563,CUST1899,Electronics,19495.33,31.9,8.0,4.9,No,31-40,7-8 Days,False
ORD100564,CUST1297,Electronics,20352.18,8.4,3.0,3.4,Yes,0-10,3-4 Days,False
ORD100565,CUST1220,Fashion,7480.04,39.8,6.0,4.6,No,31-40,5-6 Days,False
ORD100566,CUST1540,Home & Kitchen,1396.39,19.3,3.0,3.6,No,11-20,3-4 Days,False
ORD100567,CUST1928,Fashion,5725.17,34.1,2.0,3.6,No,31-40,0-2 Days,False
ORD100568,CUST1423,Fashion,5939.95,46.0,7.0,3.2,No,41+,7-8 Days,False
ORD100569,CUST1728,Sports,12660.21,6.9,5.0,2.6,No,0-10,5-6 Days,False
ORD100570,CUST1758,Fashion,7808.29,16.5,8.0,3.3,No,11-20,7-8 Days,False
ORD100571,CUST1199,Home & Kitchen,24409.57,23.9,8.0,2.4,No,21-30,7-8 Days,False
ORD100572,CUST1191,Beauty,672.08,48.1,7.0,4.0,No,41+,7-8 Days,False
ORD100573,CUST1915,Fashion,6663.79,15.1,7.0,3.5,No,11-20,7-8 Days,False
ORD100574,CUST1129,Home & Kitchen,16440.7,16.1,7.0,4.7,No,11-20,7-8 Days,False
ORD100575,CUST1161,Sports,9956.99,32.2,8.0,3.2,No,31-40,7-8 Days,False
ORD100576,CUST1033,Sports,2535.4,16.3,5.0,3.6,No,11-20,5-6 Days,False
ORD100577,CUST1011,Electronics,40760.29,27.3,10.0,4.8,No,21-30,9+ Days,True
ORD100578,CUST1507,Sports,14749.5,1.7,5.0,4.5,No,0-10,5-6 Days,False
ORD100579,CUST1444,Fashion,7338.64,58.2,7.0,3.9,No,41+,7-8 Days,False
ORD100580,CUST1215,Fashion,3793.48,4.8,8.0,3.0,No,0-10,7-8 Days,False
ORD100581,CUST1754,Fashion,799.61,20.2,5.0,4.3,No,21-30,5-6 Days,False
ORD100582,CUST1493,Sports,5880.8,24.5,7.0,3.6,No,21-30,7-8 Days,False
ORD100583,CUST1796,Fashion,6697.93,53.7,3.0,3.4,No,41+,3-4 Days,False
ORD100584,CUST1758,Fashion,5761.24,5.1,7.0,4.9,No,0-10,7-8 Days,False
ORD100585,CUST1190,Home & Kitchen,11916.12,54.8,5.0,5.0,No,41+,5-6 Days,False
ORD100586,CUST1815,Fashion,913.26,36.4,4.0,3.1,No,31-40,3-4 Days,False
ORD100587,CUST1401,Electronics,28479.21,31.3,4.0,5.0,No,31-40,3-4 Days,False
ORD100588,CUST1842,Electronics,30796.37,10.2,6.0,3.7,No,11-20,5-6 Days,False
ORD100589,CUST1584,Electronics,56070.55,33.6,4.0,4.4,Yes,31-40,3-4 Days,True
ORD100590,CUST1245,Electronics,40259.74,14.1,5.0,5.0,No,11-20,5-6 Days,True
ORD100591,CUST1393,Electronics,22140.91,44.0,4.0,3.7,No,41+,3-4 Days,False
ORD100592,CUST1083,Home & Kitchen,13512.7,10.4,7.0,4.0,No,11-20,7-8 Days,False
ORD100593,CUST1114,Electronics,8633.04,23.3,10.0,4.4,No,21-30,9+ Days,False
ORD100594,CUST1776,Fashion,7794.26,16.7,6.0,5.0,No,11-20,5-6 Days,False
ORD100595,CUST1955,Sports,5848.86,10.2,7.0,3.8,No,11-20,7-8 Days,False
ORD100596,CUST1069,Fashion,4084.01,36.1,5.0,4.4,No,31-40,5-6 Days,False
ORD100597,CUST1334,Home & Kitchen,9397.87,33.0,4.0,3.2,Yes,31-40,3-4 Days,False
ORD100598,CUST1813,Electronics,42538.15,43.1,10.0,2.6,No,41+,9+ Days,True
ORD100599,CUST1161,Electronics,41422.77,0.0,4.0,3.3,No,0-10,3-4 Days,True
ORD100600,CUST1107,Electronics,44342.73,41.0,10.0,3.3,No,41+,9+ Days,True
ORD100601,CUST1806,Electronics,19747.88,62.6,5.0,4.6,Yes,41+,5-6 Days,False
ORD100602,CUST1447,Fashion,2867.51,18.2,9.0,3.7,Yes,11-20,9+ Days,False
ORD100603,CUST1140,Electronics,11888.82,53.4,4.0,3.3,No,41+,3-4 Days,False
ORD100604,CUST1835,Electronics,41053.05,21.1,4.0,3.1,No,21-30,3-4 Days,True
ORD100605,CUST1360,Electronics,7188.84,4.4,6.0,3.5,No,0-10,5-6 Days,False
ORD100606,CUST1925,Fashion,4982.62,20.4,9.0,4.5,No,21-30,9+ Days,False
ORD100607,CUST1150,Electronics,52833.27,40.7,4.0,3.1,Yes,41+,3-4 Days,True
ORD100608,CUST1930,Fashion,7181.24,12.4,5.0,3.7,No,11-20,5-6 Days,False
ORD100609,CUST1838,Home & Kitchen,11666.71,16.0,9.0,3.5,No,11-20,9+ Days,False
ORD100610,CUST1099,Home & Kitchen,11915.15,33.9,4.0,4.1,No,31-40,3-4 Days,False
ORD100611,CUST1167,Electronics,9233.31,25.0,4.0,5.0,Yes,21-30,3-4 Days,False
ORD100612,CUST1656,Beauty,4123.36,33.8,3.0,3.3,No,31-40,3-4 Days,False
ORD100613,CUST1671,Home & Kitchen,20674.48,28.6,8.0,4.1,Yes,21-30,7-8 Days,False
ORD100614,CUST1945,Electronics,18456.03,32.2,3.0,3.8,No,31-40,3-4 Days,False
ORD100615,CUST1812,Sports,6724.6,18.5,7.0,3.4,No,11-20,7-8 Days,False
ORD100616,CUST1463,Sports,12695.4,28.5,6.0,3.8,No,21-30,5-6 Days,False
ORD100617,CUST1814,Electronics,53241.63,11.1,7.0,5.0,No,11-20,7-8 Days,True
ORD100618,CUST1897,Fashion,2323.85,44.3,3.0,3.7,No,41+,3-4 Days,False
ORD100619,CUST1890,Beauty,3438.25,15.5,11.0,3.7,No,11-20,9+ Days,False
ORD100620,CUST1556,Beauty,1397.21,41.9,4.0,3.5,No,41+,3-4 Days,False
ORD100621,CUST1852,Electronics,10603.33,21.5,7.0,4.1,Yes,21-30,7-8 Days,False
ORD100622,CUST1599,Electronics,55111.63,28.0,6.0,3.0,Yes,21-30,5-6 Days,True
ORD100623,CUST1084,Fashion,6653.81,17.6,8.0,3.9,No,11-20,7-8 Days,False
ORD100624,CUST1608,Fashion,6200.26,9.8,7.0,4.2,No,0-10,7-8 Days,False
ORD100625,CUST1302,Home & Kitchen,1980.14,0.0,8.0,3.1,No,0-10,7-8 Days,False
ORD100626,CUST1240,Fashion,6827.97,9.2,5.0,5.0,No,0-10,5-6 Days,False
ORD100627,CUST1217,Fashion,3785.33,20.1,8.0,5.0,No,21-30,7-8 Days,False
ORD100628,CUST1751,Beauty,2251.65,28.2,3.0,5.0,No,21-30,3-4 Days,False
ORD100629,CUST1584,Electronics,35056.2,40.2,7.0,4.3,No,41+,7-8 Days,True
ORD100630,CUST1181,Fashion,1185.15,18.3,8.0,4.1,Yes,11-20,7-8 Days,False
ORD100631,CUST1417,Beauty,4612.89,11.8,6.0,3.7,No,11-20,5-6 Days,False
ORD100632,CUST1685,Sports,9028.82,3.4,5.0,3.9,No,0-10,5-6 Days,False
ORD100633,CUST1192,Home & Kitchen,5315.48,32.2,6.0,4.5,Yes,31-40,5-6 Days,False
ORD100634,CUST1094,Home & Kitchen,5355.22,45.7,3.0,3.8,Yes,41+,3-4 Days,False
ORD100635,CUST1899,Electronics,15133.68,44.0,9.0,3.7,No,41+,9+ Days,False
ORD100636,CUST1664,Fashion,927.52,35.6,6.0,4.2,No,31-40,5-6 Days,False
ORD100637,CUST1972,Home & Kitchen,15024.72,34.6,7.0,3.3,Yes,31-40,7-8 Days,False
ORD100638,CUST1671,Fashion,6802.61,50.5,6.0,5.0,Yes,41+,5-6 Days,False
ORD100639,CUST1327,Fashion,631.24,30.0,7.0,3.8,No,21-30,7-8 Days,False
ORD100640,CUST1808,Fashion,867.53,34.7,9.0,4.4,Yes,31-40,9+ Days,False
ORD100641,CUST1465,Electronics,36502.37,20.2,8.0,3.2,Yes,21-30,7-8 Days,True
ORD100642,CUST1434,Fashion,6646.22,4.6,1.0,3.8,No,0-10,0-2 Days,False
ORD100643,CUST1330,Electronics,22970.64,14.7,5.0,3.5,No,11-20,5-6 Days,False
ORD100644,CUST1527,Fashion,3122.11,24.9,8.0,3.5,No,21-30,7-8 Days,False
ORD100645,CUST1119,Electronics,37799.06,25.9,8.0,2.9,Yes,21-30,7-8 Days,True
ORD100646,CUST1021,Sports,4621.24,53.9,3.0,4.6,No,41+,3-4 Days,False
ORD100647,CUST1021,Home & Kitchen,1443.92,26.2,4.0,4.2,No,21-30,3-4 Days,False
ORD100648,CUST1316,Home & Kitchen,18592.53,42.7,10.0,2.7,No,41+,9+ Days,False
ORD100649,CUST1221,Beauty,3866.2,18.5,8.0,3.6,Yes,11-20,7-8 Days,False
ORD100650,CUST1618,Fashion,4855.67,20.3,9.0,3.6,No,21-30,9+ Days,False
ORD100651,CUST1745,Electronics,45792.63,5.1,5.0,4.1,No,0-10,5-6 Days,True
ORD100652,CUST1065,Home & Kitchen,17140.59,13.9,3.0,3.7,No,11-20,3-4 Days,False
ORD100653,CUST1149,Home & Kitchen,5782.34,32.9,7.0,4.7,Yes,31-40,7-8 Days,False
ORD100654,CUST1183,Beauty,2309.14,25.1,3.0,4.6,No,21-30,3-4 Days,False
ORD100655,CUST1581,Fashion,1445.83,39.1,5.0,5.0,No,31-40,5-6 Days,False
ORD100656,CUST1719,Electronics,12142.14,27.7,10.0,2.0,Yes,21-30,9+ Days,False
ORD100657,CUST1622,Fashion,5571.47,19.7,5.0,4.9,No,11-20,5-6 Days,False
ORD100658,CUST1282,Fashion,6939.5,57.2,4.0,4.4,No,41+,3-4 Days,False
ORD100659,CUST1331,Home & Kitchen,24098.13,23.6,5.0,3.7,No,21-30,5-6 Days,False
ORD100660,CUST1055,Home & Kitchen,16006.0,42.4,3.0,3.8,No,41+,3-4 Days,False
ORD100661,CUST1113,Fashion,1880.76,19.0,8.0,3.7,No,11-20,7-8 Days,False
ORD100662,CUST1213,Sports,2210.8,35.6,8.0,4.0,No,31-40,7-8 Days,False
ORD100663,CUST1046,Home & Kitchen,20470.99,38.9,3.0,3.4,No,31-40,3-4 Days,False
ORD100664,CUST1446,Fashion,4840.67,28.1,5.0,2.5,No,21-30,5-6 Days,False
ORD100665,CUST1070,Electronics,39005.68,0.0,5.0,3.4,Yes,0-10,5-6 Days,True
ORD100666,CUST1182,Electronics,47980.41,25.3,6.0,3.6,No,21-30,5-6 Days,True
ORD100667,CUST1900,Fashion,5774.58,43.5,7.0,4.3,No,41+,7-8 Days,False
ORD100668,CUST1173,Electronics,50895.2,32.9,7.0,2.8,No,31-40,7-8 Days,True
ORD100669,CUST1981,Electronics,8091.76,31.7,9.0,4.3,Yes,31-40,9+ Days,False
ORD100670,CUST1504,Fashion,6106.4,0.0,5.0,2.8,No,0-10,5-6 Days,False
ORD100671,CUST1310,Electronics,51796.9,14.2,2.0,4.1,Yes,11-20,0-2 Days,True
ORD100672,CUST1209,Sports,4791.73,31.2,5.0,4.2,No,31-40,5-6 Days,False
ORD100673,CUST1949,Electronics,40224.6,31.2,7.0,3.7,No,31-40,7-8 Days,True
ORD100674,CUST1223,Home & Kitchen,8402.72,43.2,4.0,3.8,No,41+,3-4 Days,False
ORD100675,CUST1940,Fashion,7684.78,22.8,5.0,4.4,Yes,21-30,5-6 Days,False
ORD100676,CUST1343,Sports,1177.96,31.1,2.0,3.3,No,31-40,0-2 Days,False
ORD100677,CUST1608,Electronics,36888.61,25.2,8.0,4.0,No,21-30,7-8 Days,True
ORD100678,CUST1120,Fashion,1748.78,10.2,3.0,3.5,No,11-20,3-4 Days,False
ORD100679,CUST1548,Sports,10884.75,0.0,10.0,5.0,Yes,0-10,9+ Days,False
ORD100680,CUST1034,Sports,3215.23,31.5,7.0,4.2,No,31-40,7-8 Days,False
ORD100681,CUST1948,Beauty,1641.68,27.6,6.0,3.0,No,21-30,5-6 Days,False
ORD100682,CUST1390,Fashion,4207.78,15.7,11.0,5.0,Yes,11-20,9+ Days,False
ORD100683,CUST1934,Electronics,55315.92,0.7,8.0,4.6,No,0-10,7-8 Days,True
ORD100684,CUST1854,Home & Kitchen,5923.49,34.4,6.0,2.8,No,31-40,5-6 Days,False
ORD100685,CUST1289,Sports,2762.63,21.0,5.0,2.6,No,21-30,5-6 Days,False
ORD100686,CUST1971,Home & Kitchen,19167.24,33.4,12.0,2.8,Yes,31-40,9+ Days,False
ORD100687,CUST1567,Home & Kitchen,12914.99,53.0,5.0,3.0,Yes,41+,5-6 Days,False
ORD100688,CUST1535,Fashion,7338.39,0.0,4.0,3.9,No,0-10,3-4 Days,False
ORD100689,CUST1893,Beauty,1135.7,14.5,2.0,3.9,No,11-20,0-2 Days,False
ORD100690,CUST1765,Electronics,40526.03,21.9,8.0,4.4,No,21-30,7-8 Days,True
ORD100691,CUST1556,Fashion,2246.59,46.8,6.0,3.6,Yes,41+,5-6 Days,False
ORD100692,CUST1100,Fashion,1675.7,0.5,8.0,3.6,No,0-10,7-8 Days,False
ORD100693,CUST1028,Home & Kitchen,17338.99,54.0,6.0,3.9,No,41+,5-6 Days,False
ORD100694,CUST1576,Fashion,4952.63,27.0,3.0,4.7,Yes,21-30,3-4 Days,False
ORD100695,CUST1816,Electronics,46515.51,23.6,6.0,2.3,No,21-30,5-6 Days,True
ORD100696,CUST1315,Home & Kitchen,8288.99,22.0,10.0,3.6,Yes,21-30,9+ Days,False
ORD100697,CUST1979,Fashion,3859.79,18.5,12.0,4.9,No,11-20,9+ Days,False
ORD100698,CUST1827,Home & Kitchen,10612.41,40.7,7.0,3.9,No,41+,7-8 Days,False
ORD100699,CUST1811,Electronics,59124.92,9.0,7.0,3.6,No,0-10,7-8 Days,True
ORD100700,CUST1683,Fashion,2691.87,30.2,4.0,3.1,No,31-40,3-4 Days,False
ORD100701,CUST1973,Home & Kitchen,7934.58,19.2,9.0,4.5,Yes,11-20,9+ Days,False
ORD100702,CUST1653,Electronics,24500.15,13.6,4.0,3.4,Yes,11-20,3-4 Days,False
ORD100703,CUST1584,Fashion,4734.46,63.8,9.0,3.4,Yes,41+,9+ Days,False
ORD100704,CUST1555,Electronics,18877.75,31.3,8.0,4.9,No,31-40,7-8 Days,False
ORD100705,CUST1240,Electronics,55340.95,34.2,7.0,3.0,No,31-40,7-8 Days,True
ORD100706,CUST1781,Sports,4499.3,42.1,7.0,5.0,No,41+,7-8 Days,False
ORD100707,CUST1504,Fashion,7218.62,3.7,4.0,3.9,No,0-10,3-4 Days,False
ORD100708,CUST1419,Beauty,889.81,51.3,8.0,3.8,No,41+,7-8 Days,False
ORD100709,CUST1731,Fashion,5424.22,0.0,5.0,4.0,Yes,0-10,5-6 Days,False
ORD100710,CUST1651,Home & Kitchen,22749.05,13.5,5.0,3.8,No,11-20,5-6 Days,False
ORD100711,CUST1405,Beauty,1261.87,18.1,11.0,3.4,Yes,11-20,9+ Days,False
ORD100712,CUST1712,Home & Kitchen,24233.51,33.7,7.0,4.1,No,31-40,7-8 Days,False
ORD100713,CUST1874,Fashion,3896.63,28.3,3.0,3.4,No,21-30,3-4 Days,False
ORD100714,CUST1154,Fashion,7592.86,22.5,5.0,4.1,Yes,21-30,5-6 Days,False
ORD100715,CUST1350,Fashion,5576.15,24.8,4.0,5.0,No,21-30,3-4 Days,False
ORD100716,CUST1214,Sports,5012.69,10.3,10.0,4.3,No,11-20,9+ Days,False
ORD100717,CUST1562,Beauty,1373.32,2.5,7.0,3.6,No,0-10,7-8 Days,False
ORD100718,CUST1049,Sports,5043.41,35.9,4.0,4.0,No,31-40,3-4 Days,False
ORD100719,CUST1359,Electronics,10115.96,35.4,8.0,3.5,No,31-40,7-8 Days,False
ORD100720,CUST1498,Beauty,1120.05,48.8,6.0,3.7,Yes,41+,5-6 Days,False
ORD100721,CUST1970,Sports,2196.64,13.1,8.0,3.7,No,11-20,7-8 Days,False
ORD100722,CUST1858,Electronics,28261.89,35.4,8.0,4.2,Yes,31-40,7-8 Days,False
ORD100723,CUST1756,Electronics,48756.81,20.7,3.0,4.5,No,21-30,3-4 Days,True
ORD100724,CUST1347,Beauty,1105.89,42.9,8.0,5.0,No,41+,7-8 Days,False
ORD100725,CUST1342,Home & Kitchen,3953.75,40.3,4.0,4.3,No,41+,3-4 Days,False
ORD100726,CUST1781,Beauty,3967.55,28.2,8.0,2.9,No,21-30,7-8 Days,False
ORD100727,CUST1423,Electronics,15845.06,19.9,6.0,2.8,No,11-20,5-6 Days,False
ORD100728,CUST1439,Beauty,856.38,39.4,9.0,3.7,No,31-40,9+ Days,False
ORD100729,CUST1775,Electronics,14176.67,34.7,4.0,4.6,No,31-40,3-4 Days,False
ORD100730,CUST1244,Electronics,55805.23,14.7,8.0,3.6,Yes,11-20,7-8 Days,True
ORD100731,CUST1683,Electronics,50180.92,5.1,5.0,3.6,No,0-10,5-6 Days,True
ORD100732,CUST1554,Beauty,2318.17,20.7,4.0,4.5,Yes,21-30,3-4 Days,False
ORD100733,CUST1954,Home & Kitchen,16670.86,47.7,4.0,3.8,No,41+,3-4 Days,False
ORD100734,CUST1908,Home & Kitchen,13802.07,42.2,3.0,4.6,Yes,41+,3-4 Days,False
ORD100735,CUST1525,Fashion,5578.43,8.3,10.0,2.6,No,0-10,9+ Days,False
ORD100736,CUST1780,Sports,10462.2,7.5,11.0,4.2,No,0-10,9+ Days,False
ORD100737,CUST1716,Fashion,5215.51,44.1,8.0,2.4,No,41+,7-8 Days,False
ORD100738,CUST1294,Beauty,1816.78,8.0,8.0,4.0,Yes,0-10,7-8 Days,False
ORD100739,CUST1771,Fashion,792.55,32.6,5.0,4.5,No,31-40,5-6 Days,False
ORD100740,CUST1200,Fashion,3916.75,15.8,5.0,2.5,No,11-20,5-6 Days,False
ORD100741,CUST1318,Fashion,7182.3,49.3,6.0,2.0,Yes,41+,5-6 Days,False
ORD100742,CUST1671,Fashion,4771.23,13.4,4.0,4.5,No,11-20,3-4 Days,False
ORD100743,CUST1973,Beauty,5044.63,42.2,8.0,4.2,No,41+,7-8 Days,False
ORD100744,CUST1200,Home & Kitchen,24797.31,27.8,5.0,2.9,Yes,21-30,5-6 Days,False
ORD100745,CUST1293,Fashion,1727.12,28.8,5.0,4.0,No,21-30,5-6 Days,False
ORD100746,CUST1280,Sports,10592.42,0.0,5.0,3.4,Yes,0-10,5-6 Days,False
ORD100747,CUST1092,Fashion,5557.2,0.0,9.0,3.7,No,0-10,9+ Days,False
ORD100748,CUST1580,Home & Kitchen,24514.92,21.7,6.0,3.6,No,21-30,5-6 Days,False
ORD100749,CUST1064,Sports,14794.09,28.7,4.0,2.7,No,21-30,3-4 Days,False
ORD100750,CUST1144,Home & Kitchen,17417.62,8.1,12.0,4.5,No,0-10,9+ Days,False
ORD100751,CUST1786,Electronics,18398.81,8.7,8.0,3.0,No,0-10,7-8 Days,False
ORD100752,CUST1580,Sports,12119.35,33.4,6.0,3.9,No,31-40,5-6 Days,False
ORD100753,CUST1235,Home & Kitchen,3390.11,33.4,7.0,4.3,No,31-40,7-8 Days,False
ORD100754,CUST1424,Fashion,6355.24,22.9,3.0,3.1,Yes,21-30,3-4 Days,False
ORD100755,CUST1314,Electronics,55060.79,36.7,2.0,3.6,No,31-40,0-2 Days,True
ORD100756,CUST1993,Beauty,2482.15,7.4,4.0,3.4,No,0-10,3-4 Days,False
ORD100757,CUST1123,Home & Kitchen,16061.37,19.7,6.0,5.0,Yes,11-20,5-6 Days,False
ORD100758,CUST1813,Home & Kitchen,11209.45,49.7,8.0,4.5,Yes,41+,7-8 Days,False
ORD100759,CUST1053,Sports,6960.04,26.0,4.0,4.4,No,21-30,3-4 Days,False
ORD100760,CUST1027,Beauty,2069.11,26.9,5.0,5.0,Yes,21-30,5-6 Days,False
ORD100761,CUST1374,Electronics,46917.13,59.6,3.0,4.1,Yes,41+,3-4 Days,True
ORD100762,CUST1036,Fashion,7521.32,4.0,6.0,3.5,Yes,0-10,5-6 Days,False
ORD100763,CUST1964,Fashion,7555.63,36.9,3.0,2.6,No,31-40,3-4 Days,False
ORD100764,CUST1612,Beauty,1296.25,50.0,6.0,3.2,No,41+,5-6 Days,False
ORD100765,CUST1141,Electronics,53110.9,20.1,8.0,3.9,No,21-30,7-8 Days,True
ORD100766,CUST1947,Home & Kitchen,18645.84,37.9,4.0,4.5,No,31-40,3-4 Days,False
ORD100767,CUST1688,Beauty,1741.17,10.3,7.0,3.3,No,11-20,7-8 Days,False
ORD100768,CUST1188,Sports,1662.17,14.7,4.0,5.0,No,11-20,3-4 Days,False
ORD100769,CUST1718,Fashion,2509.98,30.8,11.0,2.6,No,31-40,9+ Days,False
ORD100770,CUST1618,Beauty,5499.59,37.0,6.0,3.5,No,31-40,5-6 Days,False
ORD100771,CUST1613,Electronics,39824.83,41.8,4.0,4.1,Yes,41+,3-4 Days,True
ORD100772,CUST1623,Beauty,4410.01,48.5,8.0,3.9,No,41+,7-8 Days,False
ORD100773,CUST1454,Electronics,19143.38,24.0,4.0,4.2,No,21-30,3-4 Days,False
ORD100774,CUST1179,Fashion,5895.41,42.9,6.0,3.9,No,41+,5-6 Days,False
ORD100775,CUST1014,Beauty,460.29,19.9,5.0,4.3,No,11-20,5-6 Days,False
ORD100776,CUST1763,Electronics,25642.67,38.5,8.0,3.6,No,31-40,7-8 Days,False
ORD100777,CUST1683,Fashion,5200.65,28.1,5.0,3.6,No,21-30,5-6 Days,False
ORD100778,CUST1259,Beauty,1132.75,31.7,5.0,3.1,Yes,31-40,5-6 Days,False
ORD100779,CUST1665,Beauty,4991.12,31.4,4.0,5.0,No,31-40,3-4 Days,False
ORD100780,CUST1034,Home & Kitchen,6487.76,0.9,7.0,3.7,No,0-10,7-8 Days,False
ORD100781,CUST1710,Home & Kitchen,16585.2,8.1,11.0,4.1,No,0-10,9+ Days,False
ORD100782,CUST1952,Home & Kitchen,10605.77,26.5,4.0,3.6,No,21-30,3-4 Days,False
ORD100783,CUST1232,Fashion,4970.33,0.0,6.0,5.0,Yes,0-10,5-6 Days,False
ORD100784,CUST1193,Fashion,1305.88,37.5,5.0,3.8,No,31-40,5-6 Days,False
ORD100785,CUST1510,Electronics,5930.2,38.1,6.0,4.1,No,31-40,5-6 Days,False
ORD100786,CUST1188,Sports,13706.77,29.9,3.0,3.1,No,21-30,3-4 Days,False
ORD100787,CUST1750,Home & Kitchen,7325.05,8.2,4.0,5.0,No,0-10,3-4 Days,False
ORD100788,CUST1816,Fashion,6647.58,45.7,5.0,4.0,No,41+,5-6 Days,False
ORD100789,CUST1497,Fashion,7995.13,55.6,7.0,5.0,No,41+,7-8 Days,False
ORD100790,CUST1328,Sports,3723.47,27.2,8.0,3.3,Yes,21-30,7-8 Days,False
ORD100791,CUST1721,Electronics,19584.39,32.7,5.0,3.4,No,31-40,5-6 Days,False
ORD100792,CUST1717,Home & Kitchen,16841.21,28.0,8.0,3.4,No,21-30,7-8 Days,False
ORD100793,CUST1915,Home & Kitchen,24163.86,33.0,5.0,3.6,No,31-40,5-6 Days,False
ORD100794,CUST1105,Home & Kitchen,22962.71,23.2,6.0,4.3,Yes,21-30,5-6 Days,False
ORD100795,CUST1291,Electronics,32658.15,24.5,7.0,2.2,Yes,21-30,7-8 Days,False
ORD100796,CUST1242,Sports,12070.08,38.6,10.0,3.8,Yes,31-40,9+ Days,False
ORD100797,CUST1097,Sports,2641.17,60.2,4.0,3.2,No,41+,3-4 Days,False
ORD100798,CUST1877,Home & Kitchen,24454.0,4.0,10.0,3.1,No,0-10,9+ Days,False
ORD100799,CUST1877,Home & Kitchen,24137.35,23.4,7.0,4.2,Yes,21-30,7-8 Days,False
ORD100800,CUST1492,Sports,3041.32,7.3,3.0,4.0,No,0-10,3-4 Days,False
ORD100801,CUST1801,Beauty,2006.71,48.9,10.0,4.5,No,41+,9+ Days,False
ORD100802,CUST1938,Electronics,10508.52,16.2,5.0,4.1,No,11-20,5-6 Days,False
ORD100803,CUST1115,Home & Kitchen,7375.57,3.4,6.0,3.9,No,0-10,5-6 Days,False
ORD100804,CUST1310,Home & Kitchen,20546.13,34.6,6.0,3.4,No,31-40,5-6 Days,False
ORD100805,CUST1551,Fashion,3337.37,51.2,5.0,3.1,No,41+,5-6 Days,False
ORD100806,CUST1110,Beauty,803.86,35.0,4.0,4.3,No,31-40,3-4 Days,False
ORD100807,CUST1192,Sports,5593.83,28.1,6.0,3.6,No,21-30,5-6 Days,False
ORD100808,CUST1678,Sports,14733.78,31.1,5.0,4.1,Yes,31-40,5-6 Days,False
ORD100809,CUST1806,Fashion,5222.63,46.2,4.0,3.8,No,41+,3-4 Days,False
ORD100810,CUST1585,Electronics,27888.85,11.9,6.0,2.2,No,11-20,5-6 Days,False
ORD100811,CUST1948,Sports,3081.5,23.3,7.0,4.2,No,21-30,7-8 Days,False
ORD100812,CUST1112,Beauty,5921.21,18.2,10.0,3.3,Yes,11-20,9+ Days,False
ORD100813,CUST1869,Electronics,50146.7,7.5,4.0,4.5,No,0-10,3-4 Days,True
ORD100814,CUST1303,Sports,4725.13,20.1,6.0,2.3,Yes,21-30,5-6 Days,False
ORD100815,CUST1894,Sports,1701.98,41.6,8.0,5.0,No,41+,7-8 Days,False
ORD100816,CUST1577,Home & Kitchen,2170.34,33.5,6.0,3.3,No,31-40,5-6 Days,False
ORD100817,CUST1356,Home & Kitchen,3713.15,34.7,3.0,4.2,No,31-40,3-4 Days,False
ORD100818,CUST1810,Fashion,4855.76,27.2,6.0,3.2,Yes,21-30,5-6 Days,False
ORD100819,CUST1102,Electronics,56081.99,32.8,8.0,3.3,Yes,31-40,7-8 Days,True
ORD100820,CUST1567,Fashion,4225.58,13.0,9.0,4.3,No,11-20,9+ Days,False
ORD100821,CUST1315,Beauty,5104.79,20.4,3.0,3.6,No,21-30,3-4 Days,False
ORD100822,CUST1194,Electronics,29523.76,27.9,6.0,3.7,No,21-30,5-6 Days,False
ORD100823,CUST1074,Fashion,5814.38,29.2,7.0,4.5,No,21-30,7-8 Days,False
ORD100824,CUST1950,Fashion,5989.05,29.8,4.0,4.0,No,21-30,3-4 Days,False
ORD100825,CUST1819,Home & Kitchen,5009.92,22.9,7.0,4.2,No,21-30,7-8 Days,False
ORD100826,CUST1407,Sports,5865.39,19.3,11.0,3.3,No,11-20,9+ Days,False
ORD100827,CUST1969,Fashion,5279.77,70.0,3.0,4.3,No,41+,3-4 Days,False
ORD100828,CUST1907,Fashion,1030.22,38.6,7.0,3.9,No,31-40,7-8 Days,False
ORD100829,CUST1292,Beauty,2360.78,31.2,6.0,4.1,No,31-40,5-6 Days,False
ORD100830,CUST1184,Fashion,4511.0,21.5,4.0,4.1,No,21-30,3-4 Days,False
ORD100831,CUST1554,Fashion,7971.68,18.2,5.0,4.7,No,11-20,5-6 Days,False
ORD100832,CUST1358,Fashion,4059.0,23.0,6.0,4.2,Yes,21-30,5-6 Days,False
ORD100833,CUST1099,Electronics,49883.12,29.4,6.0,2.9,No,21-30,5-6 Days,True
ORD100834,CUST1640,Electronics,28763.7,0.0,10.0,3.3,No,0-10,9+ Days,False
ORD100835,CUST1525,Fashion,6472.93,1.5,7.0,4.0,No,0-10,7-8 Days,False
ORD100836,CUST1979,Fashion,4965.61,15.4,5.0,4.1,Yes,11-20,5-6 Days,False
ORD100837,CUST1611,Sports,13378.31,28.1,4.0,2.7,No,21-30,3-4 Days,False
ORD100838,CUST1820,Fashion,3582.07,21.4,5.0,3.0,Yes,21-30,5-6 Days,False
ORD100839,CUST1926,Home & Kitchen,15424.17,47.2,3.0,4.7,No,41+,3-4 Days,False
ORD100840,CUST1466,Home & Kitchen,16046.45,2.8,6.0,5.0,No,0-10,5-6 Days,False
ORD100841,CUST1652,Electronics,27956.06,13.7,5.0,2.5,No,11-20,5-6 Days,False
ORD100842,CUST1204,Home & Kitchen,4292.35,47.8,3.0,4.0,No,41+,3-4 Days,False
ORD100843,CUST1405,Electronics,10145.77,27.0,6.0,3.8,Yes,21-30,5-6 Days,False
ORD100844,CUST1140,Sports,938.4,38.3,12.0,4.6,Yes,31-40,9+ Days,False
ORD100845,CUST1318,Electronics,53044.38,55.8,5.0,4.2,Yes,41+,5-6 Days,True
ORD100846,CUST1376,Fashion,2273.56,14.6,7.0,4.5,No,11-20,7-8 Days,False
ORD100847,CUST1220,Electronics,16632.87,23.5,3.0,2.0,Yes,21-30,3-4 Days,False
ORD100848,CUST1349,Sports,11225.31,20.9,5.0,3.8,No,21-30,5-6 Days,False
ORD100849,CUST1423,Home & Kitchen,8544.39,0.0,10.0,3.1,No,0-10,9+ Days,False
ORD100850,CUST1233,Home & Kitchen,13046.28,20.3,3.0,3.1,No,21-30,3-4 Days,False
ORD100851,CUST1300,Electronics,13938.11,38.2,6.0,2.8,No,31-40,5-6 Days,False
ORD100852,CUST1132,Beauty,5770.55,33.1,5.0,4.0,No,31-40,5-6 Days,False
ORD100853,CUST1671,Electronics,51836.98,34.3,6.0,4.1,No,31-40,5-6 Days,True
ORD100854,CUST1920,Sports,13052.19,19.4,4.0,4.3,No,11-20,3-4 Days,False
ORD100855,CUST1426,Electronics,27372.56,15.2,5.0,3.5,Yes,11-20,5-6 Days,False
ORD100856,CUST1635,Electronics,46929.87,44.0,6.0,4.9,No,41+,5-6 Days,True
ORD100857,CUST1755,Electronics,12913.19,17.5,8.0,3.1,No,11-20,7-8 Days,False
ORD100858,CUST1945,Fashion,564.64,29.4,7.0,2.7,Yes,21-30,7-8 Days,False
ORD100859,CUST1978,Home & Kitchen,1283.34,27.5,6.0,4.0,No,21-30,5-6 Days,False
ORD100860,CUST1234,Electronics,37263.1,46.9,8.0,3.3,Yes,41+,7-8 Days,True
ORD100861,CUST1090,Beauty,2895.75,39.6,6.0,4.2,No,31-40,5-6 Days,False
ORD100862,CUST1504,Fashion,4385.12,5.6,10.0,3.3,No,0-10,9+ Days,False
ORD100863,CUST1759,Home & Kitchen,980.61,7.2,6.0,3.3,Yes,0-10,5-6 Days,False
ORD100864,CUST1660,Fashion,3670.15,33.7,6.0,3.3,Yes,31-40,5-6 Days,False
ORD100865,CUST1904,Fashion,5885.51,24.0,9.0,3.2,No,21-30,9+ Days,False
ORD100866,CUST1755,Home & Kitchen,11513.19,18.2,5.0,3.8,No,11-20,5-6 Days,False
ORD100867,CUST1417,Electronics,45272.06,40.2,3.0,4.0,No,41+,3-4 Days,True
ORD100868,CUST1452,Electronics,17816.04,27.8,6.0,3.2,No,21-30,5-6 Days,False
ORD100869,CUST1934,Sports,12327.93,25.8,4.0,2.9,No,21-30,3-4 Days,False
ORD100870,CUST1470,Sports,9114.57,36.7,3.0,4.2,Yes,31-40,3-4 Days,False
ORD100871,CUST1932,Fashion,2080.72,19.4,6.0,4.1,No,11-20,5-6 Days,False
ORD100872,CUST1048,Fashion,2275.4,48.5,9.0,4.4,No,41+,9+ Days,False
ORD100873,CUST1223,Home & Kitchen,15998.34,13.2,4.0,3.0,No,11-20,3-4 Days,False
ORD100874,CUST1648,Fashion,6724.55,34.9,5.0,3.1,No,31-40,5-6 Days,False
ORD100875,CUST1713,Electronics,27859.53,46.5,12.0,4.5,Yes,41+,9+ Days,False
ORD100876,CUST1751,Electronics,19206.52,4.3,5.0,4.5,No,0-10,5-6 Days,False
ORD100877,CUST1466,Beauty,5241.97,19.8,8.0,3.5,Yes,11-20,7-8 Days,False
ORD100878,CUST1995,Home & Kitchen,16996.29,42.1,2.0,3.0,No,41+,0-2 Days,False
ORD100879,CUST1060,Electronics,29644.7,42.4,4.0,3.2,Yes,41+,3-4 Days,False
ORD100880,CUST1280,Fashion,4159.25,22.4,3.0,3.0,No,21-30,3-4 Days,False
ORD100881,CUST1017,Fashion,2031.92,14.0,7.0,4.4,Yes,11-20,7-8 Days,False
ORD100882,CUST1321,Home & Kitchen,15968.62,39.3,4.0,4.4,Yes,31-40,3-4 Days,False
ORD100883,CUST1679,Electronics,24730.84,42.8,6.0,3.9,No,41+,5-6 Days,False
ORD100884,CUST1874,Electronics,59760.48,7.5,9.0,3.3,No,0-10,9+ Days,True
ORD100885,CUST1975,Beauty,3037.05,6.9,9.0,3.1,No,0-10,9+ Days,False
ORD100886,CUST1567,Electronics,31723.71,28.4,3.0,3.3,No,21-30,3-4 Days,False
ORD100887,CUST1077,Home & Kitchen,14493.61,34.4,7.0,3.1,No,31-40,7-8 Days,False
ORD100888,CUST1471,Fashion,7375.67,20.5,8.0,4.0,Yes,21-30,7-8 Days,False
ORD100889,CUST1989,Electronics,49045.0,35.2,4.0,4.4,No,31-40,3-4 Days,True
ORD100890,CUST1829,Fashion,3883.48,14.3,5.0,4.4,No,11-20,5-6 Days,False
ORD100891,CUST1543,Beauty,4396.59,0.0,9.0,3.1,No,0-10,9+ Days,False
ORD100892,CUST1101,Sports,9083.17,18.6,7.0,3.3,No,11-20,7-8 Days,False
ORD100893,CUST1540,Beauty,3106.49,25.9,6.0,3.4,No,21-30,5-6 Days,False
ORD100894,CUST1544,Fashion,1942.37,20.9,3.0,4.6,No,21-30,3-4 Days,False
ORD100895,CUST1263,Home & Kitchen,12027.26,7.6,7.0,2.7,No,0-10,7-8 Days,False
ORD100896,CUST1206,Electronics,18520.02,0.0,6.0,3.8,No,0-10,5-6 Days,False
ORD100897,CUST1782,Fashion,7361.32,17.3,9.0,3.1,Yes,11-20,9+ Days,False
ORD100898,CUST1480,Sports,5496.32,38.5,4.0,3.6,No,31-40,3-4 Days,False
ORD100899,CUST1073,Electronics,57374.52,43.8,6.0,4.4,No,41+,5-6 Days,True
ORD100900,CUST1438,Electronics,34318.04,42.8,5.0,3.5,Yes,41+,5-6 Days,True
ORD100901,CUST1582,Electronics,39734.94,12.8,8.0,3.2,No,11-20,7-8 Days,True
ORD100902,CUST1691,Electronics,34861.72,7.7,10.0,4.4,No,0-10,9+ Days,True
ORD100903,CUST1719,Electronics,12115.93,32.4,7.0,3.9,No,31-40,7-8 Days,False
ORD100904,CUST1542,Home & Kitchen,9894.87,34.5,14.0,4.2,Yes,31-40,9+ Days,False
ORD100905,CUST1414,Fashion,1243.6,31.0,4.0,4.0,No,31-40,3-4 Days,False
ORD100906,CUST1656,Sports,9608.24,0.0,8.0,2.8,No,0-10,7-8 Days,False
ORD100907,CUST1919,Beauty,2847.18,12.0,6.0,4.8,No,11-20,5-6 Days,False
ORD100908,CUST1671,Fashion,6334.89,24.6,7.0,3.6,No,21-30,7-8 Days,False
ORD100909,CUST1758,Fashion,2153.53,32.3,12.0,4.5,Yes,31-40,9+ Days,False
ORD100910,CUST1780,Fashion,1734.25,36.5,8.0,3.5,No,31-40,7-8 Days,False
ORD100911,CUST1213,Home & Kitchen,10633.24,27.2,5.0,4.3,No,21-30,5-6 Days,False
ORD100912,CUST1771,Fashion,7449.39,30.0,9.0,4.6,No,21-30,9+ Days,False
ORD100913,CUST1067,Home & Kitchen,17992.21,26.3,7.0,4.5,No,21-30,7-8 Days,False
ORD100914,CUST1422,Fashion,3641.93,35.3,5.0,3.9,Yes,31-40,5-6 Days,False
ORD100915,CUST1854,Home & Kitchen,13317.99,29.7,5.0,3.5,No,21-30,5-6 Days,False
ORD100916,CUST1469,Fashion,1131.6,26.0,8.0,2.7,Yes,21-30,7-8 Days,False
ORD100917,CUST1371,Fashion,7884.32,21.0,9.0,2.8,Yes,21-30,9+ Days,False
ORD100918,CUST1364,Sports,10229.62,26.2,4.0,4.7,No,21-30,3-4 Days,False
ORD100919,CUST1400,Beauty,1926.8,32.3,9.0,3.1,Yes,31-40,9+ Days,False
ORD100920,CUST1850,Electronics,37219.46,29.0,7.0,4.4,No,21-30,7-8 Days,True
ORD100921,CUST1260,Sports,2265.6,30.7,9.0,4.5,No,31-40,9+ Days,False
ORD100922,CUST1788,Fashion,7743.78,45.1,4.0,4.2,No,41+,3-4 Days,False
ORD100923,CUST1762,Sports,3199.43,29.0,4.0,4.1,Yes,21-30,3-4 Days,False
ORD100924,CUST1045,Beauty,3993.77,15.3,8.0,2.9,No,11-20,7-8 Days,False
ORD100925,CUST1909,Fashion,2340.91,38.3,7.0,2.7,No,31-40,7-8 Days,False
ORD100926,CUST1863,Electronics,44465.88,4.5,7.0,3.3,No,0-10,7-8 Days,True
ORD100927,CUST1898,Fashion,6326.16,8.8,5.0,5.0,No,0-10,5-6 Days,False
ORD100928,CUST1862,Home & Kitchen,17096.76,30.0,4.0,4.9,No,21-30,3-4 Days,False
ORD100929,CUST1287,Home & Kitchen,15670.89,32.7,8.0,3.8,Yes,31-40,7-8 Days,False
ORD100930,CUST1540,Fashion,7193.52,6.3,8.0,4.8,No,0-10,7-8 Days,False
ORD100931,CUST1329,Electronics,9324.47,19.3,8.0,3.1,No,11-20,7-8 Days,False
ORD100932,CUST1315,Beauty,2186.21,15.9,6.0,3.5,No,11-20,5-6 Days,False
ORD100933,CUST1907,Sports,4250.51,17.7,5.0,5.0,No,11-20,5-6 Days,False
ORD100934,CUST1419,Home & Kitchen,24709.94,39.2,5.0,5.0,No,31-40,5-6 Days,False
ORD100935,CUST1305,Electronics,26416.44,35.6,8.0,4.4,Yes,31-40,7-8 Days,False
ORD100936,CUST1940,Fashion,5994.6,24.7,6.0,2.5,No,21-30,5-6 Days,False
ORD100937,CUST1229,Electronics,42659.88,16.8,5.0,4.9,No,11-20,5-6 Days,True
ORD100938,CUST1750,Sports,3732.76,4.8,4.0,3.6,No,0-10,3-4 Days,False
ORD100939,CUST1186,Electronics,18144.87,46.3,4.0,4.4,No,41+,3-4 Days,False
ORD100940,CUST1947,Home & Kitchen,7607.09,33.9,4.0,3.9,No,31-40,3-4 Days,False
ORD100941,CUST1118,Fashion,3583.45,14.4,7.0,4.6,No,11-20,7-8 Days,False
ORD100942,CUST1785,Home & Kitchen,6470.67,35.8,6.0,3.8,No,31-40,5-6 Days,False
ORD100943,CUST1126,Home & Kitchen,1275.57,23.9,6.0,5.0,No,21-30,5-6 Days,False
ORD100944,CUST1986,Beauty,5312.54,20.7,5.0,4.6,No,21-30,5-6 Days,False
ORD100945,CUST1132,Electronics,58108.54,31.5,9.0,2.8,No,31-40,9+ Days,True
ORD100946,CUST1161,Electronics,23786.37,13.9,8.0,2.5,No,11-20,7-8 Days,False
ORD100947,CUST1702,Electronics,23617.88,19.8,5.0,2.5,Yes,11-20,5-6 Days,False
ORD100948,CUST1593,Sports,801.41,26.8,4.0,4.3,No,21-30,3-4 Days,False
ORD100949,CUST1874,Sports,10427.58,17.5,5.0,4.6,No,11-20,5-6 Days,False
ORD100950,CUST1712,Home & Kitchen,20775.65,35.0,8.0,1.7,No,31-40,7-8 Days,False
ORD100951,CUST1346,Home & Kitchen,4347.92,53.0,10.0,4.8,No,41+,9+ Days,False
ORD100952,CUST1939,Home & Kitchen,4663.93,13.7,9.0,4.1,No,11-20,9+ Days,False
ORD100953,CUST1084,Electronics,48454.58,0.0,4.0,5.0,Yes,0-10,3-4 Days,True
ORD100954,CUST1042,Sports,9512.96,0.0,6.0,3.0,No,0-10,5-6 Days,False
ORD100955,CUST1435,Fashion,836.45,22.7,7.0,4.0,No,21-30,7-8 Days,False
ORD100956,CUST1166,Fashion,5169.1,15.1,8.0,4.0,Yes,11-20,7-8 Days,False
ORD100957,CUST1427,Home & Kitchen,8275.81,28.1,7.0,3.2,Yes,21-30,7-8 Days,False
ORD100958,CUST1048,Electronics,25279.88,27.0,6.0,2.8,Yes,21-30,5-6 Days,False
ORD100959,CUST1042,Electronics,47335.23,1.0,9.0,4.5,No,0-10,9+ Days,True
ORD100960,CUST1185,Beauty,4922.33,0.0,8.0,4.0,No,0-10,7-8 Days,False
ORD100961,CUST1822,Electronics,27019.61,29.4,5.0,4.1,Yes,21-30,5-6 Days,False
ORD100962,CUST1865,Home & Kitchen,23721.1,27.0,7.0,4.9,No,21-30,7-8 Days,False
ORD100963,CUST1232,Fashion,3548.47,18.6,10.0,3.8,No,11-20,9+ Days,False
ORD100964,CUST1401,Fashion,6288.77,0.1,7.0,4.1,No,0-10,7-8 Days,False
ORD100965,CUST1691,Fashion,4129.08,32.1,6.0,4.1,Yes,31-40,5-6 Days,False
ORD100966,CUST1137,Fashion,7231.49,44.1,5.0,4.1,No,41+,5-6 Days,False
ORD100967,CUST1724,Beauty,5474.24,29.2,4.0,2.7,No,21-30,3-4 Days,False
ORD100968,CUST1520,Fashion,1155.63,12.3,1.0,3.8,Yes,11-20,0-2 Days,False
ORD100969,CUST1233,Home & Kitchen,23463.14,25.7,7.0,4.7,Yes,21-30,7-8 Days,False
ORD100970,CUST1959,Fashion,6691.51,4.5,4.0,3.7,No,0-10,3-4 Days,False
ORD100971,CUST1368,Home & Kitchen,19949.72,40.9,5.0,3.4,No,41+,5-6 Days,False
ORD100972,CUST1622,Sports,3573.03,26.2,5.0,4.6,No,21-30,5-6 Days,False
ORD100973,CUST1952,Beauty,4889.18,0.0,9.0,3.8,No,0-10,9+ Days,False
ORD100974,CUST1582,Electronics,51757.3,20.5,4.0,3.3,No,21-30,3-4 Days,True
ORD100975,CUST1393,Electronics,20903.27,31.9,5.0,3.1,No,31-40,5-6 Days,False
ORD100976,CUST1971,Fashion,7641.95,20.0,3.0,3.8,No,11-20,3-4 Days,False
ORD100977,CUST1502,Home & Kitchen,2006.62,20.9,6.0,3.3,Yes,21-30,5-6 Days,False
ORD100978,CUST1367,Electronics,13245.01,6.6,8.0,4.5,No,0-10,7-8 Days,False
ORD100979,CUST1111,Fashion,4531.86,33.5,10.0,3.2,No,31-40,9+ Days,False
ORD100980,CUST1261,Home & Kitchen,14734.18,15.3,9.0,4.0,No,11-20,9+ Days,False
ORD100981,CUST1584,Fashion,5338.63,0.0,11.0,4.1,No,0-10,9+ Days,False
ORD100982,CUST1064,Beauty,396.72,19.4,7.0,4.3,Yes,11-20,7-8 Days,False
ORD100983,CUST1692,Electronics,57820.17,39.7,15.0,5.0,No,31-40,9+ Days,True
ORD100984,CUST1803,Electronics,7452.35,19.2,4.0,2.7,No,11-20,3-4 Days,False
ORD100985,CUST1500,Beauty,1115.45,51.1,7.0,4.3,No,41+,7-8 Days,False
ORD100986,CUST1060,Fashion,605.11,31.4,9.0,4.3,No,31-40,9+ Days,False
ORD100987,CUST1089,Home & Kitchen,14517.97,30.1,5.0,2.9,No,31-40,5-6 Days,False
ORD100988,CUST1356,Fashion,7492.0,23.1,7.0,4.0,No,21-30,7-8 Days,False
ORD100989,CUST1551,Fashion,5494.6,24.0,9.0,3.5,No,21-30,9+ Days,False
ORD100990,CUST1369,Beauty,4989.15,21.0,10.0,4.9,No,21-30,9+ Days,False
ORD100991,CUST1492,Beauty,375.7,20.5,7.0,3.3,No,21-30,7-8 Days,False
ORD100992,CUST1646,Home & Kitchen,13916.77,33.0,6.0,3.6,Yes,31-40,5-6 Days,False
ORD100993,CUST1856,Fashion,3946.72,11.0,2.0,3.5,No,11-20,0-2 Days,False
ORD100994,CUST1887,Home & Kitchen,12875.02,8.9,7.0,3.1,No,0-10,7-8 Days,False
ORD100995,CUST1405,Fashion,1041.6,8.2,7.0,2.6,No,0-10,7-8 Days,False
ORD100996,CUST1932,Electronics,42643.94,55.7,8.0,3.1,No,41+,7-8 Days,True
ORD100997,CUST1018,Sports,7896.05,33.0,5.0,3.9,No,31-40,5-6 Days,False
ORD100998,CUST1368,Electronics,47083.19,29.6,14.0,4.0,Yes,21-30,9+ Days,True
ORD100999,CUST1257,Sports,7639.66,9.1,4.0,4.4,No,0-10,3-4 Days,False
ORD101000,CUST1221,Fashion,1620.36,34.4,6.0,4.6,No,31-40,5-6 Days,False
ORD101001,CUST1273,Electronics,40654.13,23.3,5.0,4.1,No,21-30,5-6 Days,True
ORD101002,CUST1965,Home & Kitchen,4971.75,28.2,5.0,4.4,No,21-30,5-6 Days,False
ORD101003,CUST1377,Sports,13175.24,10.4,9.0,4.2,Yes,11-20,9+ Days,False
ORD101004,CUST1247,Beauty,3794.76,27.4,4.0,2.9,No,21-30,3-4 Days,False
ORD101005,CUST1882,Beauty,1196.06,18.6,3.0,4.1,No,11-20,3-4 Days,False
ORD101006,CUST1390,Home & Kitchen,24088.58,13.5,5.0,3.8,Yes,11-20,5-6 Days,False
ORD101007,CUST1570,Home & Kitchen,13344.44,36.0,6.0,3.3,Yes,31-40,5-6 Days,False
ORD101008,CUST1247,Beauty,715.52,1.9,6.0,3.8,No,0-10,5-6 Days,False
ORD101009,CUST1173,Fashion,5201.25,33.5,7.0,4.1,No,31-40,7-8 Days,False
ORD101010,CUST1328,Fashion,2398.99,35.3,8.0,3.6,No,31-40,7-8 Days,False
ORD101011,CUST1123,Fashion,6527.7,11.8,7.0,4.6,Yes,11-20,7-8 Days,False
ORD101012,CUST1729,Sports,12394.86,12.7,5.0,4.1,No,11-20,5-6 Days,False
ORD101013,CUST1467,Sports,14698.95,21.7,11.0,4.5,No,21-30,9+ Days,False
ORD101014,CUST1636,Electronics,32602.82,29.2,8.0,4.8,No,21-30,7-8 Days,False
ORD101015,CUST1816,Beauty,2893.25,22.7,6.0,3.5,Yes,21-30,5-6 Days,False
ORD101016,CUST1690,Sports,11474.7,31.5,3.0,3.4,No,31-40,3-4 Days,False
ORD101017,CUST1231,Electronics,12285.89,51.4,6.0,4.7,Yes,41+,5-6 Days,False
ORD101018,CUST1312,Home & Kitchen,14035.36,17.4,5.0,3.2,No,11-20,5-6 Days,False
ORD101019,CUST1649,Sports,8511.34,0.0,4.0,3.7,No,0-10,3-4 Days,False
ORD101020,CUST1476,Electronics,9921.02,37.4,3.0,3.4,No,31-40,3-4 Days,False
ORD101021,CUST1190,Home & Kitchen,10915.21,50.2,3.0,3.0,No,41+,3-4 Days,False
ORD101022,CUST1501,Fashion,6899.64,30.9,7.0,4.2,No,31-40,7-8 Days,False
ORD101023,CUST1633,Sports,12943.0,8.7,13.0,3.6,No,0-10,9+ Days,False
ORD101024,CUST1287,Sports,2119.1,23.1,8.0,3.1,No,21-30,7-8 Days,False
ORD101025,CUST1321,Sports,1997.31,8.2,2.0,4.5,No,0-10,0-2 Days,False
ORD101026,CUST1873,Fashion,2470.22,34.6,9.0,2.7,No,31-40,9+ Days,False
ORD101027,CUST1061,Sports,13209.15,4.7,5.0,3.7,No,0-10,5-6 Days,False
ORD101028,CUST1138,Beauty,1034.74,20.5,4.0,4.5,No,21-30,3-4 Days,False
ORD101029,CUST1949,Fashion,5899.98,9.9,11.0,4.5,No,0-10,9+ Days,False
ORD101030,CUST1126,Beauty,876.64,26.9,3.0,4.1,No,21-30,3-4 Days,False
ORD101031,CUST1704,Electronics,39272.58,19.5,8.0,3.1,Yes,11-20,7-8 Days,True
ORD101032,CUST1192,Home & Kitchen,9416.83,27.7,4.0,3.9,No,21-30,3-4 Days,False
ORD101033,CUST1946,Fashion,6416.85,25.3,6.0,4.1,No,21-30,5-6 Days,False
ORD101034,CUST1214,Electronics,17852.97,10.2,6.0,3.4,No,11-20,5-6 Days,False
ORD101035,CUST1193,Electronics,40156.1,34.4,10.0,4.1,No,31-40,9+ Days,True
ORD101036,CUST1589,Home & Kitchen,6503.52,24.3,3.0,2.6,No,21-30,3-4 Days,False
ORD101037,CUST1654,Fashion,5852.45,10.2,8.0,2.4,No,11-20,7-8 Days,False
ORD101038,CUST1023,Beauty,5279.96,58.6,6.0,3.3,No,41+,5-6 Days,False
ORD101039,CUST1743,Electronics,11974.1,32.1,7.0,4.4,No,31-40,7-8 Days,False
ORD101040,CUST1383,Fashion,6999.47,22.7,5.0,4.5,Yes,21-30,5-6 Days,False
ORD101041,CUST1156,Home & Kitchen,15164.52,46.2,6.0,2.8,No,41+,5-6 Days,False
ORD101042,CUST1093,Beauty,1024.53,52.6,7.0,5.0,No,41+,7-8 Days,False
ORD101043,CUST1826,Fashion,3706.56,22.8,11.0,3.9,No,21-30,9+ Days,False
ORD101044,CUST1680,Home & Kitchen,4692.82,30.2,8.0,2.6,No,31-40,7-8 Days,False
ORD101045,CUST1704,Sports,10714.97,10.2,3.0,4.0,No,11-20,3-4 Days,False
ORD101046,CUST1609,Home & Kitchen,19164.61,22.8,8.0,4.8,No,21-30,7-8 Days,False
ORD101047,CUST1130,Fashion,1293.47,22.0,6.0,3.4,No,21-30,5-6 Days,False
ORD101048,CUST1427,Electronics,32837.69,27.8,10.0,4.6,No,21-30,9+ Days,False
ORD101049,CUST1225,Sports,12349.14,30.0,5.0,5.0,Yes,21-30,5-6 Days,False
ORD101050,CUST1728,Electronics,56488.97,33.4,8.0,3.8,No,31-40,7-8 Days,True
ORD101051,CUST1012,Sports,8043.31,28.6,4.0,3.2,No,21-30,3-4 Days,False
ORD101052,CUST1872,Home & Kitchen,23796.76,6.8,8.0,4.7,No,0-10,7-8 Days,False
ORD101053,CUST1348,Sports,8360.35,10.9,7.0,4.7,No,11-20,7-8 Days,False
ORD101054,CUST1803,Beauty,2546.89,16.8,4.0,2.8,No,11-20,3-4 Days,False
ORD101055,CUST1074,Sports,12829.3,20.8,6.0,3.7,No,21-30,5-6 Days,False
ORD101056,CUST1111,Fashion,4197.37,40.8,5.0,4.4,Yes,41+,5-6 Days,False
ORD101057,CUST1876,Beauty,2989.84,7.6,8.0,4.4,No,0-10,7-8 Days,False
ORD101058,CUST1482,Fashion,4177.34,19.6,7.0,3.6,Yes,11-20,7-8 Days,False
ORD101059,CUST1889,Fashion,6850.89,39.3,4.0,3.0,No,31-40,3-4 Days,False
ORD101060,CUST1197,Home & Kitchen,20932.99,20.5,4.0,5.0,No,21-30,3-4 Days,False
ORD101061,CUST1191,Sports,6470.34,31.9,3.0,3.9,No,31-40,3-4 Days,False
ORD101062,CUST1937,Sports,5466.19,22.9,7.0,3.7,No,21-30,7-8 Days,False
ORD101063,CUST1064,Beauty,3103.99,28.9,6.0,3.3,Yes,21-30,5-6 Days,False
ORD101064,CUST1786,Fashion,4795.79,21.6,7.0,3.6,No,21-30,7-8 Days,False
ORD101065,CUST1966,Fashion,2287.53,35.0,6.0,2.5,No,31-40,5-6 Days,False
ORD101066,CUST1651,Beauty,4825.54,1.8,7.0,4.6,Yes,0-10,7-8 Days,False
ORD101067,CUST1494,Fashion,4148.62,19.6,4.0,3.6,No,11-20,3-4 Days,False
ORD101068,CUST1065,Electronics,23372.51,29.4,6.0,2.1,No,21-30,5-6 Days,False
ORD101069,CUST1663,Fashion,1301.16,33.0,9.0,3.0,No,31-40,9+ Days,False
ORD101070,CUST1260,Fashion,2291.34,47.4,7.0,4.6,No,41+,7-8 Days,False
ORD101071,CUST1775,Fashion,7619.61,19.1,5.0,3.7,No,11-20,5-6 Days,False
ORD101072,CUST1169,Fashion,2788.25,47.2,5.0,3.2,Yes,41+,5-6 Days,False
ORD101073,CUST1177,Electronics,14287.26,15.1,3.0,3.9,Yes,11-20,3-4 Days,False
ORD101074,CUST1145,Electronics,30337.0,44.9,7.0,3.6,No,41+,7-8 Days,False
ORD101075,CUST1587,Sports,5091.35,37.3,11.0,3.9,Yes,31-40,9+ Days,False
ORD101076,CUST1055,Fashion,763.69,11.3,6.0,4.1,No,11-20,5-6 Days,False
ORD101077,CUST1634,Fashion,2923.59,29.6,4.0,3.1,No,21-30,3-4 Days,False
ORD101078,CUST1539,Home & Kitchen,13967.43,24.2,8.0,3.3,No,21-30,7-8 Days,False
ORD101079,CUST1908,Electronics,35344.18,34.4,7.0,3.2,No,31-40,7-8 Days,True
ORD101080,CUST1687,Sports,5798.79,21.7,6.0,3.2,No,21-30,5-6 Days,False
ORD101081,CUST1674,Beauty,2849.63,20.4,7.0,3.3,Yes,21-30,7-8 Days,False
ORD101082,CUST1136,Electronics,58103.49,45.5,2.0,3.6,No,41+,0-2 Days,True
ORD101083,CUST1372,Fashion,3330.11,23.5,6.0,3.3,No,21-30,5-6 Days,False
ORD101084,CUST1023,Sports,4392.64,37.4,5.0,3.9,No,31-40,5-6 Days,False
ORD101085,CUST1538,Sports,4181.58,21.6,10.0,3.5,No,21-30,9+ Days,False
ORD101086,CUST1162,Fashion,3933.23,50.0,10.0,3.2,No,41+,9+ Days,False
ORD101087,CUST1760,Home & Kitchen,19180.39,14.8,7.0,2.3,No,11-20,7-8 Days,False
ORD101088,CUST1160,Electronics,16329.35,15.8,10.0,3.1,No,11-20,9+ Days,False
ORD101089,CUST1518,Sports,10842.93,47.9,8.0,3.5,No,41+,7-8 Days,False
ORD101090,CUST1705,Fashion,658.62,18.3,3.0,4.6,No,11-20,3-4 Days,False
ORD101091,CUST1377,Sports,6690.74,49.0,4.0,3.7,No,41+,3-4 Days,False
ORD101092,CUST1315,Home & Kitchen,19575.93,38.4,5.0,2.6,Yes,31-40,5-6 Days,False
ORD101093,CUST1690,Home & Kitchen,8997.34,22.7,6.0,3.9,No,21-30,5-6 Days,False
ORD101094,CUST1708,Home & Kitchen,14442.44,0.0,9.0,3.4,No,0-10,9+ Days,False
ORD101095,CUST1217,Fashion,2037.34,24.7,5.0,4.3,No,21-30,5-6 Days,False
ORD101096,CUST1264,Electronics,45809.75,26.5,5.0,2.6,Yes,21-30,5-6 Days,True
ORD101097,CUST1552,Fashion,892.09,42.5,5.0,4.8,No,41+,5-6 Days,False
ORD101098,CUST1942,Electronics,51889.85,48.8,4.0,4.2,No,41+,3-4 Days,True
ORD101099,CUST1340,Beauty,1429.72,14.7,3.0,3.6,Yes,11-20,3-4 Days,False
ORD101100,CUST1462,Fashion,7057.99,37.0,6.0,2.6,Yes,31-40,5-6 Days,False
ORD101101,CUST1161,Electronics,24389.11,36.5,10.0,2.6,No,31-40,9+ Days,False
ORD101102,CUST1314,Sports,11034.38,41.1,7.0,4.3,No,41+,7-8 Days,False
ORD101103,CUST1884,Sports,5264.92,32.5,4.0,4.4,No,31-40,3-4 Days,False
ORD101104,CUST1131,Sports,13654.54,0.0,5.0,4.6,No,0-10,5-6 Days,False
ORD101105,CUST1079,Sports,2510.91,22.7,4.0,5.0,Yes,21-30,3-4 Days,False
ORD101106,CUST1667,Electronics,14818.59,7.7,5.0,4.4,No,0-10,5-6 Days,False
ORD101107,CUST1467,Fashion,4197.73,22.0,4.0,4.1,Yes,21-30,3-4 Days,False
ORD101108,CUST1065,Beauty,767.05,39.7,6.0,5.0,No,31-40,5-6 Days,False
ORD101109,CUST1569,Home & Kitchen,5542.72,29.6,7.0,3.4,Yes,21-30,7-8 Days,False
ORD101110,CUST1419,Electronics,56907.15,42.2,9.0,3.7,No,41+,9+ Days,True
ORD101111,CUST1948,Beauty,5865.99,30.1,3.0,2.6,No,31-40,3-4 Days,False
ORD101112,CUST1993,Fashion,3321.94,5.5,7.0,4.3,No,0-10,7-8 Days,False
ORD101113,CUST1947,Fashion,7424.65,0.0,5.0,3.6,Yes,0-10,5-6 Days,False
ORD101114,CUST1785,Home & Kitchen,13984.76,27.2,6.0,3.3,No,21-30,5-6 Days,False
ORD101115,CUST1973,Home & Kitchen,7327.77,21.8,6.0,3.3,No,21-30,5-6 Days,False
ORD101116,CUST1052,Home & Kitchen,17798.05,10.3,8.0,3.2,No,11-20,7-8 Days,False
ORD101117,CUST1944,Electronics,41239.6,0.0,8.0,3.7,No,0-10,7-8 Days,True
ORD101118,CUST1826,Sports,14844.49,14.0,7.0,2.6,No,11-20,7-8 Days,False
ORD101119,CUST1588,Fashion,2487.85,22.1,6.0,2.7,No,21-30,5-6 Days,False
ORD101120,CUST1615,Electronics,41963.27,35.0,3.0,2.9,Yes,31-40,3-4 Days,True
ORD101121,CUST1026,Sports,1443.94,27.8,1.0,3.3,No,21-30,0-2 Days,False
ORD101122,CUST1027,Sports,2325.14,49.1,5.0,3.4,No,41+,5-6 Days,False
ORD101123,CUST1280,Sports,756.03,9.5,5.0,2.2,No,0-10,5-6 Days,False
ORD101124,CUST1504,Beauty,5996.93,38.2,3.0,3.4,No,31-40,3-4 Days,False
ORD101125,CUST1337,Home & Kitchen,20215.02,25.7,6.0,3.1,No,21-30,5-6 Days,False
ORD101126,CUST1139,Home & Kitchen,19838.7,35.4,9.0,4.4,Yes,31-40,9+ Days,False
ORD101127,CUST1598,Electronics,33034.93,18.5,6.0,3.1,No,11-20,5-6 Days,False
ORD101128,CUST1392,Fashion,2750.5,41.1,8.0,4.6,No,41+,7-8 Days,False
ORD101129,CUST1234,Fashion,1634.48,29.4,8.0,5.0,No,21-30,7-8 Days,False
ORD101130,CUST1432,Fashion,2635.06,14.8,7.0,4.7,Yes,11-20,7-8 Days,False
ORD101131,CUST1288,Beauty,2443.04,24.8,7.0,3.0,No,21-30,7-8 Days,False
ORD101132,CUST1029,Fashion,6172.33,21.4,6.0,4.2,Yes,21-30,5-6 Days,False
ORD101133,CUST1106,Electronics,34681.4,32.3,6.0,3.0,No,31-40,5-6 Days,True
ORD101134,CUST1608,Fashion,1081.13,7.3,5.0,3.1,Yes,0-10,5-6 Days,False
ORD101135,CUST1504,Home & Kitchen,1236.3,24.6,11.0,3.2,No,21-30,9+ Days,False
ORD101136,CUST1633,Electronics,10628.27,30.9,3.0,3.9,No,31-40,3-4 Days,False
ORD101137,CUST1616,Sports,6570.13,25.5,9.0,3.1,No,21-30,9+ Days,False
ORD101138,CUST1901,Fashion,7498.95,45.2,3.0,3.8,No,41+,3-4 Days,False
ORD101139,CUST1177,Fashion,5280.52,36.6,5.0,4.8,No,31-40,5-6 Days,False
ORD101140,CUST1653,Home & Kitchen,20204.19,24.9,8.0,2.9,No,21-30,7-8 Days,False
ORD101141,CUST1384,Beauty,2958.34,28.3,4.0,2.5,No,21-30,3-4 Days,False
ORD101142,CUST1857,Fashion,3212.5,29.4,7.0,3.3,No,21-30,7-8 Days,False
ORD101143,CUST1298,Home & Kitchen,3423.29,31.0,11.0,4.9,No,31-40,9+ Days,False
ORD101144,CUST1266,Home & Kitchen,21997.58,0.0,6.0,4.4,Yes,0-10,5-6 Days,False
ORD101145,CUST1154,Fashion,6373.7,20.5,5.0,3.1,Yes,21-30,5-6 Days,False
ORD101146,CUST1794,Sports,3104.09,2.7,5.0,3.0,Yes,0-10,5-6 Days,False
ORD101147,CUST1725,Beauty,3219.89,44.2,8.0,4.1,No,41+,7-8 Days,False
ORD101148,CUST1919,Home & Kitchen,12594.47,24.1,5.0,3.9,No,21-30,5-6 Days,False
ORD101149,CUST1940,Sports,9638.81,22.1,2.0,4.3,No,21-30,0-2 Days,False
ORD101150,CUST1076,Sports,14230.47,38.5,5.0,2.9,No,31-40,5-6 Days,False
ORD101151,CUST1551,Beauty,3604.7,31.3,3.0,3.7,No,31-40,3-4 Days,False
ORD101152,CUST1171,Beauty,3379.24,8.1,13.0,4.5,No,0-10,9+ Days,False
ORD101153,CUST1564,Home & Kitchen,2017.81,23.9,5.0,4.7,Yes,21-30,5-6 Days,False
ORD101154,CUST1760,Home & Kitchen,2322.36,20.0,8.0,2.8,Yes,11-20,7-8 Days,False
ORD101155,CUST1635,Home & Kitchen,5333.79,0.0,9.0,3.7,No,0-10,9+ Days,False
ORD101156,CUST1826,Beauty,485.08,14.6,7.0,3.6,No,11-20,7-8 Days,False
ORD101157,CUST1729,Electronics,45884.41,22.2,9.0,3.1,No,21-30,9+ Days,True
ORD101158,CUST1844,Sports,11043.62,23.3,5.0,3.2,No,21-30,5-6 Days,False
ORD101159,CUST1100,Sports,2645.6,2.8,2.0,4.3,No,0-10,0-2 Days,False
ORD101160,CUST1928,Electronics,50984.34,42.3,4.0,3.2,No,41+,3-4 Days,True
ORD101161,CUST1274,Beauty,1182.28,23.5,5.0,3.7,No,21-30,5-6 Days,False
ORD101162,CUST1298,Electronics,21564.66,25.6,5.0,4.2,No,21-30,5-6 Days,False
ORD101163,CUST1212,Fashion,2367.33,31.0,6.0,5.0,No,31-40,5-6 Days,False
ORD101164,CUST1002,Beauty,2422.15,13.2,7.0,4.0,No,11-20,7-8 Days,False
ORD101165,CUST1956,Electronics,19006.51,31.8,8.0,4.4,No,31-40,7-8 Days,False
ORD101166,CUST1289,Beauty,3087.02,19.5,8.0,4.0,No,11-20,7-8 Days,False
ORD101167,CUST1686,Beauty,2622.22,11.6,3.0,3.6,No,11-20,3-4 Days,False
ORD101168,CUST1209,Home & Kitchen,24674.98,33.6,7.0,3.6,Yes,31-40,7-8 Days,False
ORD101169,CUST1571,Electronics,8075.95,47.4,7.0,3.7,Yes,41+,7-8 Days,False
ORD101170,CUST1612,Fashion,1566.36,35.9,5.0,2.1,Yes,31-40,5-6 Days,False
ORD101171,CUST1990,Home & Kitchen,2078.39,38.8,7.0,3.5,No,31-40,7-8 Days,False
ORD101172,CUST1697,Sports,9649.53,17.2,9.0,4.2,No,11-20,9+ Days,False
ORD101173,CUST1446,Home & Kitchen,2119.12,1.0,7.0,3.2,Yes,0-10,7-8 Days,False
ORD101174,CUST1191,Fashion,6773.3,47.4,3.0,5.0,No,41+,3-4 Days,False
ORD101175,CUST1841,Home & Kitchen,13188.91,55.8,4.0,3.9,No,41+,3-4 Days,False
ORD101176,CUST1671,Home & Kitchen,13553.58,48.1,10.0,3.7,No,41+,9+ Days,False
ORD101177,CUST1679,Beauty,3501.09,20.0,7.0,4.5,No,11-20,7-8 Days,False
ORD101178,CUST1597,Electronics,14394.75,7.7,9.0,4.3,No,0-10,9+ Days,False
ORD101179,CUST1022,Beauty,1426.83,9.0,4.0,4.7,No,0-10,3-4 Days,False
ORD101180,CUST1273,Home & Kitchen,8515.38,0.0,6.0,4.9,No,0-10,5-6 Days,False
ORD101181,CUST1131,Sports,9187.0,23.4,10.0,5.0,Yes,21-30,9+ Days,False
ORD101182,CUST1800,Fashion,2075.88,49.1,6.0,4.2,No,41+,5-6 Days,False
ORD101183,CUST1289,Home & Kitchen,3615.23,22.9,3.0,3.0,No,21-30,3-4 Days,False
ORD101184,CUST1192,Sports,14572.67,29.5,8.0,3.6,No,21-30,7-8 Days,False
ORD101185,CUST1266,Electronics,6209.0,45.6,3.0,5.0,No,41+,3-4 Days,False
ORD101186,CUST1773,Sports,12178.57,18.9,3.0,4.0,Yes,11-20,3-4 Days,False
ORD101187,CUST1836,Home & Kitchen,19870.45,55.5,7.0,3.5,No,41+,7-8 Days,False
ORD101188,CUST1243,Electronics,21346.78,54.9,6.0,3.4,No,41+,5-6 Days,False
ORD101189,CUST1678,Fashion,1517.2,23.0,8.0,2.9,No,21-30,7-8 Days,False
ORD101190,CUST1992,Beauty,1130.08,16.3,7.0,4.5,No,11-20,7-8 Days,False
ORD101191,CUST1614,Electronics,43358.74,35.5,6.0,3.4,No,31-40,5-6 Days,True
ORD101192,CUST1681,Home & Kitchen,16355.92,19.8,8.0,3.0,No,11-20,7-8 Days,False
ORD101193,CUST1212,Fashion,6370.59,7.7,6.0,3.1,No,0-10,5-6 Days,False
ORD101194,CUST1585,Home & Kitchen,23487.04,44.2,6.0,1.7,No,41+,5-6 Days,False
ORD101195,CUST1701,Electronics,43056.0,43.2,10.0,4.4,No,41+,9+ Days,True
ORD101196,CUST1911,Sports,2928.68,27.3,8.0,3.6,No,21-30,7-8 Days,False
ORD101197,CUST1820,Sports,4181.23,6.1,4.0,2.8,No,0-10,3-4 Days,False
ORD101198,CUST1008,Sports,12743.37,6.6,8.0,4.9,Yes,0-10,7-8 Days,False
ORD101199,CUST1440,Beauty,1493.04,26.6,7.0,3.8,No,21-30,7-8 Days,False
ORD101200,CUST1610,Electronics,8988.73,17.5,8.0,2.0,No,11-20,7-8 Days,False
ORD101201,CUST1798,Beauty,4308.7,19.9,4.0,4.4,Yes,11-20,3-4 Days,False
ORD101202,CUST1586,Electronics,27138.95,40.3,5.0,3.0,No,41+,5-6 Days,False
ORD101203,CUST1078,Electronics,55602.2,36.0,8.0,4.3,No,31-40,7-8 Days,True
ORD101204,CUST1892,Fashion,5376.91,45.7,9.0,4.2,No,41+,9+ Days,False
ORD101205,CUST1504,Fashion,1178.14,10.1,6.0,3.9,No,11-20,5-6 Days,False
ORD101206,CUST1674,Beauty,5702.78,19.9,6.0,2.8,No,11-20,5-6 Days,False
ORD101207,CUST1699,Home & Kitchen,7057.09,36.4,6.0,2.8,No,31-40,5-6 Days,False
ORD101208,CUST1696,Fashion,3029.09,31.7,5.0,3.8,Yes,31-40,5-6 Days,False
ORD101209,CUST1214,Fashion,3516.95,48.0,6.0,3.0,Yes,41+,5-6 Days,False
ORD101210,CUST1909,Sports,1432.51,31.3,6.0,4.8,No,31-40,5-6 Days,False
ORD101211,CUST1179,Fashion,4223.87,52.7,4.0,3.7,No,41+,3-4 Days,False
ORD101212,CUST1571,Fashion,1424.89,33.1,4.0,3.0,No,31-40,3-4 Days,False
ORD101213,CUST1830,Electronics,27053.37,40.9,4.0,4.6,Yes,41+,3-4 Days,False
ORD101214,CUST1029,Beauty,2299.05,20.1,4.0,2.3,No,21-30,3-4 Days,False
ORD101215,CUST1605,Home & Kitchen,19502.73,25.2,7.0,3.7,No,21-30,7-8 Days,False
ORD101216,CUST1062,Fashion,6523.78,38.7,7.0,4.2,Yes,31-40,7-8 Days,False
ORD101217,CUST1135,Electronics,13437.71,49.2,7.0,3.0,Yes,41+,7-8 Days,False
ORD101218,CUST1428,Home & Kitchen,9670.54,35.9,6.0,3.5,No,31-40,5-6 Days,False
ORD101219,CUST1134,Home & Kitchen,9835.15,23.8,4.0,3.3,Yes,21-30,3-4 Days,False
ORD101220,CUST1483,Fashion,1635.58,45.7,7.0,2.9,No,41+,7-8 Days,False
ORD101221,CUST1830,Sports,12117.89,0.0,7.0,3.9,No,0-10,7-8 Days,False
ORD101222,CUST1741,Electronics,43897.56,3.7,6.0,4.5,No,0-10,5-6 Days,True
ORD101223,CUST1068,Fashion,1927.86,35.2,5.0,5.0,Yes,31-40,5-6 Days,False
ORD101224,CUST1462,Sports,5944.12,25.2,6.0,4.4,No,21-30,5-6 Days,False
ORD101225,CUST1765,Fashion,1293.54,34.1,7.0,3.6,No,31-40,7-8 Days,False
ORD101226,CUST1454,Home & Kitchen,16002.6,26.0,5.0,4.7,No,21-30,5-6 Days,False
ORD101227,CUST1017,Fashion,1410.29,33.6,5.0,2.9,No,31-40,5-6 Days,False
ORD101228,CUST1945,Fashion,7894.51,12.8,5.0,3.4,No,11-20,5-6 Days,False
ORD101229,CUST1152,Sports,11863.75,33.6,7.0,4.6,Yes,31-40,7-8 Days,False
ORD101230,CUST1461,Fashion,3426.79,39.9,5.0,3.3,No,31-40,5-6 Days,False
ORD101231,CUST1248,Sports,8973.46,43.3,4.0,3.8,No,41+,3-4 Days,False
ORD101232,CUST1396,Fashion,7335.06,55.2,5.0,3.2,Yes,41+,5-6 Days,False
ORD101233,CUST1825,Electronics,35475.46,28.7,7.0,3.6,No,21-30,7-8 Days,True
ORD101234,CUST1157,Electronics,14597.42,29.1,5.0,3.7,No,21-30,5-6 Days,False
ORD101235,CUST1600,Home & Kitchen,9964.62,2.2,4.0,4.2,No,0-10,3-4 Days,False
ORD101236,CUST1318,Fashion,6823.59,17.0,7.0,3.9,No,11-20,7-8 Days,False
ORD101237,CUST1098,Sports,9912.25,22.1,7.0,4.4,No,21-30,7-8 Days,False
ORD101238,CUST1078,Fashion,5380.43,40.8,4.0,4.1,No,41+,3-4 Days,False
ORD101239,CUST1539,Sports,13095.55,15.8,4.0,3.6,No,11-20,3-4 Days,False
ORD101240,CUST1901,Electronics,54168.52,36.9,3.0,3.3,No,31-40,3-4 Days,True
ORD101241,CUST1296,Sports,13853.03,25.0,4.0,3.1,No,21-30,3-4 Days,False
ORD101242,CUST1431,Beauty,840.64,22.3,6.0,1.6,No,21-30,5-6 Days,False
ORD101243,CUST1905,Beauty,3401.52,28.7,8.0,3.7,No,21-30,7-8 Days,False
ORD101244,CUST1400,Beauty,4520.9,19.1,4.0,2.9,No,11-20,3-4 Days,False
ORD101245,CUST1013,Beauty,4614.48,18.6,4.0,3.1,Yes,11-20,3-4 Days,False
ORD101246,CUST1438,Home & Kitchen,15482.53,0.0,7.0,3.6,No,0-10,7-8 Days,False
ORD101247,CUST1399,Electronics,14173.3,21.3,8.0,3.4,No,21-30,7-8 Days,False
ORD101248,CUST1996,Electronics,48858.13,17.8,4.0,4.2,Yes,11-20,3-4 Days,True
ORD101249,CUST1665,Sports,10997.59,17.3,7.0,3.7,No,11-20,7-8 Days,False
ORD101250,CUST1400,Home & Kitchen,2884.49,31.3,9.0,5.0,No,31-40,9+ Days,False
ORD101251,CUST1044,Beauty,2943.72,34.9,4.0,5.0,No,31-40,3-4 Days,False
ORD101252,CUST1372,Fashion,1804.83,28.5,4.0,3.6,No,21-30,3-4 Days,False
ORD101253,CUST1374,Electronics,6865.2,39.9,6.0,3.1,No,31-40,5-6 Days,False
ORD101254,CUST1607,Electronics,5994.46,33.6,6.0,2.4,No,31-40,5-6 Days,False
ORD101255,CUST1559,Home & Kitchen,10487.98,20.6,8.0,5.0,No,21-30,7-8 Days,False
ORD101256,CUST1485,Fashion,4624.08,18.1,10.0,3.2,No,11-20,9+ Days,False
ORD101257,CUST1417,Electronics,39077.04,29.7,5.0,3.4,No,21-30,5-6 Days,True
ORD101258,CUST1084,Fashion,5476.18,33.6,7.0,3.2,No,31-40,7-8 Days,False
ORD101259,CUST1666,Electronics,50996.02,46.0,7.0,3.5,No,41+,7-8 Days,True
ORD101260,CUST1483,Home & Kitchen,6014.2,42.9,6.0,3.4,No,41+,5-6 Days,False
ORD101261,CUST1296,Fashion,1403.61,16.9,7.0,4.5,Yes,11-20,7-8 Days,False
ORD101262,CUST1839,Beauty,5153.76,23.5,11.0,1.6,No,21-30,9+ Days,False
ORD101263,CUST1941,Fashion,1674.6,35.1,5.0,3.6,Yes,31-40,5-6 Days,False
ORD101264,CUST1106,Fashion,7810.7,41.0,4.0,4.4,No,41+,3-4 Days,False
ORD101265,CUST1607,Electronics,51339.6,39.1,9.0,3.2,Yes,31-40,9+ Days,True
ORD101266,CUST1209,Electronics,32548.21,24.0,7.0,4.3,No,21-30,7-8 Days,False
ORD101267,CUST1683,Fashion,7860.66,6.2,8.0,3.9,No,0-10,7-8 Days,False
ORD101268,CUST1968,Fashion,1230.33,10.0,6.0,3.2,No,0-10,5-6 Days,False
ORD101269,CUST1791,Home & Kitchen,8134.19,29.1,7.0,2.4,No,21-30,7-8 Days,False
ORD101270,CUST1815,Fashion,5286.68,30.1,3.0,4.1,No,31-40,3-4 Days,False
ORD101271,CUST1812,Home & Kitchen,9270.17,8.5,5.0,4.1,No,0-10,5-6 Days,False
ORD101272,CUST1850,Sports,13975.73,25.7,5.0,3.2,No,21-30,5-6 Days,False
ORD101273,CUST1170,Beauty,674.07,34.5,6.0,4.4,No,31-40,5-6 Days,False
ORD101274,CUST1780,Electronics,35217.65,7.7,7.0,3.4,No,0-10,7-8 Days,True
ORD101275,CUST1510,Fashion,4931.5,41.6,7.0,4.6,No,41+,7-8 Days,False
ORD101276,CUST1350,Electronics,40900.05,19.3,4.0,4.0,Yes,11-20,3-4 Days,True
ORD101277,CUST1676,Fashion,2417.5,43.9,7.0,5.0,No,41+,7-8 Days,False
ORD101278,CUST1591,Sports,5913.3,17.0,4.0,4.1,No,11-20,3-4 Days,False
ORD101279,CUST1466,Electronics,51402.43,9.6,8.0,3.8,No,0-10,7-8 Days,True
ORD101280,CUST1985,Fashion,1962.07,18.1,4.0,2.3,No,11-20,3-4 Days,False
ORD101281,CUST1909,Home & Kitchen,20810.2,23.6,7.0,3.8,No,21-30,7-8 Days,False
ORD101282,CUST1728,Beauty,3507.14,19.2,10.0,3.6,Yes,11-20,9+ Days,False
ORD101283,CUST1081,Home & Kitchen,19244.94,21.8,4.0,5.0,No,21-30,3-4 Days,False
ORD101284,CUST1449,Electronics,44248.41,30.0,6.0,4.0,No,21-30,5-6 Days,True
ORD101285,CUST1632,Fashion,2056.34,22.4,8.0,4.4,No,21-30,7-8 Days,False
ORD101286,CUST1101,Home & Kitchen,14565.27,24.0,3.0,4.9,No,21-30,3-4 Days,False
ORD101287,CUST1369,Electronics,52724.77,0.0,5.0,4.9,No,0-10,5-6 Days,True
ORD101288,CUST1795,Fashion,3740.87,30.9,5.0,3.7,No,31-40,5-6 Days,False
ORD101289,CUST1660,Electronics,58162.49,23.7,13.0,5.0,Yes,21-30,9+ Days,True
ORD101290,CUST1530,Electronics,29871.83,49.2,4.0,3.4,Yes,41+,3-4 Days,False
ORD101291,CUST1832,Fashion,1570.89,10.9,5.0,4.9,No,11-20,5-6 Days,False
ORD101292,CUST1765,Electronics,26418.91,0.0,8.0,3.2,No,0-10,7-8 Days,False
ORD101293,CUST1265,Home & Kitchen,23831.2,34.3,7.0,4.5,No,31-40,7-8 Days,False
ORD101294,CUST1202,Home & Kitchen,8537.24,30.2,10.0,3.0,No,31-40,9+ Days,False
ORD101295,CUST1118,Beauty,5248.16,9.9,7.0,4.3,No,0-10,7-8 Days,False
ORD101296,CUST1123,Electronics,53468.79,2.1,4.0,3.1,No,0-10,3-4 Days,True
ORD101297,CUST1025,Electronics,24260.26,48.1,4.0,3.0,No,41+,3-4 Days,False
ORD101298,CUST1369,Electronics,9579.17,46.2,2.0,3.0,No,41+,0-2 Days,False
ORD101299,CUST1385,Home & Kitchen,18334.3,0.0,5.0,4.2,Yes,0-10,5-6 Days,False
ORD101300,CUST1571,Beauty,2075.62,18.1,5.0,4.2,No,11-20,5-6 Days,False
ORD101301,CUST1932,Electronics,48060.8,50.0,3.0,4.2,Yes,41+,3-4 Days,True
ORD101302,CUST1274,Sports,7029.96,17.9,3.0,4.0,No,11-20,3-4 Days,False
ORD101303,CUST1047,Electronics,31689.67,17.6,9.0,3.4,No,11-20,9+ Days,False
ORD101304,CUST1335,Home & Kitchen,19625.41,20.8,9.0,3.2,No,21-30,9+ Days,False
ORD101305,CUST1417,Beauty,2479.47,8.2,7.0,3.0,No,0-10,7-8 Days,False
ORD101306,CUST1534,Sports,7036.72,0.0,8.0,2.9,No,0-10,7-8 Days,False
ORD101307,CUST1344,Beauty,2444.29,40.8,2.0,4.8,No,41+,0-2 Days,False
ORD101308,CUST1321,Beauty,2393.84,0.0,7.0,3.0,No,0-10,7-8 Days,False
ORD101309,CUST1139,Fashion,4444.6,28.7,6.0,3.1,Yes,21-30,5-6 Days,False
ORD101310,CUST1107,Beauty,4910.16,38.3,8.0,3.0,Yes,31-40,7-8 Days,False
ORD101311,CUST1922,Electronics,24897.26,3.2,12.0,2.7,No,0-10,9+ Days,False
ORD101312,CUST1346,Sports,8196.84,11.1,2.0,4.0,No,11-20,0-2 Days,False
ORD101313,CUST1710,Home & Kitchen,17031.6,43.2,6.0,3.4,Yes,41+,5-6 Days,False
ORD101314,CUST1993,Beauty,1835.8,33.0,6.0,3.7,No,31-40,5-6 Days,False
ORD101315,CUST1447,Fashion,2581.42,15.7,6.0,3.7,Yes,11-20,5-6 Days,False
ORD101316,CUST1462,Home & Kitchen,23388.6,43.0,4.0,4.0,No,41+,3-4 Days,False
ORD101317,CUST1216,Home & Kitchen,18309.54,43.1,5.0,3.9,No,41+,5-6 Days,False
ORD101318,CUST1806,Beauty,3589.96,29.0,7.0,4.7,No,21-30,7-8 Days,False
ORD101319,CUST1382,Electronics,40624.6,11.5,8.0,3.3,No,11-20,7-8 Days,True
ORD101320,CUST1049,Electronics,6611.47,18.8,8.0,3.3,No,11-20,7-8 Days,False
ORD101321,CUST1617,Fashion,5135.77,29.3,3.0,3.7,No,21-30,3-4 Days,False
ORD101322,CUST1657,Electronics,33022.99,22.2,6.0,3.7,Yes,21-30,5-6 Days,False
ORD101323,CUST1057,Sports,8504.22,39.1,9.0,2.6,No,31-40,9+ Days,False
ORD101324,CUST1526,Electronics,6865.2,2.1,7.0,2.5,No,0-10,7-8 Days,False
ORD101325,CUST1339,Sports,1865.08,2.6,9.0,3.7,No,0-10,9+ Days,False
ORD101326,CUST1008,Fashion,1950.04,27.7,5.0,4.9,No,21-30,5-6 Days,False
ORD101327,CUST1696,Electronics,57290.96,17.6,5.0,5.0,No,11-20,5-6 Days,True
ORD101328,CUST1023,Beauty,2629.59,15.6,4.0,2.9,No,11-20,3-4 Days,False
ORD101329,CUST1044,Home & Kitchen,12093.73,0.0,3.0,3.5,No,0-10,3-4 Days,False
ORD101330,CUST1578,Fashion,895.32,25.3,5.0,3.9,No,21-30,5-6 Days,False
ORD101331,CUST1771,Home & Kitchen,1709.1,24.2,6.0,4.0,Yes,21-30,5-6 Days,False
ORD101332,CUST1437,Beauty,4387.93,34.8,6.0,3.0,Yes,31-40,5-6 Days,False
ORD101333,CUST1909,Fashion,4535.71,26.0,4.0,5.0,No,21-30,3-4 Days,False
ORD101334,CUST1069,Sports,7974.5,23.0,5.0,3.3,No,21-30,5-6 Days,False
ORD101335,CUST1594,Sports,4176.68,42.7,4.0,4.1,No,41+,3-4 Days,False
ORD101336,CUST1513,Home & Kitchen,18822.97,5.3,10.0,3.5,No,0-10,9+ Days,False
ORD101337,CUST1997,Electronics,14253.01,33.0,3.0,3.5,No,31-40,3-4 Days,False
ORD101338,CUST1277,Home & Kitchen,5396.42,0.0,8.0,4.4,Yes,0-10,7-8 Days,False
ORD101339,CUST1492,Electronics,30339.17,12.4,6.0,4.6,No,11-20,5-6 Days,False
ORD101340,CUST1083,Electronics,20745.39,6.8,7.0,4.3,No,0-10,7-8 Days,False
ORD101341,CUST1312,Fashion,2355.97,36.7,6.0,3.1,No,31-40,5-6 Days,False
ORD101342,CUST1102,Fashion,5339.28,24.0,12.0,2.7,No,21-30,9+ Days,False
ORD101343,CUST1226,Sports,10008.9,24.8,4.0,5.0,No,21-30,3-4 Days,False
ORD101344,CUST1386,Beauty,4999.75,8.4,4.0,4.0,No,0-10,3-4 Days,False
ORD101345,CUST1468,Beauty,2680.94,20.5,6.0,3.1,No,21-30,5-6 Days,False
ORD101346,CUST1799,Fashion,1048.14,13.5,6.0,4.6,No,11-20,5-6 Days,False
ORD101347,CUST1141,Fashion,2552.5,30.8,4.0,3.1,No,31-40,3-4 Days,False
ORD101348,CUST1526,Fashion,7850.04,10.1,7.0,5.0,No,11-20,7-8 Days,False
ORD101349,CUST1998,Sports,9226.5,44.9,6.0,3.5,No,41+,5-6 Days,False
ORD101350,CUST1332,Electronics,44035.54,0.0,7.0,4.5,Yes,0-10,7-8 Days,True
ORD101351,CUST1953,Sports,805.22,12.9,3.0,3.8,No,11-20,3-4 Days,False
ORD101352,CUST1269,Home & Kitchen,13340.58,50.2,6.0,2.6,Yes,41+,5-6 Days,False
ORD101353,CUST1344,Fashion,781.46,18.5,7.0,3.0,No,11-20,7-8 Days,False
ORD101354,CUST2000,Beauty,3544.61,5.3,3.0,3.2,No,0-10,3-4 Days,False
ORD101355,CUST1863,Fashion,7405.78,28.3,9.0,3.3,No,21-30,9+ Days,False
ORD101356,CUST1654,Sports,14548.39,17.9,6.0,3.9,No,11-20,5-6 Days,False
ORD101357,CUST1882,Sports,8429.9,12.5,6.0,1.9,No,11-20,5-6 Days,False
ORD101358,CUST1094,Fashion,3936.54,8.6,13.0,4.0,Yes,0-10,9+ Days,False
ORD101359,CUST1923,Fashion,7587.63,66.5,5.0,2.2,No,41+,5-6 Days,False
ORD101360,CUST1612,Home & Kitchen,17101.36,21.2,8.0,4.1,No,21-30,7-8 Days,False
ORD101361,CUST1070,Sports,1628.06,0.0,6.0,3.2,No,0-10,5-6 Days,False
ORD101362,CUST1126,Electronics,30614.91,47.4,4.0,3.9,No,41+,3-4 Days,False
ORD101363,CUST1886,Home & Kitchen,6613.93,34.2,9.0,2.7,No,31-40,9+ Days,False
ORD101364,CUST1383,Home & Kitchen,12169.26,13.5,4.0,3.3,Yes,11-20,3-4 Days,False
ORD101365,CUST1188,Beauty,2896.15,11.0,4.0,2.2,No,11-20,3-4 Days,False
ORD101366,CUST1506,Electronics,37017.96,35.1,7.0,2.8,No,31-40,7-8 Days,True
ORD101367,CUST1582,Beauty,2333.59,21.3,5.0,4.9,No,21-30,5-6 Days,False
ORD101368,CUST1911,Sports,3049.07,0.0,8.0,4.9,Yes,0-10,7-8 Days,False
ORD101369,CUST1312,Electronics,32704.57,51.8,6.0,2.8,Yes,41+,5-6 Days,False
ORD101370,CUST1856,Fashion,6726.52,18.5,5.0,3.5,No,11-20,5-6 Days,False
ORD101371,CUST1958,Sports,10195.37,47.4,4.0,4.2,No,41+,3-4 Days,False
ORD101372,CUST1781,Electronics,23610.23,44.2,4.0,3.9,Yes,41+,3-4 Days,False
ORD101373,CUST1135,Sports,14077.98,10.0,7.0,3.3,No,0-10,7-8 Days,False
ORD101374,CUST1621,Fashion,7341.56,40.5,5.0,2.6,No,41+,5-6 Days,False
ORD101375,CUST1149,Fashion,2070.11,15.2,4.0,4.5,No,11-20,3-4 Days,False
ORD101376,CUST1102,Sports,1263.67,0.0,8.0,3.4,No,0-10,7-8 Days,False
ORD101377,CUST1358,Fashion,6059.82,18.6,3.0,2.5,No,11-20,3-4 Days,False
ORD101378,CUST1142,Home & Kitchen,20828.17,31.0,8.0,3.8,No,31-40,7-8 Days,False
ORD101379,CUST1771,Fashion,7758.98,18.1,4.0,3.5,Yes,11-20,3-4 Days,False
ORD101380,CUST1831,Home & Kitchen,22334.04,20.4,7.0,3.4,Yes,21-30,7-8 Days,False
ORD101381,CUST1171,Electronics,38029.41,42.2,6.0,3.9,No,41+,5-6 Days,True
ORD101382,CUST1365,Fashion,4475.39,26.6,5.0,3.6,No,21-30,5-6 Days,False
ORD101383,CUST1739,Sports,1098.13,12.4,4.0,4.7,No,11-20,3-4 Days,False
ORD101384,CUST1012,Fashion,2349.92,35.5,5.0,3.1,No,31-40,5-6 Days,False
ORD101385,CUST1055,Home & Kitchen,11922.68,28.0,7.0,3.2,No,21-30,7-8 Days,False
ORD101386,CUST1502,Fashion,5213.78,0.0,7.0,4.4,No,0-10,7-8 Days,False
ORD101387,CUST1981,Beauty,3476.34,31.4,4.0,5.0,No,31-40,3-4 Days,False
ORD101388,CUST1955,Electronics,45844.98,30.9,4.0,5.0,No,31-40,3-4 Days,True
ORD101389,CUST1758,Sports,4700.67,25.3,5.0,4.4,No,21-30,5-6 Days,False
ORD101390,CUST1886,Fashion,4737.14,38.4,8.0,3.5,No,31-40,7-8 Days,False
ORD101391,CUST1916,Fashion,1161.07,14.9,6.0,3.4,No,11-20,5-6 Days,False
ORD101392,CUST1892,Electronics,27751.6,30.0,7.0,3.5,No,21-30,7-8 Days,False
ORD101393,CUST1603,Electronics,46258.85,1.5,5.0,2.4,No,0-10,5-6 Days,True
ORD101394,CUST1325,Home & Kitchen,17580.3,31.1,3.0,4.3,No,31-40,3-4 Days,False
ORD101395,CUST1941,Fashion,7929.82,54.3,5.0,4.9,No,41+,5-6 Days,False
ORD101396,CUST1823,Beauty,1883.98,10.1,7.0,3.7,No,11-20,7-8 Days,False
ORD101397,CUST1699,Fashion,4236.42,13.6,7.0,5.0,No,11-20,7-8 Days,False
ORD101398,CUST1843,Fashion,2971.48,14.3,8.0,5.0,No,11-20,7-8 Days,False
ORD101399,CUST1497,Home & Kitchen,11462.6,26.9,7.0,4.5,Yes,21-30,7-8 Days,False
ORD101400,CUST1316,Beauty,5184.62,9.1,3.0,3.3,No,0-10,3-4 Days,False
ORD101401,CUST1701,Electronics,42631.5,31.3,7.0,3.1,No,31-40,7-8 Days,True
ORD101402,CUST1810,Electronics,53534.27,37.7,6.0,3.8,No,31-40,5-6 Days,True
ORD101403,CUST1172,Electronics,16193.11,33.0,4.0,4.6,Yes,31-40,3-4 Days,False
ORD101404,CUST1390,Beauty,5278.16,0.0,7.0,3.3,Yes,0-10,7-8 Days,False
ORD101405,CUST1581,Home & Kitchen,2246.25,39.9,7.0,2.9,No,31-40,7-8 Days,False
ORD101406,CUST1278,Fashion,7164.49,39.1,12.0,2.4,No,31-40,9+ Days,False
ORD101407,CUST1321,Beauty,2175.72,37.5,6.0,3.0,Yes,31-40,5-6 Days,False
ORD101408,CUST1084,Beauty,2093.15,30.6,8.0,3.5,No,31-40,7-8 Days,False
ORD101409,CUST1088,Home & Kitchen,13192.54,28.3,6.0,4.7,No,21-30,5-6 Days,False
ORD101410,CUST1148,Sports,14151.87,40.5,5.0,3.3,No,41+,5-6 Days,False
ORD101411,CUST1766,Electronics,7627.98,53.9,2.0,1.3,No,41+,0-2 Days,False
ORD101412,CUST1815,Electronics,24372.7,10.7,8.0,3.3,No,11-20,7-8 Days,False
ORD101413,CUST1944,Fashion,6924.29,41.2,6.0,3.5,No,41+,5-6 Days,False
ORD101414,CUST1733,Electronics,26783.0,23.7,5.0,3.5,No,21-30,5-6 Days,False
ORD101415,CUST1746,Home & Kitchen,5619.6,23.1,7.0,1.7,No,21-30,7-8 Days,False
ORD101416,CUST1536,Sports,6774.56,2.0,2.0,3.5,No,0-10,0-2 Days,False
ORD101417,CUST1763,Electronics,26205.39,20.7,4.0,4.9,No,21-30,3-4 Days,False
ORD101418,CUST1328,Electronics,55347.89,10.0,6.0,3.4,No,0-10,5-6 Days,True
ORD101419,CUST1098,Fashion,6214.51,18.0,9.0,3.3,No,11-20,9+ Days,False
ORD101420,CUST1214,Sports,7923.15,8.5,6.0,3.2,No,0-10,5-6 Days,False
ORD101421,CUST1807,Fashion,7912.78,18.3,3.0,3.9,Yes,11-20,3-4 Days,False
ORD101422,CUST1311,Home & Kitchen,12059.72,18.9,12.0,2.6,Yes,11-20,9+ Days,False
ORD101423,CUST1737,Electronics,8203.08,26.5,9.0,2.9,Yes,21-30,9+ Days,False
ORD101424,CUST1372,Electronics,6865.2,0.8,4.0,4.7,No,0-10,3-4 Days,False
ORD101425,CUST1478,Sports,6935.81,3.3,8.0,4.3,No,0-10,7-8 Days,False
ORD101426,CUST1183,Sports,2943.71,30.4,6.0,3.4,Yes,31-40,5-6 Days,False
ORD101427,CUST1198,Electronics,57116.08,13.0,4.0,4.2,No,11-20,3-4 Days,True
ORD101428,CUST1959,Sports,11665.94,41.1,11.0,3.1,No,41+,9+ Days,False
ORD101429,CUST1333,Home & Kitchen,7292.55,28.4,7.0,3.1,No,21-30,7-8 Days,False
ORD101430,CUST1620,Sports,9148.5,34.1,8.0,3.0,No,31-40,7-8 Days,False
ORD101431,CUST1915,Fashion,5910.87,46.2,3.0,2.5,No,41+,3-4 Days,False
ORD101432,CUST1826,Home & Kitchen,23578.95,20.4,5.0,3.7,No,21-30,5-6 Days,False
ORD101433,CUST1410,Fashion,7112.27,16.4,9.0,5.0,Yes,11-20,9+ Days,False
ORD101434,CUST1721,Home & Kitchen,13267.65,38.1,7.0,2.2,Yes,31-40,7-8 Days,False
ORD101435,CUST1357,Electronics,47605.89,32.6,5.0,5.0,No,31-40,5-6 Days,True
ORD101436,CUST1091,Electronics,35917.96,22.2,8.0,1.6,No,21-30,7-8 Days,True
ORD101437,CUST1856,Fashion,4645.28,45.9,6.0,4.2,No,41+,5-6 Days,False
ORD101438,CUST1175,Beauty,954.03,21.8,6.0,2.3,Yes,21-30,5-6 Days,False
ORD101439,CUST1654,Electronics,11937.57,25.5,5.0,4.2,No,21-30,5-6 Days,False
ORD101440,CUST1643,Home & Kitchen,13614.71,25.3,8.0,3.1,Yes,21-30,7-8 Days,False
ORD101441,CUST1965,Sports,4544.72,11.0,8.0,4.4,No,11-20,7-8 Days,False
ORD101442,CUST1639,Electronics,6157.03,26.2,6.0,3.2,No,21-30,5-6 Days,False
ORD101443,CUST1761,Home & Kitchen,18292.71,46.0,3.0,4.2,Yes,41+,3-4 Days,False
ORD101444,CUST1398,Fashion,743.65,31.7,6.0,3.6,Yes,31-40,5-6 Days,False
ORD101445,CUST1264,Sports,9212.46,25.5,2.0,4.8,No,21-30,0-2 Days,False
ORD101446,CUST1491,Electronics,34655.66,22.6,4.0,3.6,Yes,21-30,3-4 Days,True
ORD101447,CUST1729,Home & Kitchen,24245.32,30.0,12.0,4.0,No,21-30,9+ Days,False
ORD101448,CUST1527,Beauty,3060.01,36.2,5.0,3.8,No,31-40,5-6 Days,False
ORD101449,CUST1173,Sports,1609.5,34.1,7.0,4.5,No,31-40,7-8 Days,False
ORD101450,CUST1741,Home & Kitchen,14150.85,20.0,6.0,4.5,No,11-20,5-6 Days,False
ORD101451,CUST1173,Fashion,6808.22,29.9,12.0,3.8,Yes,21-30,9+ Days,False
ORD101452,CUST1259,Home & Kitchen,24923.75,32.2,6.0,2.4,Yes,31-40,5-6 Days,False
ORD101453,CUST1365,Sports,6853.91,9.9,8.0,3.0,No,0-10,7-8 Days,False
ORD101454,CUST1395,Home & Kitchen,8551.23,27.5,7.0,4.4,No,21-30,7-8 Days,False
ORD101455,CUST1009,Electronics,54865.93,0.0,7.0,2.6,No,0-10,7-8 Days,True
ORD101456,CUST1260,Sports,3434.76,32.2,8.0,3.2,No,31-40,7-8 Days,False
ORD101457,CUST1113,Home & Kitchen,15693.38,34.9,7.0,3.3,No,31-40,7-8 Days,False
ORD101458,CUST1719,Home & Kitchen,10618.29,36.2,6.0,3.6,No,31-40,5-6 Days,False
ORD101459,CUST1475,Electronics,7259.53,19.1,3.0,3.5,No,11-20,3-4 Days,False
ORD101460,CUST1479,Home & Kitchen,9204.38,29.6,4.0,3.8,No,21-30,3-4 Days,False
ORD101461,CUST1178,Fashion,2489.21,46.4,3.0,2.9,Yes,41+,3-4 Days,False
ORD101462,CUST1848,Home & Kitchen,17403.41,46.2,5.0,3.1,No,41+,5-6 Days,False
ORD101463,CUST1504,Electronics,57183.48,24.6,7.0,5.0,Yes,21-30,7-8 Days,True
ORD101464,CUST1736,Home & Kitchen,7286.74,27.1,3.0,4.9,Yes,21-30,3-4 Days,False
ORD101465,CUST1482,Sports,12303.96,41.7,7.0,4.2,No,41+,7-8 Days,False
ORD101466,CUST1646,Electronics,8044.79,2.5,7.0,4.3,Yes,0-10,7-8 Days,False
ORD101467,CUST1428,Sports,8395.13,20.2,8.0,4.0,Yes,21-30,7-8 Days,False
ORD101468,CUST1517,Fashion,1029.13,45.0,6.0,3.7,Yes,41+,5-6 Days,False
ORD101469,CUST1185,Sports,14056.67,39.6,3.0,3.1,No,31-40,3-4 Days,False
ORD101470,CUST1984,Beauty,4668.2,30.5,3.0,4.9,No,31-40,3-4 Days,False
ORD101471,CUST1817,Home & Kitchen,16722.39,2.4,8.0,5.0,No,0-10,7-8 Days,False
ORD101472,CUST1595,Beauty,4996.21,24.3,4.0,3.3,No,21-30,3-4 Days,False
ORD101473,CUST1734,Sports,9959.53,16.2,9.0,4.7,No,11-20,9+ Days,False
ORD101474,CUST1716,Fashion,7767.08,30.0,4.0,3.4,Yes,21-30,3-4 Days,False
ORD101475,CUST1581,Fashion,5854.68,12.9,4.0,3.1,No,11-20,3-4 Days,False
ORD101476,CUST1924,Home & Kitchen,23176.74,9.6,7.0,3.4,No,0-10,7-8 Days,False
ORD101477,CUST1376,Beauty,3247.65,0.0,7.0,3.5,No,0-10,7-8 Days,False
ORD101478,CUST1679,Beauty,967.27,43.3,5.0,4.3,No,41+,5-6 Days,False
ORD101479,CUST1930,Beauty,3310.61,19.0,6.0,3.4,No,11-20,5-6 Days,False
ORD101480,CUST1446,Fashion,1451.55,27.4,8.0,4.5,Yes,21-30,7-8 Days,False
ORD101481,CUST1012,Beauty,3677.21,25.0,6.0,3.2,Yes,21-30,5-6 Days,False
ORD101482,CUST1983,Electronics,31537.12,9.0,6.0,3.7,No,0-10,5-6 Days,False
ORD101483,CUST1197,Home & Kitchen,15866.32,6.1,6.0,2.9,No,0-10,5-6 Days,False
ORD101484,CUST1566,Electronics,5552.58,9.9,5.0,2.7,No,0-10,5-6 Days,False
ORD101485,CUST1872,Fashion,1961.3,14.2,7.0,4.1,No,11-20,7-8 Days,False
ORD101486,CUST1485,Fashion,4184.98,30.5,3.0,3.9,Yes,31-40,3-4 Days,False
ORD101487,CUST1336,Fashion,7628.78,13.1,5.0,3.4,No,11-20,5-6 Days,False
ORD101488,CUST1329,Home & Kitchen,10083.34,51.2,6.0,3.0,Yes,41+,5-6 Days,False
ORD101489,CUST1737,Fashion,3682.79,40.4,8.0,2.8,No,41+,7-8 Days,False
ORD101490,CUST1677,Fashion,5860.22,37.1,4.0,4.1,No,31-40,3-4 Days,False
ORD101491,CUST1417,Fashion,5028.45,23.2,10.0,3.2,No,21-30,9+ Days,False
ORD101492,CUST1689,Fashion,2741.95,47.7,3.0,5.0,No,41+,3-4 Days,False
ORD101493,CUST1513,Fashion,3581.12,21.7,4.0,3.9,No,21-30,3-4 Days,False
ORD101494,CUST1687,Electronics,16973.49,24.5,7.0,4.2,Yes,21-30,7-8 Days,False
ORD101495,CUST1677,Home & Kitchen,24177.72,27.5,6.0,4.9,No,21-30,5-6 Days,False
ORD101496,CUST1137,Home & Kitchen,3961.35,35.5,8.0,3.1,No,31-40,7-8 Days,False
ORD101497,CUST1274,Home & Kitchen,9798.45,34.6,3.0,4.1,No,31-40,3-4 Days,False
ORD101498,CUST1358,Fashion,693.79,17.9,9.0,4.2,No,11-20,9+ Days,False
ORD101499,CUST1853,Fashion,2163.35,17.0,8.0,3.4,No,11-20,7-8 Days,False
ORD101500,CUST1684,Sports,11860.74,34.6,3.0,2.5,No,31-40,3-4 Days,False
ORD101501,CUST1462,Home & Kitchen,5668.44,35.7,7.0,2.1,Yes,31-40,7-8 Days,False
ORD101502,CUST1231,Fashion,1100.48,19.1,4.0,3.1,No,11-20,3-4 Days,False
ORD101503,CUST1231,Electronics,31094.92,1.2,5.0,4.7,No,0-10,5-6 Days,False
ORD101504,CUST1115,Fashion,574.77,21.9,6.0,3.1,No,21-30,5-6 Days,False
ORD101505,CUST1710,Fashion,1135.75,34.4,5.0,4.5,No,31-40,5-6 Days,False
ORD101506,CUST1831,Fashion,6557.19,52.1,7.0,3.2,No,41+,7-8 Days,False
ORD101507,CUST1515,Home & Kitchen,19469.65,7.0,6.0,3.8,Yes,0-10,5-6 Days,False
ORD101508,CUST1112,Home & Kitchen,22946.36,18.6,7.0,4.2,No,11-20,7-8 Days,False
ORD101509,CUST1146,Home & Kitchen,21479.27,19.2,4.0,4.6,No,11-20,3-4 Days,False
ORD101510,CUST1933,Beauty,4194.1,45.3,5.0,3.4,No,41+,5-6 Days,False
ORD101511,CUST1788,Beauty,598.3,24.5,4.0,3.3,No,21-30,3-4 Days,False
ORD101512,CUST1349,Beauty,4762.24,11.4,5.0,2.2,Yes,11-20,5-6 Days,False
ORD101513,CUST1036,Sports,12790.8,33.4,5.0,3.4,Yes,31-40,5-6 Days,False
ORD101514,CUST1208,Electronics,48949.52,18.9,6.0,5.0,No,11-20,5-6 Days,True
ORD101515,CUST1004,Electronics,32966.35,6.6,5.0,3.6,No,0-10,5-6 Days,False
ORD101516,CUST1120,Electronics,17809.6,11.6,7.0,2.6,No,11-20,7-8 Days,False
ORD101517,CUST1109,Home & Kitchen,21256.99,51.0,6.0,3.7,No,41+,5-6 Days,False
ORD101518,CUST1078,Sports,11098.43,30.8,8.0,4.4,Yes,31-40,7-8 Days,False
ORD101519,CUST1529,Fashion,7855.71,26.6,6.0,3.3,Yes,21-30,5-6 Days,False
ORD101520,CUST1739,Sports,2926.4,21.3,6.0,2.9,No,21-30,5-6 Days,False
ORD101521,CUST1697,Electronics,17411.55,29.4,7.0,5.0,No,21-30,7-8 Days,False
ORD101522,CUST1739,Sports,3728.71,29.2,4.0,4.1,No,21-30,3-4 Days,False
ORD101523,CUST1049,Fashion,6444.05,29.4,8.0,5.0,No,21-30,7-8 Days,False
ORD101524,CUST1109,Electronics,15279.9,26.7,7.0,3.5,No,21-30,7-8 Days,False
ORD101525,CUST1480,Fashion,999.95,38.0,8.0,5.0,No,31-40,7-8 Days,False
ORD101526,CUST1693,Fashion,7989.21,25.3,8.0,4.5,No,21-30,7-8 Days,False
ORD101527,CUST1372,Fashion,686.13,10.3,6.0,4.2,No,11-20,5-6 Days,False
ORD101528,CUST1522,Fashion,6764.33,15.8,6.0,2.8,Yes,11-20,5-6 Days,False
ORD101529,CUST1925,Beauty,2382.59,0.0,6.0,3.2,No,0-10,5-6 Days,False
ORD101530,CUST1376,Home & Kitchen,21167.09,55.4,8.0,4.2,No,41+,7-8 Days,False
ORD101531,CUST1123,Fashion,4659.65,37.9,4.0,3.5,No,31-40,3-4 Days,False
ORD101532,CUST1588,Home & Kitchen,22619.48,12.5,7.0,4.1,No,11-20,7-8 Days,False
ORD101533,CUST1635,Beauty,5579.3,20.8,7.0,3.4,No,21-30,7-8 Days,False
ORD101534,CUST1649,Fashion,568.24,15.4,4.0,4.1,No,11-20,3-4 Days,False
ORD101535,CUST1090,Fashion,1065.59,48.1,9.0,3.3,Yes,41+,9+ Days,False
ORD101536,CUST1149,Electronics,18769.73,3.7,8.0,4.2,No,0-10,7-8 Days,False
ORD101537,CUST1001,Electronics,41812.35,26.7,4.0,3.0,Yes,21-30,3-4 Days,True
ORD101538,CUST1420,Home & Kitchen,22296.19,23.4,5.0,3.5,No,21-30,5-6 Days,False
ORD101539,CUST1723,Electronics,30296.81,37.4,3.0,3.6,Yes,31-40,3-4 Days,False
ORD101540,CUST1518,Home & Kitchen,15488.75,23.4,5.0,3.1,No,21-30,5-6 Days,False
ORD101541,CUST1367,Beauty,1374.45,0.0,4.0,3.3,No,0-10,3-4 Days,False
ORD101542,CUST1146,Electronics,49273.18,21.2,6.0,4.0,No,21-30,5-6 Days,True
ORD101543,CUST1613,Home & Kitchen,24209.34,10.4,7.0,4.4,Yes,11-20,7-8 Days,False
ORD101544,CUST1712,Fashion,2514.49,26.2,7.0,4.0,Yes,21-30,7-8 Days,False
ORD101545,CUST1907,Sports,7776.01,46.5,5.0,4.2,No,41+,5-6 Days,False
ORD101546,CUST1837,Fashion,1145.87,0.0,5.0,3.9,Yes,0-10,5-6 Days,False
ORD101547,CUST1917,Beauty,3487.08,13.0,6.0,3.2,No,11-20,5-6 Days,False
ORD101548,CUST1232,Home & Kitchen,12967.36,16.7,9.0,2.4,Yes,11-20,9+ Days,False
ORD101549,CUST1619,Electronics,12944.01,19.3,6.0,3.4,No,11-20,5-6 Days,False
ORD101550,CUST1469,Home & Kitchen,11498.0,36.1,9.0,3.7,No,31-40,9+ Days,False
ORD101551,CUST1212,Sports,5477.7,22.4,3.0,3.3,No,21-30,3-4 Days,False
ORD101552,CUST1106,Home & Kitchen,13428.31,31.2,8.0,5.0,No,31-40,7-8 Days,False
ORD101553,CUST1265,Beauty,3638.23,15.6,12.0,4.0,No,11-20,9+ Days,False
ORD101554,CUST1258,Sports,821.49,28.4,5.0,3.7,No,21-30,5-6 Days,False
ORD101555,CUST1625,Fashion,6207.54,36.7,7.0,4.2,Yes,31-40,7-8 Days,False
ORD101556,CUST1644,Electronics,44215.79,14.0,4.0,5.0,No,11-20,3-4 Days,True
ORD101557,CUST1346,Home & Kitchen,9664.13,36.7,4.0,3.6,No,31-40,3-4 Days,False
ORD101558,CUST1780,Fashion,897.02,25.8,2.0,3.0,Yes,21-30,0-2 Days,False
ORD101559,CUST1211,Beauty,4603.12,40.7,4.0,4.1,No,41+,3-4 Days,False
ORD101560,CUST1083,Sports,14359.0,22.0,7.0,2.9,Yes,21-30,7-8 Days,False
ORD101561,CUST1083,Fashion,2301.14,30.7,4.0,3.0,No,31-40,3-4 Days,False
ORD101562,CUST1762,Fashion,2926.43,24.4,3.0,4.9,No,21-30,3-4 Days,False
ORD101563,CUST1349,Beauty,1347.73,23.6,7.0,4.8,No,21-30,7-8 Days,False
ORD101564,CUST1295,Fashion,4827.02,28.9,5.0,4.3,No,21-30,5-6 Days,False
ORD101565,CUST1749,Beauty,1182.6,33.1,4.0,4.1,No,31-40,3-4 Days,False
ORD101566,CUST1188,Fashion,3171.45,6.3,7.0,2.8,No,0-10,7-8 Days,False
ORD101567,CUST1418,Home & Kitchen,17667.71,46.5,3.0,3.2,Yes,41+,3-4 Days,False
ORD101568,CUST1827,Electronics,35806.38,0.0,4.0,4.9,Yes,0-10,3-4 Days,True
ORD101569,CUST1896,Home & Kitchen,10152.39,14.7,11.0,3.4,No,11-20,9+ Days,False
ORD101570,CUST1584,Fashion,3651.87,23.6,8.0,3.2,No,21-30,7-8 Days,False
ORD101571,CUST1902,Home & Kitchen,14403.08,31.2,5.0,3.6,No,31-40,5-6 Days,False
ORD101572,CUST1928,Electronics,5322.56,48.6,2.0,4.3,Yes,41+,0-2 Days,False
ORD101573,CUST1284,Beauty,747.51,0.0,4.0,3.6,No,0-10,3-4 Days,False
ORD101574,CUST1331,Sports,13301.99,17.4,8.0,3.7,No,11-20,7-8 Days,False
ORD101575,CUST1476,Electronics,9283.34,0.0,8.0,2.1,No,0-10,7-8 Days,False
ORD101576,CUST1766,Electronics,43874.2,25.5,4.0,3.7,Yes,21-30,3-4 Days,True
ORD101577,CUST1480,Electronics,55602.1,29.1,8.0,4.6,No,21-30,7-8 Days,True
ORD101578,CUST1041,Home & Kitchen,7350.54,48.9,3.0,3.7,No,41+,3-4 Days,False
ORD101579,CUST1072,Home & Kitchen,9765.89,26.8,6.0,5.0,No,21-30,5-6 Days,False
ORD101580,CUST1980,Home & Kitchen,14567.9,40.7,3.0,3.2,Yes,41+,3-4 Days,False
ORD101581,CUST1600,Fashion,7112.82,33.8,5.0,3.4,Yes,31-40,5-6 Days,False
ORD101582,CUST1756,Fashion,7564.29,18.5,6.0,3.3,No,11-20,5-6 Days,False
ORD101583,CUST1923,Home & Kitchen,18697.43,3.9,4.0,3.2,No,0-10,3-4 Days,False
ORD101584,CUST1495,Fashion,1149.65,29.1,5.0,4.2,No,21-30,5-6 Days,False
ORD101585,CUST1309,Sports,10268.9,2.6,6.0,3.6,No,0-10,5-6 Days,False
ORD101586,CUST1379,Electronics,27566.7,44.4,3.0,5.0,No,41+,3-4 Days,False
ORD101587,CUST1267,Home & Kitchen,12190.96,22.6,6.0,4.0,No,21-30,5-6 Days,False
ORD101588,CUST1239,Fashion,868.61,42.9,7.0,3.1,Yes,41+,7-8 Days,False
ORD101589,CUST1599,Fashion,1932.97,17.8,3.0,3.0,No,11-20,3-4 Days,False
ORD101590,CUST1662,Beauty,4805.93,29.0,6.0,5.0,No,21-30,5-6 Days,False
ORD101591,CUST1005,Home & Kitchen,11785.8,28.1,6.0,4.0,No,21-30,5-6 Days,False
ORD101592,CUST1112,Sports,5013.77,24.3,8.0,4.8,No,21-30,7-8 Days,False
ORD101593,CUST1930,Electronics,26121.05,18.5,9.0,3.9,No,11-20,9+ Days,False
ORD101594,CUST1318,Electronics,51991.97,30.9,8.0,3.8,No,31-40,7-8 Days,True
ORD101595,CUST1671,Beauty,4569.29,11.1,5.0,4.9,No,11-20,5-6 Days,False
ORD101596,CUST1047,Home & Kitchen,7390.03,6.9,8.0,4.1,No,0-10,7-8 Days,False
ORD101597,CUST1293,Fashion,1381.26,43.6,7.0,4.1,No,41+,7-8 Days,False
ORD101598,CUST1367,Electronics,18859.9,35.9,8.0,3.5,No,31-40,7-8 Days,False
ORD101599,CUST1026,Electronics,55641.6,26.0,6.0,4.5,No,21-30,5-6 Days,True
ORD101600,CUST1215,Sports,9016.72,50.0,6.0,3.7,No,41+,5-6 Days,False
ORD101601,CUST1299,Electronics,34341.41,21.0,6.0,3.4,No,21-30,5-6 Days,True
ORD101602,CUST1061,Fashion,4972.95,44.8,8.0,5.0,No,41+,7-8 Days,False
ORD101603,CUST1422,Fashion,3245.21,27.6,6.0,3.6,Yes,21-30,5-6 Days,False
ORD101604,CUST1998,Fashion,6553.3,9.6,3.0,3.2,Yes,0-10,3-4 Days,False
ORD101605,CUST1384,Electronics,33780.74,52.7,5.0,4.7,Yes,41+,5-6 Days,False
ORD101606,CUST1416,Home & Kitchen,3625.3,39.9,8.0,4.3,Yes,31-40,7-8 Days,False
ORD101607,CUST1837,Electronics,12098.58,23.2,8.0,3.3,No,21-30,7-8 Days,False
ORD101608,CUST1958,Beauty,3360.1,35.9,7.0,3.7,Yes,31-40,7-8 Days,False
ORD101609,CUST1894,Fashion,7524.28,18.9,4.0,4.3,No,11-20,3-4 Days,False
ORD101610,CUST1639,Home & Kitchen,8262.12,37.4,2.0,4.0,Yes,31-40,0-2 Days,False
ORD101611,CUST1921,Sports,13134.44,0.0,5.0,4.4,No,0-10,5-6 Days,False
ORD101612,CUST1801,Home & Kitchen,19291.11,9.7,10.0,3.8,No,0-10,9+ Days,False
ORD101613,CUST1756,Home & Kitchen,6797.06,39.7,6.0,4.5,No,31-40,5-6 Days,False
ORD101614,CUST1576,Fashion,772.56,21.3,5.0,3.6,No,21-30,5-6 Days,False
ORD101615,CUST1967,Fashion,1263.85,28.1,5.0,3.3,Yes,21-30,5-6 Days,False
ORD101616,CUST1400,Home & Kitchen,18429.55,4.8,8.0,4.6,No,0-10,7-8 Days,False
ORD101617,CUST1177,Sports,3555.28,52.7,5.0,4.0,No,41+,5-6 Days,False
ORD101618,CUST1093,Home & Kitchen,9784.76,42.9,7.0,4.3,No,41+,7-8 Days,False
ORD101619,CUST1508,Home & Kitchen,12941.12,22.0,3.0,4.8,No,21-30,3-4 Days,False
ORD101620,CUST1635,Beauty,4435.17,18.9,8.0,3.3,No,11-20,7-8 Days,False
ORD101621,CUST1527,Fashion,1349.23,40.4,4.0,4.2,No,41+,3-4 Days,False
ORD101622,CUST1276,Electronics,27350.15,54.7,4.0,5.0,No,41+,3-4 Days,False
ORD101623,CUST1534,Home & Kitchen,12538.76,39.3,7.0,3.7,No,31-40,7-8 Days,False
ORD101624,CUST1778,Sports,8433.83,57.6,5.0,2.8,No,41+,5-6 Days,False
ORD101625,CUST1968,Electronics,50009.84,11.2,8.0,4.5,No,11-20,7-8 Days,True
ORD101626,CUST1183,Home & Kitchen,4954.61,12.7,7.0,2.5,No,11-20,7-8 Days,False
ORD101627,CUST1864,Electronics,49430.73,7.2,9.0,2.9,No,0-10,9+ Days,True
ORD101628,CUST1412,Home & Kitchen,17567.66,31.6,4.0,3.8,No,31-40,3-4 Days,False
ORD101629,CUST1649,Electronics,35572.89,27.6,6.0,3.8,No,21-30,5-6 Days,True
ORD101630,CUST1031,Fashion,5746.46,22.7,7.0,4.0,Yes,21-30,7-8 Days,False
ORD101631,CUST1215,Beauty,2648.5,37.1,4.0,5.0,No,31-40,3-4 Days,False
ORD101632,CUST1979,Fashion,1537.98,43.5,5.0,3.9,No,41+,5-6 Days,False
ORD101633,CUST1352,Home & Kitchen,16911.52,2.1,9.0,3.3,No,0-10,9+ Days,False
ORD101634,CUST1842,Beauty,3290.63,16.0,5.0,3.3,No,11-20,5-6 Days,False
ORD101635,CUST1212,Sports,9843.06,37.3,5.0,3.4,No,31-40,5-6 Days,False
ORD101636,CUST1739,Fashion,3034.99,18.0,5.0,2.8,No,11-20,5-6 Days,False
ORD101637,CUST1185,Fashion,7301.5,13.0,5.0,4.2,No,11-20,5-6 Days,False
ORD101638,CUST1927,Electronics,37305.34,40.3,9.0,4.0,No,41+,9+ Days,True
ORD101639,CUST1587,Sports,1921.26,5.7,8.0,4.2,No,0-10,7-8 Days,False
ORD101640,CUST1171,Sports,7132.2,20.5,8.0,4.4,No,21-30,7-8 Days,False
ORD101641,CUST1232,Home & Kitchen,19103.82,29.9,6.0,4.3,No,21-30,5-6 Days,False
ORD101642,CUST1074,Beauty,4826.57,16.4,8.0,2.7,No,11-20,7-8 Days,False
ORD101643,CUST1253,Home & Kitchen,12769.25,36.7,5.0,3.6,No,31-40,5-6 Days,False
ORD101644,CUST1905,Home & Kitchen,22452.89,16.5,8.0,3.6,No,11-20,7-8 Days,False
ORD101645,CUST1298,Electronics,19721.76,46.1,3.0,4.9,No,41+,3-4 Days,False
ORD101646,CUST1074,Beauty,2640.41,23.1,3.0,3.8,No,21-30,3-4 Days,False
ORD101647,CUST1434,Electronics,54422.83,35.1,6.0,3.5,No,31-40,5-6 Days,True
ORD101648,CUST1933,Beauty,5408.66,36.2,6.0,3.0,No,31-40,5-6 Days,False
ORD101649,CUST1741,Beauty,4208.56,15.6,9.0,3.9,No,11-20,9+ Days,False
ORD101650,CUST1199,Beauty,5196.19,0.0,7.0,3.5,No,0-10,7-8 Days,False
ORD101651,CUST1724,Electronics,9882.53,30.4,6.0,3.7,Yes,31-40,5-6 Days,False
ORD101652,CUST1084,Fashion,6987.46,26.1,9.0,4.8,No,21-30,9+ Days,False
ORD101653,CUST1712,Fashion,2904.65,33.3,6.0,4.0,No,31-40,5-6 Days,False
ORD101654,CUST1657,Fashion,1837.49,21.6,8.0,3.4,No,21-30,7-8 Days,False
ORD101655,CUST1998,Electronics,18165.34,18.5,5.0,3.3,No,11-20,5-6 Days,False
ORD101656,CUST1217,Sports,6676.95,55.1,8.0,2.7,No,41+,7-8 Days,False
ORD101657,CUST1461,Home & Kitchen,6878.85,2.9,7.0,4.2,No,0-10,7-8 Days,False
ORD101658,CUST1237,Fashion,2904.26,36.0,6.0,4.0,Yes,31-40,5-6 Days,False
ORD101659,CUST1461,Fashion,1512.34,16.4,4.0,4.3,Yes,11-20,3-4 Days,False
ORD101660,CUST1944,Fashion,2721.33,20.0,6.0,3.8,Yes,11-20,5-6 Days,False
ORD101661,CUST1511,Home & Kitchen,14649.27,20.2,6.0,3.0,No,21-30,5-6 Days,False
ORD101662,CUST1258,Home & Kitchen,11492.86,12.9,5.0,3.8,No,11-20,5-6 Days,False
ORD101663,CUST1229,Sports,5658.08,33.6,2.0,4.7,No,31-40,0-2 Days,False
ORD101664,CUST1298,Fashion,6098.39,45.9,7.0,3.8,No,41+,7-8 Days,False
ORD101665,CUST1618,Sports,13477.19,32.1,7.0,5.0,No,31-40,7-8 Days,False
ORD101666,CUST1505,Sports,11522.09,26.6,8.0,4.0,No,21-30,7-8 Days,False
ORD101667,CUST1703,Electronics,23260.04,10.2,9.0,5.0,No,11-20,9+ Days,False
ORD101668,CUST1651,Sports,11345.52,32.8,8.0,5.0,No,31-40,7-8 Days,False
ORD101669,CUST1764,Electronics,13358.91,57.3,2.0,3.1,Yes,41+,0-2 Days,False
ORD101670,CUST1724,Beauty,1042.81,19.3,6.0,3.3,No,11-20,5-6 Days,False
ORD101671,CUST1639,Fashion,3092.2,19.4,5.0,3.4,No,11-20,5-6 Days,False
ORD101672,CUST1761,Sports,12250.14,16.6,9.0,2.4,No,11-20,9+ Days,False
ORD101673,CUST1440,Sports,4222.78,17.7,4.0,4.2,No,11-20,3-4 Days,False
ORD101674,CUST1585,Beauty,660.54,0.0,2.0,4.1,No,0-10,0-2 Days,False
ORD101675,CUST1173,Beauty,1050.74,31.1,3.0,4.0,No,31-40,3-4 Days,False
ORD101676,CUST1941,Fashion,6940.59,12.3,4.0,2.8,No,11-20,3-4 Days,False
ORD101677,CUST1669,Electronics,39858.08,0.8,8.0,5.0,No,0-10,7-8 Days,True
ORD101678,CUST1162,Fashion,2399.01,36.3,5.0,2.3,Yes,31-40,5-6 Days,False
ORD101679,CUST1453,Electronics,35541.27,8.8,8.0,2.7,No,0-10,7-8 Days,True
ORD101680,CUST1607,Home & Kitchen,13567.43,19.9,12.0,4.5,Yes,11-20,9+ Days,False
ORD101681,CUST1858,Fashion,5415.77,47.0,4.0,4.1,No,41+,3-4 Days,False
ORD101682,CUST1889,Sports,4034.58,3.9,8.0,3.3,No,0-10,7-8 Days,False
ORD101683,CUST1997,Home & Kitchen,21718.55,2.0,6.0,3.8,No,0-10,5-6 Days,False
ORD101684,CUST1748,Beauty,2063.4,29.0,10.0,3.9,No,21-30,9+ Days,False
ORD101685,CUST1020,Electronics,43177.24,42.2,6.0,4.7,No,41+,5-6 Days,True
ORD101686,CUST1072,Sports,930.58,1.4,8.0,2.8,No,0-10,7-8 Days,False
ORD101687,CUST1582,Sports,6029.0,31.1,5.0,4.0,No,31-40,5-6 Days,False
ORD101688,CUST1402,Fashion,3137.82,33.7,4.0,4.7,Yes,31-40,3-4 Days,False
ORD101689,CUST1712,Home & Kitchen,13952.32,0.0,6.0,3.0,No,0-10,5-6 Days,False
ORD101690,CUST1444,Beauty,714.6,37.0,5.0,3.8,No,31-40,5-6 Days,False
ORD101691,CUST1373,Electronics,48457.23,38.1,9.0,3.8,No,31-40,9+ Days,True
ORD101692,CUST1695,Home & Kitchen,6070.3,20.3,5.0,2.5,No,21-30,5-6 Days,False
ORD101693,CUST1308,Fashion,5577.78,43.8,4.0,4.0,No,41+,3-4 Days,False
ORD101694,CUST1537,Electronics,49176.67,42.0,6.0,4.1,No,41+,5-6 Days,True
ORD101695,CUST1578,Fashion,4714.08,26.5,3.0,5.0,No,21-30,3-4 Days,False
ORD101696,CUST1284,Electronics,45748.58,18.2,7.0,3.8,No,11-20,7-8 Days,True
ORD101697,CUST1490,Electronics,41402.32,10.4,7.0,4.2,No,11-20,7-8 Days,True
ORD101698,CUST1345,Electronics,24554.14,24.4,4.0,5.0,No,21-30,3-4 Days,False
ORD101699,CUST1276,Sports,12266.68,33.5,5.0,3.3,No,31-40,5-6 Days,False
ORD101700,CUST1326,Home & Kitchen,7931.77,20.1,6.0,2.9,No,21-30,5-6 Days,False
ORD101701,CUST1549,Sports,8868.34,0.0,8.0,3.9,No,0-10,7-8 Days,False
ORD101702,CUST1016,Fashion,6090.48,44.0,7.0,3.6,No,41+,7-8 Days,False
ORD101703,CUST1931,Fashion,3342.17,27.9,4.0,3.7,No,21-30,3-4 Days,False
ORD101704,CUST1183,Home & Kitchen,8126.98,19.3,7.0,3.5,No,11-20,7-8 Days,False
ORD101705,CUST1868,Fashion,3945.1,37.9,4.0,3.1,No,31-40,3-4 Days,False
ORD101706,CUST1768,Electronics,49987.99,47.9,7.0,4.5,No,41+,7-8 Days,True
ORD101707,CUST1193,Home & Kitchen,23304.11,0.0,3.0,3.8,Yes,0-10,3-4 Days,False
ORD101708,CUST1846,Electronics,34979.59,31.5,4.0,5.0,Yes,31-40,3-4 Days,True
ORD101709,CUST1014,Home & Kitchen,16807.48,3.6,5.0,3.0,No,0-10,5-6 Days,False
ORD101710,CUST1024,Home & Kitchen,22659.22,32.5,12.0,5.0,No,31-40,9+ Days,False
ORD101711,CUST1595,Electronics,10420.08,26.9,6.0,4.0,Yes,21-30,5-6 Days,False
ORD101712,CUST1806,Electronics,17764.32,34.5,5.0,3.8,No,31-40,5-6 Days,False
ORD101713,CUST1236,Beauty,4340.73,17.5,4.0,2.9,No,11-20,3-4 Days,False
ORD101714,CUST1850,Fashion,6678.08,0.0,3.0,3.3,Yes,0-10,3-4 Days,False
ORD101715,CUST1777,Electronics,52136.6,18.2,8.0,4.8,Yes,11-20,7-8 Days,True
ORD101716,CUST1756,Sports,6636.03,31.1,5.0,1.7,No,31-40,5-6 Days,False
ORD101717,CUST1503,Electronics,9913.69,40.2,2.0,2.4,No,41+,0-2 Days,False
ORD101718,CUST1255,Home & Kitchen,11394.31,7.4,1.0,2.5,No,0-10,0-2 Days,False
ORD101719,CUST1377,Sports,3999.5,40.4,7.0,4.7,No,41+,7-8 Days,False
ORD101720,CUST1973,Fashion,2683.97,15.3,6.0,4.3,No,11-20,5-6 Days,False
ORD101721,CUST1315,Electronics,47474.72,30.4,6.0,3.0,Yes,31-40,5-6 Days,True
ORD101722,CUST1307,Electronics,9153.99,17.4,10.0,3.4,No,11-20,9+ Days,False
ORD101723,CUST1109,Fashion,6706.86,27.7,2.0,3.9,No,21-30,0-2 Days,False
ORD101724,CUST1819,Electronics,28521.8,38.4,3.0,4.6,No,31-40,3-4 Days,False
ORD101725,CUST1275,Home & Kitchen,15224.75,6.6,6.0,3.0,No,0-10,5-6 Days,False
ORD101726,CUST1318,Electronics,9930.87,14.8,5.0,3.9,No,11-20,5-6 Days,False
ORD101727,CUST1767,Home & Kitchen,8964.09,27.8,6.0,3.5,Yes,21-30,5-6 Days,False
ORD101728,CUST1245,Sports,1982.72,61.0,9.0,3.7,No,41+,9+ Days,False
ORD101729,CUST1778,Beauty,5780.8,12.1,8.0,3.1,No,11-20,7-8 Days,False
ORD101730,CUST1422,Home & Kitchen,20335.73,55.6,6.0,4.0,Yes,41+,5-6 Days,False
ORD101731,CUST1131,Fashion,3947.25,55.1,7.0,3.2,No,41+,7-8 Days,False
ORD101732,CUST1944,Home & Kitchen,6211.18,23.5,5.0,3.9,Yes,21-30,5-6 Days,False
ORD101733,CUST1425,Home & Kitchen,23389.61,20.5,5.0,5.0,No,21-30,5-6 Days,False
ORD101734,CUST1145,Fashion,3084.47,14.6,6.0,4.6,No,11-20,5-6 Days,False
ORD101735,CUST1343,Electronics,13854.14,24.0,6.0,4.9,No,21-30,5-6 Days,False
ORD101736,CUST1219,Sports,8753.25,3.9,4.0,4.1,No,0-10,3-4 Days,False
ORD101737,CUST1585,Fashion,7578.31,23.9,7.0,4.7,No,21-30,7-8 Days,False
ORD101738,CUST1197,Electronics,5210.67,47.5,9.0,2.4,No,41+,9+ Days,False
ORD101739,CUST1595,Fashion,2285.94,15.8,4.0,2.4,No,11-20,3-4 Days,False
ORD101740,CUST1861,Fashion,7538.36,21.4,7.0,3.0,No,21-30,7-8 Days,False
ORD101741,CUST1783,Beauty,1275.19,0.0,4.0,3.1,No,0-10,3-4 Days,False
ORD101742,CUST1618,Beauty,945.49,30.6,9.0,4.6,No,31-40,9+ Days,False
ORD101743,CUST1612,Beauty,3550.07,29.0,4.0,2.6,Yes,21-30,3-4 Days,False
ORD101744,CUST1696,Electronics,52401.41,26.0,12.0,2.7,No,21-30,9+ Days,True
ORD101745,CUST1844,Fashion,4078.32,21.7,9.0,3.7,No,21-30,9+ Days,False
ORD101746,CUST1078,Fashion,7959.23,20.6,11.0,3.9,No,21-30,9+ Days,False
ORD101747,CUST1655,Electronics,42354.44,32.5,8.0,4.5,No,31-40,7-8 Days,True
ORD101748,CUST1371,Fashion,1055.56,24.6,10.0,3.6,No,21-30,9+ Days,False
ORD101749,CUST1095,Beauty,5959.14,29.7,8.0,3.7,Yes,21-30,7-8 Days,False
ORD101750,CUST1389,Electronics,27434.18,28.2,9.0,4.5,No,21-30,9+ Days,False
ORD101751,CUST1812,Home & Kitchen,7755.14,41.9,9.0,3.1,Yes,41+,9+ Days,False
ORD101752,CUST1515,Electronics,6865.2,35.2,5.0,3.9,No,31-40,5-6 Days,False
ORD101753,CUST1047,Electronics,21736.92,27.9,6.0,4.3,No,21-30,5-6 Days,False
ORD101754,CUST1158,Fashion,1148.43,47.8,7.0,3.5,Yes,41+,7-8 Days,False
ORD101755,CUST1751,Sports,720.43,31.3,6.0,4.5,Yes,31-40,5-6 Days,False
ORD101756,CUST1780,Beauty,2862.63,44.6,3.0,3.1,No,41+,3-4 Days,False
ORD101757,CUST1271,Sports,12667.15,34.1,6.0,5.0,No,31-40,5-6 Days,False
ORD101758,CUST1422,Fashion,4792.36,0.0,4.0,3.5,No,0-10,3-4 Days,False
ORD101759,CUST1028,Electronics,59956.4,44.6,8.0,3.4,No,41+,7-8 Days,True
ORD101760,CUST1177,Home & Kitchen,7741.69,27.0,2.0,2.6,No,21-30,0-2 Days,False
ORD101761,CUST1087,Fashion,2603.41,24.2,2.0,2.9,Yes,21-30,0-2 Days,False
ORD101762,CUST1687,Beauty,1210.57,29.2,4.0,3.2,No,21-30,3-4 Days,False
ORD101763,CUST1719,Electronics,14023.5,19.8,3.0,2.9,Yes,11-20,3-4 Days,False
ORD101764,CUST1587,Fashion,2638.9,28.4,6.0,2.9,No,21-30,5-6 Days,False
ORD101765,CUST1862,Electronics,48606.2,16.1,1.0,3.8,No,11-20,0-2 Days,True
ORD101766,CUST1758,Fashion,7293.18,44.1,5.0,4.3,No,41+,5-6 Days,False
ORD101767,CUST1268,Beauty,5858.0,23.3,5.0,4.0,No,21-30,5-6 Days,False
ORD101768,CUST1054,Fashion,2242.17,19.3,4.0,1.2,No,11-20,3-4 Days,False
ORD101769,CUST1083,Fashion,7109.73,11.1,3.0,3.0,Yes,11-20,3-4 Days,False
ORD101770,CUST1544,Fashion,2961.91,29.0,6.0,4.7,No,21-30,5-6 Days,False
ORD101771,CUST1385,Fashion,1346.3,27.8,6.0,2.7,Yes,21-30,5-6 Days,False
ORD101772,CUST1912,Beauty,5259.14,30.8,4.0,3.7,No,31-40,3-4 Days,False
ORD101773,CUST1523,Sports,9796.31,9.6,3.0,2.9,No,0-10,3-4 Days,False
ORD101774,CUST1223,Sports,3055.65,1.0,7.0,4.8,No,0-10,7-8 Days,False
ORD101775,CUST1865,Beauty,2750.04,34.4,3.0,3.2,Yes,31-40,3-4 Days,False
ORD101776,CUST1567,Fashion,2654.43,47.3,8.0,4.4,No,41+,7-8 Days,False
ORD101777,CUST1932,Home & Kitchen,18630.43,9.6,6.0,3.2,Yes,0-10,5-6 Days,False
ORD101778,CUST1286,Fashion,3900.62,48.8,11.0,1.9,No,41+,9+ Days,False
ORD101779,CUST1998,Fashion,7919.6,29.3,3.0,4.2,No,21-30,3-4 Days,False
ORD101780,CUST1580,Beauty,612.05,24.9,7.0,2.3,Yes,21-30,7-8 Days,False
ORD101781,CUST1824,Electronics,24525.84,19.0,7.0,3.1,No,11-20,7-8 Days,False
ORD101782,CUST1444,Sports,7591.17,4.2,7.0,5.0,Yes,0-10,7-8 Days,False
ORD101783,CUST1089,Fashion,4273.5,39.8,5.0,5.0,No,31-40,5-6 Days,False
ORD101784,CUST1610,Home & Kitchen,8445.65,13.4,7.0,3.8,Yes,11-20,7-8 Days,False
ORD101785,CUST1529,Home & Kitchen,18447.61,13.3,7.0,3.1,No,11-20,7-8 Days,False
ORD101786,CUST1161,Sports,13208.88,39.9,3.0,3.8,No,31-40,3-4 Days,False
ORD101787,CUST1767,Home & Kitchen,23517.01,0.0,4.0,2.7,No,0-10,3-4 Days,False
ORD101788,CUST1158,Home & Kitchen,20283.26,2.1,4.0,3.5,No,0-10,3-4 Days,False
ORD101789,CUST1269,Electronics,51781.91,24.7,7.0,5.0,No,21-30,7-8 Days,True
ORD101790,CUST1908,Home & Kitchen,14123.2,29.4,3.0,4.0,No,21-30,3-4 Days,False
ORD101791,CUST1380,Electronics,50423.85,32.3,6.0,2.7,No,31-40,5-6 Days,True
ORD101792,CUST1032,Beauty,2029.97,20.5,4.0,4.1,No,21-30,3-4 Days,False
ORD101793,CUST1087,Home & Kitchen,10443.19,63.0,9.0,2.4,No,41+,9+ Days,False
ORD101794,CUST1093,Home & Kitchen,8469.29,21.6,4.0,2.3,No,21-30,3-4 Days,False
ORD101795,CUST1510,Electronics,30706.3,21.5,8.0,4.4,No,21-30,7-8 Days,False
ORD101796,CUST1802,Electronics,20706.88,13.0,3.0,3.2,No,11-20,3-4 Days,False
ORD101797,CUST1595,Beauty,5781.19,26.9,5.0,5.0,Yes,21-30,5-6 Days,False
ORD101798,CUST1780,Electronics,22206.45,34.2,4.0,3.0,No,31-40,3-4 Days,False
ORD101799,CUST1516,Electronics,10392.45,43.1,7.0,4.8,No,41+,7-8 Days,False
ORD101800,CUST1089,Electronics,33974.94,2.7,6.0,5.0,Yes,0-10,5-6 Days,False
ORD101801,CUST1154,Sports,1516.52,21.3,3.0,3.9,No,21-30,3-4 Days,False
ORD101802,CUST1594,Beauty,930.1,31.7,13.0,3.6,No,31-40,9+ Days,False
ORD101803,CUST1704,Fashion,2145.42,33.8,2.0,3.3,No,31-40,0-2 Days,False
ORD101804,CUST1896,Fashion,3982.63,25.1,5.0,3.4,No,21-30,5-6 Days,False
ORD101805,CUST1158,Fashion,3749.38,33.1,7.0,2.5,No,31-40,7-8 Days,False
ORD101806,CUST1890,Beauty,4858.24,12.9,5.0,4.3,No,11-20,5-6 Days,False
ORD101807,CUST1418,Home & Kitchen,18695.29,48.4,8.0,4.3,Yes,41+,7-8 Days,False
ORD101808,CUST1253,Electronics,28447.51,39.9,6.0,3.6,No,31-40,5-6 Days,False
ORD101809,CUST1289,Electronics,23353.73,4.8,5.0,3.8,No,0-10,5-6 Days,False
ORD101810,CUST1768,Electronics,22405.78,8.9,8.0,3.4,No,0-10,7-8 Days,False
ORD101811,CUST1159,Home & Kitchen,19530.68,9.3,8.0,2.8,Yes,0-10,7-8 Days,False
ORD101812,CUST1312,Beauty,596.81,35.2,3.0,2.8,No,31-40,3-4 Days,False
ORD101813,CUST1574,Fashion,596.16,5.7,6.0,3.3,Yes,0-10,5-6 Days,False
ORD101814,CUST1799,Electronics,48754.94,20.0,4.0,3.5,Yes,11-20,3-4 Days,True
ORD101815,CUST1973,Electronics,31243.05,31.8,5.0,4.7,No,31-40,5-6 Days,False
ORD101816,CUST1792,Sports,2571.6,24.0,6.0,4.3,No,21-30,5-6 Days,False
ORD101817,CUST1581,Fashion,2266.74,28.9,8.0,5.0,No,21-30,7-8 Days,False
ORD101818,CUST1435,Beauty,5615.27,9.0,7.0,4.4,No,0-10,7-8 Days,False
ORD101819,CUST1961,Home & Kitchen,21599.97,33.9,4.0,2.5,No,31-40,3-4 Days,False
ORD101820,CUST1354,Fashion,5823.39,15.8,7.0,2.6,Yes,11-20,7-8 Days,False
ORD101821,CUST1265,Electronics,31522.39,20.1,4.0,3.0,Yes,21-30,3-4 Days,False
ORD101822,CUST1008,Electronics,33617.8,28.6,5.0,3.5,No,21-30,5-6 Days,False
ORD101823,CUST1107,Home & Kitchen,24400.92,26.5,6.0,3.2,No,21-30,5-6 Days,False
ORD101824,CUST1932,Beauty,5804.89,25.4,5.0,4.4,No,21-30,5-6 Days,False
ORD101825,CUST1605,Home & Kitchen,6009.51,13.7,6.0,4.7,Yes,11-20,5-6 Days,False
ORD101826,CUST1739,Home & Kitchen,20428.73,20.5,5.0,2.8,No,21-30,5-6 Days,False
ORD101827,CUST1069,Electronics,15848.35,25.0,10.0,2.5,No,21-30,9+ Days,False
ORD101828,CUST1440,Sports,3753.59,4.4,7.0,5.0,No,0-10,7-8 Days,False
ORD101829,CUST1814,Beauty,4153.73,18.1,2.0,4.0,No,11-20,0-2 Days,False
ORD101830,CUST1138,Fashion,3537.51,30.8,6.0,3.4,Yes,31-40,5-6 Days,False
ORD101831,CUST1358,Sports,14021.09,5.8,8.0,5.0,No,0-10,7-8 Days,False
ORD101832,CUST1842,Home & Kitchen,2954.04,42.3,3.0,4.8,No,41+,3-4 Days,False
ORD101833,CUST1895,Home & Kitchen,13178.92,44.0,5.0,3.3,No,41+,5-6 Days,False
ORD101834,CUST1651,Beauty,5535.57,6.3,5.0,4.5,No,0-10,5-6 Days,False
ORD101835,CUST1628,Beauty,5453.45,45.4,3.0,4.7,No,41+,3-4 Days,False
ORD101836,CUST1520,Home & Kitchen,4588.01,22.8,5.0,4.5,Yes,21-30,5-6 Days,False
ORD101837,CUST1068,Electronics,25165.07,31.3,7.0,4.8,Yes,31-40,7-8 Days,False
ORD101838,CUST1146,Fashion,5143.41,17.6,4.0,3.0,Yes,11-20,3-4 Days,False
ORD101839,CUST1250,Sports,2979.35,38.8,5.0,3.8,No,31-40,5-6 Days,False
ORD101840,CUST1384,Fashion,7760.17,31.1,3.0,5.0,No,31-40,3-4 Days,False
ORD101841,CUST1468,Fashion,7360.62,12.8,7.0,3.5,No,11-20,7-8 Days,False
ORD101842,CUST1511,Fashion,1752.13,7.5,4.0,3.3,No,0-10,3-4 Days,False
ORD101843,CUST1762,Fashion,1408.67,3.1,5.0,3.9,No,0-10,5-6 Days,False
ORD101844,CUST1494,Home & Kitchen,2866.89,27.8,5.0,2.5,No,21-30,5-6 Days,False
ORD101845,CUST1890,Sports,13705.04,33.6,5.0,4.1,Yes,31-40,5-6 Days,False
ORD101846,CUST1515,Fashion,1952.18,34.8,5.0,2.5,Yes,31-40,5-6 Days,False
ORD101847,CUST1364,Electronics,27895.67,23.2,7.0,4.8,No,21-30,7-8 Days,False
ORD101848,CUST1399,Electronics,29686.83,7.6,5.0,2.5,No,0-10,5-6 Days,False
ORD101849,CUST1956,Sports,9265.86,14.8,8.0,4.5,No,11-20,7-8 Days,False
ORD101850,CUST1640,Home & Kitchen,2536.0,42.3,5.0,3.2,No,41+,5-6 Days,False
ORD101851,CUST1120,Fashion,2200.69,17.7,4.0,3.0,No,11-20,3-4 Days,False
ORD101852,CUST1712,Beauty,5609.5,27.2,3.0,3.8,No,21-30,3-4 Days,False
ORD101853,CUST1750,Sports,13690.26,8.9,5.0,4.0,No,0-10,5-6 Days,False
ORD101854,CUST1055,Beauty,4753.36,30.0,4.0,3.9,No,21-30,3-4 Days,False
ORD101855,CUST1070,Sports,977.44,18.1,2.0,4.1,No,11-20,0-2 Days,False
ORD101856,CUST1889,Fashion,2952.55,40.7,5.0,4.4,Yes,41+,5-6 Days,False
ORD101857,CUST1494,Beauty,3879.36,36.6,6.0,2.2,No,31-40,5-6 Days,False
ORD101858,CUST1356,Fashion,2563.93,17.6,6.0,3.9,Yes,11-20,5-6 Days,False
ORD101859,CUST1468,Beauty,5484.64,23.1,5.0,2.7,No,21-30,5-6 Days,False
ORD101860,CUST1288,Beauty,3913.17,16.7,4.0,2.8,No,11-20,3-4 Days,False
ORD101861,CUST1774,Beauty,709.87,3.7,4.0,2.9,No,0-10,3-4 Days,False
ORD101862,CUST1912,Home & Kitchen,22797.94,12.1,7.0,2.2,No,11-20,7-8 Days,False
ORD101863,CUST1962,Electronics,57677.17,28.0,2.0,3.8,No,21-30,0-2 Days,True
ORD101864,CUST1722,Home & Kitchen,2680.64,29.9,6.0,2.4,Yes,21-30,5-6 Days,False
ORD101865,CUST1237,Sports,8312.75,27.2,5.0,4.1,No,21-30,5-6 Days,False
ORD101866,CUST1218,Sports,5038.11,20.5,7.0,5.0,No,21-30,7-8 Days,False
ORD101867,CUST1724,Electronics,26606.15,39.0,7.0,5.0,No,31-40,7-8 Days,False
ORD101868,CUST1528,Electronics,14880.82,26.0,9.0,2.9,No,21-30,9+ Days,False
ORD101869,CUST1725,Electronics,36793.97,35.5,5.0,2.9,No,31-40,5-6 Days,True
ORD101870,CUST1270,Beauty,5760.48,0.0,2.0,4.4,No,0-10,0-2 Days,False
ORD101871,CUST1318,Beauty,3167.51,0.0,8.0,3.8,No,0-10,7-8 Days,False
ORD101872,CUST1658,Electronics,9560.3,29.3,10.0,3.7,No,21-30,9+ Days,False
ORD101873,CUST1264,Home & Kitchen,15804.03,3.6,3.0,2.8,Yes,0-10,3-4 Days,False
ORD101874,CUST1645,Beauty,2239.27,21.8,6.0,3.9,Yes,21-30,5-6 Days,False
ORD101875,CUST1344,Beauty,5178.77,20.5,7.0,4.5,No,21-30,7-8 Days,False
ORD101876,CUST1809,Home & Kitchen,11319.21,48.8,3.0,3.2,Yes,41+,3-4 Days,False
ORD101877,CUST1879,Home & Kitchen,5466.72,31.0,11.0,4.2,No,31-40,9+ Days,False
ORD101878,CUST1477,Home & Kitchen,5424.76,27.5,6.0,3.9,No,21-30,5-6 Days,False
ORD101879,CUST1827,Fashion,6265.73,37.6,3.0,3.3,No,31-40,3-4 Days,False
ORD101880,CUST1521,Home & Kitchen,7227.22,30.5,6.0,3.8,No,31-40,5-6 Days,False
ORD101881,CUST1042,Home & Kitchen,19367.05,18.1,8.0,3.0,No,11-20,7-8 Days,False
ORD101882,CUST1018,Sports,3644.19,41.1,6.0,4.5,No,41+,5-6 Days,False
ORD101883,CUST1814,Home & Kitchen,8584.81,8.4,6.0,3.0,No,0-10,5-6 Days,False
ORD101884,CUST1891,Beauty,2953.28,29.8,4.0,3.3,No,21-30,3-4 Days,False
ORD101885,CUST1210,Electronics,56875.77,1.8,8.0,4.5,No,0-10,7-8 Days,True
ORD101886,CUST1432,Fashion,7487.99,28.1,3.0,3.4,No,21-30,3-4 Days,False
ORD101887,CUST1796,Electronics,16377.95,27.9,12.0,3.1,Yes,21-30,9+ Days,False
ORD101888,CUST1805,Fashion,3186.64,50.1,7.0,3.9,No,41+,7-8 Days,False
ORD101889,CUST1330,Beauty,1151.58,1.5,6.0,5.0,No,0-10,5-6 Days,False
ORD101890,CUST1276,Sports,7992.79,16.0,7.0,4.7,Yes,11-20,7-8 Days,False
ORD101891,CUST1422,Electronics,30332.04,37.3,5.0,4.3,No,31-40,5-6 Days,False
ORD101892,CUST1937,Fashion,7255.7,30.0,5.0,4.6,Yes,21-30,5-6 Days,False
ORD101893,CUST1727,Beauty,5601.03,27.7,6.0,4.2,No,21-30,5-6 Days,False
ORD101894,CUST1880,Electronics,26096.21,10.7,6.0,4.0,No,11-20,5-6 Days,False
ORD101895,CUST1892,Home & Kitchen,12700.06,16.1,2.0,4.5,No,11-20,0-2 Days,False
ORD101896,CUST1958,Beauty,5408.55,43.7,8.0,4.1,No,41+,7-8 Days,False
ORD101897,CUST1747,Home & Kitchen,20322.33,24.2,10.0,3.8,Yes,21-30,9+ Days,False
ORD101898,CUST1148,Electronics,5201.1,30.6,7.0,3.9,No,31-40,7-8 Days,False
ORD101899,CUST1919,Fashion,2900.45,23.3,7.0,4.1,Yes,21-30,7-8 Days,False
ORD101900,CUST1050,Beauty,2704.11,7.3,4.0,4.0,No,0-10,3-4 Days,False
ORD101901,CUST1133,Home & Kitchen,6359.13,39.0,7.0,4.1,No,31-40,7-8 Days,False
ORD101902,CUST1700,Electronics,15976.44,32.5,9.0,3.0,Yes,31-40,9+ Days,False
ORD101903,CUST1987,Beauty,515.37,59.6,9.0,3.6,No,41+,9+ Days,False
ORD101904,CUST1585,Electronics,40385.33,9.8,9.0,2.8,Yes,0-10,9+ Days,True
ORD101905,CUST1811,Beauty,1796.31,37.3,7.0,4.0,Yes,31-40,7-8 Days,False
ORD101906,CUST1894,Electronics,7879.09,5.3,5.0,4.1,Yes,0-10,5-6 Days,False
ORD101907,CUST1105,Sports,4003.0,27.4,4.0,4.9,No,21-30,3-4 Days,False
ORD101908,CUST1292,Fashion,6514.35,39.6,6.0,4.0,No,31-40,5-6 Days,False
ORD101909,CUST1232,Fashion,6886.17,0.0,6.0,3.5,Yes,0-10,5-6 Days,False
ORD101910,CUST1101,Electronics,31568.64,21.9,4.0,3.5,No,21-30,3-4 Days,False
ORD101911,CUST1259,Fashion,3620.53,16.6,5.0,4.3,No,11-20,5-6 Days,False
ORD101912,CUST1957,Sports,14683.31,14.5,7.0,3.3,No,11-20,7-8 Days,False
ORD101913,CUST1950,Sports,3568.07,30.8,5.0,3.9,No,31-40,5-6 Days,False
ORD101914,CUST1292,Fashion,2115.19,41.8,7.0,4.6,No,41+,7-8 Days,False
ORD101915,CUST1112,Fashion,2689.0,23.0,4.0,5.0,No,21-30,3-4 Days,False
ORD101916,CUST1045,Beauty,1284.72,28.1,4.0,4.7,No,21-30,3-4 Days,False
ORD101917,CUST1483,Sports,6124.93,26.7,5.0,3.4,No,21-30,5-6 Days,False
ORD101918,CUST1612,Home & Kitchen,22842.19,25.0,6.0,3.2,No,21-30,5-6 Days,False
ORD101919,CUST1157,Fashion,5115.11,8.7,4.0,4.3,No,0-10,3-4 Days,False
ORD101920,CUST1225,Fashion,3589.6,41.6,10.0,3.6,No,41+,9+ Days,False
ORD101921,CUST1922,Home & Kitchen,23412.74,29.4,4.0,2.6,No,21-30,3-4 Days,False
ORD101922,CUST1904,Electronics,7665.53,30.9,5.0,5.0,Yes,31-40,5-6 Days,False
ORD101923,CUST1073,Home & Kitchen,5888.68,12.9,6.0,3.9,Yes,11-20,5-6 Days,False
ORD101924,CUST1918,Fashion,4744.16,18.1,2.0,4.8,No,11-20,0-2 Days,False
ORD101925,CUST1581,Beauty,3808.65,22.4,3.0,3.5,No,21-30,3-4 Days,False
ORD101926,CUST1172,Electronics,7175.66,2.0,6.0,3.8,No,0-10,5-6 Days,False
ORD101927,CUST1937,Home & Kitchen,10553.54,0.0,7.0,3.9,No,0-10,7-8 Days,False
ORD101928,CUST1420,Fashion,5368.65,16.0,4.0,3.6,No,11-20,3-4 Days,False
ORD101929,CUST1736,Home & Kitchen,17693.31,32.8,6.0,3.2,No,31-40,5-6 Days,False
ORD101930,CUST1414,Electronics,40097.69,15.2,6.0,5.0,No,11-20,5-6 Days,True
ORD101931,CUST1561,Home & Kitchen,8557.63,9.7,7.0,4.1,No,0-10,7-8 Days,False
ORD101932,CUST1236,Home & Kitchen,3063.19,12.8,2.0,2.5,No,11-20,0-2 Days,False
ORD101933,CUST1621,Home & Kitchen,11136.12,18.2,7.0,3.9,No,11-20,7-8 Days,False
ORD101934,CUST1887,Home & Kitchen,3915.86,19.7,6.0,2.6,No,11-20,5-6 Days,False
ORD101935,CUST1785,Home & Kitchen,23732.49,57.5,8.0,3.1,Yes,41+,7-8 Days,False
ORD101936,CUST1670,Beauty,3008.47,40.8,3.0,3.9,No,41+,3-4 Days,False
ORD101937,CUST1239,Fashion,2879.44,40.4,3.0,4.2,No,41+,3-4 Days,False
ORD101938,CUST1380,Beauty,4667.93,42.5,4.0,1.8,No,41+,3-4 Days,False
ORD101939,CUST1457,Fashion,4234.61,10.0,3.0,5.0,Yes,0-10,3-4 Days,False
ORD101940,CUST1516,Electronics,22051.87,6.7,5.0,3.3,No,0-10,5-6 Days,False
ORD101941,CUST1204,Electronics,49658.23,8.4,4.0,3.6,No,0-10,3-4 Days,True
ORD101942,CUST1419,Fashion,7003.64,45.0,6.0,5.0,No,41+,5-6 Days,False
ORD101943,CUST1084,Beauty,4136.15,16.8,6.0,5.0,No,11-20,5-6 Days,False
ORD101944,CUST1913,Beauty,567.7,6.2,6.0,3.3,No,0-10,5-6 Days,False
ORD101945,CUST1214,Beauty,3528.04,18.5,8.0,4.7,No,11-20,7-8 Days,False
ORD101946,CUST1391,Home & Kitchen,19271.74,21.4,5.0,3.9,No,21-30,5-6 Days,False
ORD101947,CUST1359,Fashion,1523.77,29.0,5.0,5.0,Yes,21-30,5-6 Days,False
ORD101948,CUST1373,Electronics,17576.89,28.8,4.0,3.3,No,21-30,3-4 Days,False
ORD101949,CUST1574,Fashion,7118.71,12.6,7.0,5.0,Yes,11-20,7-8 Days,False
ORD101950,CUST1058,Fashion,650.91,35.3,5.0,3.3,No,31-40,5-6 Days,False
ORD101951,CUST1684,Electronics,46399.99,15.4,6.0,2.9,No,11-20,5-6 Days,True
ORD101952,CUST1826,Fashion,4053.3,22.7,6.0,3.6,No,21-30,5-6 Days,False
ORD101953,CUST1437,Home & Kitchen,11611.89,35.3,8.0,2.5,No,31-40,7-8 Days,False
ORD101954,CUST1874,Beauty,340.45,15.4,4.0,3.1,No,11-20,3-4 Days,False
ORD101955,CUST1764,Sports,12417.39,16.5,8.0,3.5,Yes,11-20,7-8 Days,False
ORD101956,CUST1840,Sports,5845.5,33.9,4.0,3.6,No,31-40,3-4 Days,False
ORD101957,CUST1649,Home & Kitchen,13886.53,12.1,7.0,4.5,No,11-20,7-8 Days,False
ORD101958,CUST1750,Fashion,5579.76,19.2,7.0,4.5,No,11-20,7-8 Days,False
ORD101959,CUST1518,Home & Kitchen,17803.64,33.3,4.0,3.8,No,31-40,3-4 Days,False
ORD101960,CUST1787,Beauty,5749.09,55.8,6.0,2.4,Yes,41+,5-6 Days,False
ORD101961,CUST1086,Electronics,34223.7,34.1,5.0,2.1,No,31-40,5-6 Days,True
ORD101962,CUST1879,Fashion,3497.9,32.1,8.0,3.4,No,31-40,7-8 Days,False
ORD101963,CUST1148,Beauty,5736.11,33.0,7.0,3.1,No,31-40,7-8 Days,False
ORD101964,CUST1576,Fashion,5315.83,8.9,5.0,3.3,No,0-10,5-6 Days,False
ORD101965,CUST1980,Home & Kitchen,8015.24,26.7,4.0,5.0,No,21-30,3-4 Days,False
ORD101966,CUST1475,Home & Kitchen,3860.43,24.6,5.0,3.3,No,21-30,5-6 Days,False
ORD101967,CUST1667,Electronics,51340.5,29.8,4.0,3.1,No,21-30,3-4 Days,True
ORD101968,CUST1135,Fashion,3216.36,26.7,11.0,3.8,Yes,21-30,9+ Days,False
ORD101969,CUST1118,Fashion,5453.52,30.7,5.0,3.4,Yes,31-40,5-6 Days,False
ORD101970,CUST1536,Electronics,30894.9,20.3,2.0,4.3,No,21-30,0-2 Days,False
ORD101971,CUST1379,Electronics,15941.14,25.9,4.0,4.0,Yes,21-30,3-4 Days,False
ORD101972,CUST1264,Beauty,3729.61,6.6,5.0,5.0,No,0-10,5-6 Days,False
ORD101973,CUST1323,Fashion,955.12,20.2,5.0,3.6,Yes,21-30,5-6 Days,False
ORD101974,CUST1011,Home & Kitchen,10802.89,45.9,5.0,5.0,No,41+,5-6 Days,False
ORD101975,CUST1868,Fashion,4599.61,29.8,6.0,4.4,No,21-30,5-6 Days,False
ORD101976,CUST1578,Sports,6935.47,24.7,6.0,4.2,No,21-30,5-6 Days,False
ORD101977,CUST1897,Fashion,6115.04,53.4,8.0,2.2,No,41+,7-8 Days,False
ORD101978,CUST1263,Fashion,6709.44,4.6,6.0,2.1,No,0-10,5-6 Days,False
ORD101979,CUST1024,Sports,11728.78,8.4,12.0,2.5,No,0-10,9+ Days,False
ORD101980,CUST1908,Beauty,521.23,50.7,5.0,4.0,No,41+,5-6 Days,False
ORD101981,CUST1831,Electronics,15677.08,25.7,4.0,4.4,No,21-30,3-4 Days,False
ORD101982,CUST1840,Beauty,3358.66,21.4,5.0,4.2,No,21-30,5-6 Days,False
ORD101983,CUST1141,Fashion,7511.17,7.0,1.0,3.8,No,0-10,0-2 Days,False
ORD101984,CUST1454,Fashion,6762.18,31.7,7.0,4.5,No,31-40,7-8 Days,False
ORD101985,CUST1231,Electronics,51339.4,33.2,8.0,4.8,Yes,31-40,7-8 Days,True
ORD101986,CUST1600,Electronics,21676.45,8.6,2.0,3.6,No,0-10,0-2 Days,False
ORD101987,CUST1116,Beauty,2747.85,22.9,6.0,4.2,Yes,21-30,5-6 Days,False
ORD101988,CUST1280,Fashion,4030.29,20.0,7.0,4.1,No,11-20,7-8 Days,False
ORD101989,CUST1550,Fashion,1680.29,28.8,5.0,4.4,No,21-30,5-6 Days,False
ORD101990,CUST1199,Beauty,477.09,8.2,4.0,4.1,No,0-10,3-4 Days,False
ORD101991,CUST1778,Beauty,5697.35,43.8,4.0,4.0,No,41+,3-4 Days,False
ORD101992,CUST1670,Electronics,18239.19,38.7,4.0,3.3,Yes,31-40,3-4 Days,False
ORD101993,CUST1743,Home & Kitchen,6606.76,19.6,5.0,4.0,No,11-20,5-6 Days,False
ORD101994,CUST1856,Electronics,9585.85,21.8,7.0,3.5,No,21-30,7-8 Days,False
ORD101995,CUST1283,Beauty,5592.49,23.0,4.0,2.9,No,21-30,3-4 Days,False
ORD101996,CUST1286,Home & Kitchen,14829.64,13.3,5.0,4.0,No,11-20,5-6 Days,False
ORD101997,CUST1128,Sports,10238.63,18.3,7.0,3.0,Yes,11-20,7-8 Days,False
ORD101998,CUST1207,Electronics,55136.73,20.9,6.0,3.8,No,21-30,5-6 Days,True
ORD101999,CUST1885,Electronics,24009.11,49.2,8.0,3.5,No,41+,7-8 Days,False
ORD102000,CUST1258,Fashion,5161.3,39.2,6.0,3.4,No,31-40,5-6 Days,False
ORD102001,CUST1776,Fashion,791.0,39.0,2.0,4.9,No,31-40,0-2 Days,False
ORD102002,CUST1657,Fashion,1900.79,30.5,9.0,5.0,No,31-40,9+ Days,False
ORD102003,CUST1511,Sports,12586.82,8.2,7.0,3.6,No,0-10,7-8 Days,False
ORD102004,CUST1560,Fashion,6250.76,24.4,5.0,4.6,No,21-30,5-6 Days,False
ORD102005,CUST1064,Fashion,3129.82,39.6,11.0,2.5,No,31-40,9+ Days,False
ORD102006,CUST1701,Beauty,2447.82,6.1,4.0,2.9,No,0-10,3-4 Days,False
ORD102007,CUST1141,Fashion,4501.66,34.5,6.0,3.8,No,31-40,5-6 Days,False
ORD102008,CUST1978,Beauty,301.37,59.8,7.0,2.9,No,41+,7-8 Days,False
ORD102009,CUST1917,Electronics,18268.44,40.9,6.0,4.1,No,41+,5-6 Days,False
ORD102010,CUST1740,Fashion,2061.74,46.2,8.0,4.0,No,41+,7-8 Days,False
ORD102011,CUST1972,Electronics,18776.56,28.3,7.0,3.8,Yes,21-30,7-8 Days,False
ORD102012,CUST1107,Electronics,49324.82,39.5,4.0,5.0,No,31-40,3-4 Days,True
ORD102013,CUST1642,Sports,4699.34,14.2,9.0,4.1,Yes,11-20,9+ Days,False
ORD102014,CUST1895,Electronics,15533.67,36.9,7.0,4.3,No,31-40,7-8 Days,False
ORD102015,CUST1852,Home & Kitchen,13003.18,34.8,8.0,4.2,No,31-40,7-8 Days,False
ORD102016,CUST1663,Fashion,6992.34,29.3,7.0,3.1,No,21-30,7-8 Days,False
ORD102017,CUST1213,Fashion,2310.12,44.7,5.0,5.0,No,41+,5-6 Days,False
ORD102018,CUST1735,Sports,1823.07,16.9,7.0,2.7,No,11-20,7-8 Days,False
ORD102019,CUST1016,Electronics,24602.26,22.2,7.0,4.0,No,21-30,7-8 Days,False
ORD102020,CUST1653,Home & Kitchen,18893.17,26.4,5.0,4.4,No,21-30,5-6 Days,False
ORD102021,CUST1388,Sports,8574.87,9.6,4.0,4.6,No,0-10,3-4 Days,False
ORD102022,CUST1258,Home & Kitchen,20566.4,28.4,7.0,3.6,No,21-30,7-8 Days,False
ORD102023,CUST1114,Sports,14422.17,0.0,3.0,4.4,No,0-10,3-4 Days,False
ORD102024,CUST1833,Electronics,48596.44,40.7,8.0,3.0,No,41+,7-8 Days,True
ORD102025,CUST1538,Fashion,5028.52,25.7,7.0,5.0,Yes,21-30,7-8 Days,False
ORD102026,CUST1798,Fashion,4200.06,17.2,3.0,3.7,No,11-20,3-4 Days,False
ORD102027,CUST1886,Beauty,528.39,12.5,7.0,3.4,No,11-20,7-8 Days,False
ORD102028,CUST1038,Sports,14775.8,21.5,4.0,3.3,No,21-30,3-4 Days,False
ORD102029,CUST1916,Fashion,3376.11,35.3,6.0,4.0,No,31-40,5-6 Days,False
ORD102030,CUST1025,Home & Kitchen,4483.92,33.2,7.0,2.5,No,31-40,7-8 Days,False
ORD102031,CUST1893,Electronics,41668.99,14.4,4.0,4.5,No,11-20,3-4 Days,True
ORD102032,CUST1052,Home & Kitchen,7679.78,12.3,7.0,3.3,Yes,11-20,7-8 Days,False
ORD102033,CUST1851,Fashion,4893.34,34.9,8.0,4.8,Yes,31-40,7-8 Days,False
ORD102034,CUST1091,Sports,9090.78,14.2,5.0,2.8,No,11-20,5-6 Days,False
ORD102035,CUST1138,Home & Kitchen,11586.66,25.9,4.0,3.9,No,21-30,3-4 Days,False
ORD102036,CUST1937,Fashion,6770.89,26.9,10.0,4.2,Yes,21-30,9+ Days,False
ORD102037,CUST1209,Electronics,19573.19,29.7,8.0,4.3,Yes,21-30,7-8 Days,False
ORD102038,CUST1061,Electronics,29674.79,37.9,7.0,3.4,No,31-40,7-8 Days,False
ORD102039,CUST1111,Fashion,4532.69,6.1,12.0,2.8,No,0-10,9+ Days,False
ORD102040,CUST1258,Fashion,5477.19,0.0,2.0,3.4,No,0-10,0-2 Days,False
ORD102041,CUST1849,Sports,11910.8,16.5,8.0,3.8,No,11-20,7-8 Days,False
ORD102042,CUST1135,Home & Kitchen,10354.34,52.0,8.0,3.8,No,41+,7-8 Days,False
ORD102043,CUST1060,Home & Kitchen,16434.34,55.3,5.0,2.5,No,41+,5-6 Days,False
ORD102044,CUST1189,Electronics,13283.6,52.5,5.0,3.2,No,41+,5-6 Days,False
ORD102045,CUST1336,Sports,14036.87,22.1,3.0,2.4,No,21-30,3-4 Days,False
ORD102046,CUST1625,Beauty,2483.44,0.0,7.0,3.4,No,0-10,7-8 Days,False
ORD102047,CUST1027,Electronics,45123.68,0.0,6.0,3.3,No,0-10,5-6 Days,True
ORD102048,CUST1001,Beauty,415.94,15.8,7.0,2.8,Yes,11-20,7-8 Days,False
ORD102049,CUST1726,Home & Kitchen,5765.53,22.0,10.0,5.0,No,21-30,9+ Days,False
ORD102050,CUST1086,Electronics,31789.54,44.5,7.0,4.7,No,41+,7-8 Days,False
ORD102051,CUST1667,Fashion,7086.89,38.0,7.0,4.0,Yes,31-40,7-8 Days,False
ORD102052,CUST1080,Fashion,4454.41,28.4,8.0,3.7,No,21-30,7-8 Days,False
ORD102053,CUST1572,Electronics,56142.88,11.7,7.0,4.5,No,11-20,7-8 Days,True
ORD102054,CUST1821,Sports,7618.3,10.6,9.0,3.0,No,11-20,9+ Days,False
ORD102055,CUST1548,Beauty,3095.56,28.8,3.0,4.0,No,21-30,3-4 Days,False
ORD102056,CUST1464,Home & Kitchen,3697.87,35.5,6.0,3.3,Yes,31-40,5-6 Days,False
ORD102057,CUST1408,Fashion,6519.92,30.9,11.0,5.0,No,31-40,9+ Days,False
ORD102058,CUST1803,Fashion,2352.24,9.5,4.0,2.7,No,0-10,3-4 Days,False
ORD102059,CUST1801,Home & Kitchen,22570.62,34.8,7.0,3.6,No,31-40,7-8 Days,False
ORD102060,CUST1401,Home & Kitchen,22841.95,31.4,7.0,2.8,Yes,31-40,7-8 Days,False
ORD102061,CUST1837,Electronics,56882.06,8.9,8.0,4.4,No,0-10,7-8 Days,True
ORD102062,CUST1931,Home & Kitchen,13389.58,13.2,4.0,4.4,Yes,11-20,3-4 Days,False
ORD102063,CUST1467,Beauty,4159.43,35.3,11.0,3.2,No,31-40,9+ Days,False
ORD102064,CUST1875,Fashion,6338.87,21.5,5.0,2.8,No,21-30,5-6 Days,False
ORD102065,CUST1175,Electronics,12205.8,48.8,6.0,3.5,No,41+,5-6 Days,False
ORD102066,CUST1866,Beauty,3725.46,32.5,2.0,3.2,No,31-40,0-2 Days,False
ORD102067,CUST1864,Electronics,6886.38,17.7,5.0,3.9,Yes,11-20,5-6 Days,False
ORD102068,CUST1601,Fashion,4231.75,24.8,5.0,5.0,Yes,21-30,5-6 Days,False
ORD102069,CUST1059,Electronics,13516.35,26.0,7.0,4.3,No,21-30,7-8 Days,False
ORD102070,CUST1573,Fashion,1871.92,14.1,3.0,4.4,Yes,11-20,3-4 Days,False
ORD102071,CUST1406,Beauty,2380.77,11.3,6.0,3.8,No,11-20,5-6 Days,False
ORD102072,CUST1487,Home & Kitchen,11264.98,35.5,6.0,5.0,No,31-40,5-6 Days,False
ORD102073,CUST1754,Electronics,39274.48,37.7,6.0,3.9,No,31-40,5-6 Days,True
ORD102074,CUST1283,Sports,1764.33,34.1,8.0,4.4,No,31-40,7-8 Days,False
ORD102075,CUST1737,Sports,7902.79,47.7,8.0,4.7,Yes,41+,7-8 Days,False
ORD102076,CUST1456,Sports,3311.54,16.9,7.0,3.8,No,11-20,7-8 Days,False
ORD102077,CUST1222,Fashion,4804.81,50.1,5.0,4.0,No,41+,5-6 Days,False
ORD102078,CUST1880,Fashion,5280.53,11.5,6.0,3.3,No,11-20,5-6 Days,False
ORD102079,CUST1602,Sports,8660.94,9.8,3.0,3.8,No,0-10,3-4 Days,False
ORD102080,CUST1527,Beauty,4508.28,0.0,5.0,5.0,No,0-10,5-6 Days,False
ORD102081,CUST1932,Electronics,23458.51,18.3,10.0,4.7,Yes,11-20,9+ Days,False
ORD102082,CUST1877,Electronics,47080.86,17.4,7.0,4.4,No,11-20,7-8 Days,True
ORD102083,CUST1185,Fashion,3745.75,32.9,5.0,4.5,Yes,31-40,5-6 Days,False
ORD102084,CUST1716,Sports,7623.84,28.7,9.0,3.8,No,21-30,9+ Days,False
ORD102085,CUST1041,Home & Kitchen,16484.07,7.1,6.0,4.6,No,0-10,5-6 Days,False
ORD102086,CUST1429,Fashion,637.69,19.1,9.0,3.7,No,11-20,9+ Days,False
ORD102087,CUST1683,Electronics,40969.68,19.4,4.0,2.5,No,11-20,3-4 Days,True
ORD102088,CUST1780,Home & Kitchen,15769.76,0.0,4.0,5.0,No,0-10,3-4 Days,False
ORD102089,CUST1708,Beauty,2066.13,10.3,4.0,3.6,No,11-20,3-4 Days,False
ORD102090,CUST1250,Fashion,1143.46,13.4,6.0,4.6,No,11-20,5-6 Days,False
ORD102091,CUST1707,Beauty,818.33,46.5,9.0,3.5,No,41+,9+ Days,False
ORD102092,CUST1485,Sports,13902.1,27.9,6.0,1.6,No,21-30,5-6 Days,False
ORD102093,CUST1230,Electronics,42910.36,34.9,8.0,3.7,No,31-40,7-8 Days,True
ORD102094,CUST1608,Home & Kitchen,3875.88,2.5,5.0,2.3,No,0-10,5-6 Days,False
ORD102095,CUST1730,Fashion,3175.42,42.9,7.0,4.4,No,41+,7-8 Days,False
ORD102096,CUST1004,Beauty,3677.15,44.5,8.0,3.6,No,41+,7-8 Days,False
ORD102097,CUST1449,Home & Kitchen,21020.84,0.0,3.0,4.8,No,0-10,3-4 Days,False
ORD102098,CUST1887,Home & Kitchen,1856.59,14.4,4.0,4.0,No,11-20,3-4 Days,False
ORD102099,CUST1511,Beauty,1648.81,32.4,3.0,3.0,No,31-40,3-4 Days,False
ORD102100,CUST1517,Fashion,6865.2,34.7,5.0,4.3,No,31-40,5-6 Days,False
ORD102101,CUST1898,Sports,831.07,14.8,6.0,2.6,No,11-20,5-6 Days,False
ORD102102,CUST1046,Home & Kitchen,5673.86,20.4,7.0,3.6,No,21-30,7-8 Days,False
ORD102103,CUST1331,Electronics,57746.33,16.0,5.0,2.3,No,11-20,5-6 Days,True
ORD102104,CUST1126,Home & Kitchen,15644.32,26.7,1.0,4.1,No,21-30,0-2 Days,False
ORD102105,CUST1137,Beauty,1791.53,43.0,7.0,4.0,Yes,41+,7-8 Days,False
ORD102106,CUST1648,Fashion,1002.43,13.4,5.0,3.9,No,11-20,5-6 Days,False
ORD102107,CUST1826,Sports,1103.14,40.0,4.0,3.1,No,31-40,3-4 Days,False
ORD102108,CUST1871,Sports,4199.85,13.3,6.0,4.9,No,11-20,5-6 Days,False
ORD102109,CUST1831,Fashion,7111.14,12.3,7.0,4.5,Yes,11-20,7-8 Days,False
ORD102110,CUST1189,Sports,6647.57,37.3,5.0,4.0,No,31-40,5-6 Days,False
ORD102111,CUST1143,Electronics,44618.34,38.8,6.0,3.3,No,31-40,5-6 Days,True
ORD102112,CUST1585,Electronics,55505.68,37.8,5.0,3.5,Yes,31-40,5-6 Days,True
ORD102113,CUST1426,Electronics,27442.23,5.3,5.0,3.8,No,0-10,5-6 Days,False
ORD102114,CUST1178,Sports,3435.27,18.0,5.0,2.9,No,11-20,5-6 Days,False
ORD102115,CUST1350,Home & Kitchen,13314.25,37.3,2.0,4.5,No,31-40,0-2 Days,False
ORD102116,CUST1477,Electronics,54944.6,25.6,7.0,4.8,No,21-30,7-8 Days,True
ORD102117,CUST1435,Fashion,6532.81,8.9,6.0,5.0,Yes,0-10,5-6 Days,False
ORD102118,CUST1921,Home & Kitchen,2393.08,31.9,6.0,3.5,Yes,31-40,5-6 Days,False
ORD102119,CUST1918,Electronics,43091.5,14.3,7.0,4.9,No,11-20,7-8 Days,True
ORD102120,CUST1226,Sports,8878.13,51.9,6.0,5.0,No,41+,5-6 Days,False
ORD102121,CUST1278,Beauty,5472.54,48.2,2.0,3.3,No,41+,0-2 Days,False
ORD102122,CUST1750,Home & Kitchen,3764.05,34.1,4.0,3.0,No,31-40,3-4 Days,False
ORD102123,CUST1094,Sports,8336.72,45.4,7.0,4.7,Yes,41+,7-8 Days,False
ORD102124,CUST1885,Fashion,7095.97,26.0,6.0,3.4,No,21-30,5-6 Days,False
ORD102125,CUST1330,Sports,6563.34,36.5,3.0,3.2,Yes,31-40,3-4 Days,False
ORD102126,CUST1709,Home & Kitchen,12464.28,47.2,7.0,4.5,Yes,41+,7-8 Days,False
ORD102127,CUST1965,Home & Kitchen,2505.15,28.7,7.0,2.7,No,21-30,7-8 Days,False
ORD102128,CUST1450,Electronics,20297.9,21.2,5.0,3.4,No,21-30,5-6 Days,False
ORD102129,CUST1478,Sports,5340.45,0.0,6.0,2.3,Yes,0-10,5-6 Days,False
ORD102130,CUST1576,Fashion,7588.42,23.8,3.0,3.1,Yes,21-30,3-4 Days,False
ORD102131,CUST1150,Electronics,20546.7,37.4,10.0,3.3,No,31-40,9+ Days,False
ORD102132,CUST1653,Electronics,30347.78,39.2,5.0,3.2,No,31-40,5-6 Days,False
ORD102133,CUST1743,Home & Kitchen,17045.57,32.6,3.0,3.5,Yes,31-40,3-4 Days,False
ORD102134,CUST1985,Home & Kitchen,4724.84,16.9,2.0,2.2,No,11-20,0-2 Days,False
ORD102135,CUST1510,Beauty,3072.72,0.0,6.0,3.0,No,0-10,5-6 Days,False
ORD102136,CUST1757,Sports,11261.11,17.6,3.0,4.9,Yes,11-20,3-4 Days,False
ORD102137,CUST1923,Electronics,52677.04,20.4,9.0,4.0,No,21-30,9+ Days,True
ORD102138,CUST1815,Beauty,3869.68,20.3,7.0,3.4,No,21-30,7-8 Days,False
ORD102139,CUST1347,Electronics,41797.94,34.3,5.0,3.3,No,31-40,5-6 Days,True
ORD102140,CUST1277,Sports,2505.85,54.8,4.0,4.4,No,41+,3-4 Days,False
ORD102141,CUST1031,Beauty,5690.93,26.9,9.0,3.9,No,21-30,9+ Days,False
ORD102142,CUST1975,Home & Kitchen,4008.29,21.7,1.0,2.9,No,21-30,0-2 Days,False
ORD102143,CUST1377,Beauty,4715.64,21.1,5.0,3.4,No,21-30,5-6 Days,False
ORD102144,CUST1038,Fashion,2486.12,26.9,3.0,2.8,No,21-30,3-4 Days,False
ORD102145,CUST1551,Fashion,7501.95,12.6,8.0,3.2,No,11-20,7-8 Days,False
ORD102146,CUST1676,Beauty,4403.77,26.8,3.0,4.3,No,21-30,3-4 Days,False
ORD102147,CUST1356,Fashion,6153.6,31.8,5.0,4.3,No,31-40,5-6 Days,False
ORD102148,CUST1961,Fashion,2142.94,28.1,6.0,4.6,No,21-30,5-6 Days,False
ORD102149,CUST1267,Fashion,3822.8,31.9,8.0,3.9,No,31-40,7-8 Days,False
ORD102150,CUST1581,Beauty,3821.54,31.5,2.0,2.6,No,31-40,0-2 Days,False
ORD102151,CUST1290,Fashion,6274.8,0.0,6.0,2.8,No,0-10,5-6 Days,False
ORD102152,CUST1229,Electronics,10717.77,34.6,7.0,4.2,No,31-40,7-8 Days,False
ORD102153,CUST1773,Beauty,5785.48,14.9,3.0,3.9,No,11-20,3-4 Days,False
ORD102154,CUST1020,Beauty,5374.26,8.6,4.0,2.9,No,0-10,3-4 Days,False
ORD102155,CUST1063,Electronics,19869.17,8.4,2.0,3.5,No,0-10,0-2 Days,False
ORD102156,CUST1813,Fashion,6670.7,31.5,8.0,5.0,No,31-40,7-8 Days,False
ORD102157,CUST1492,Electronics,33507.82,21.7,4.0,4.5,No,21-30,3-4 Days,False
ORD102158,CUST1170,Fashion,3963.55,0.0,7.0,5.0,No,0-10,7-8 Days,False
ORD102159,CUST1013,Fashion,2858.26,32.2,5.0,2.9,No,31-40,5-6 Days,False
ORD102160,CUST1649,Beauty,3611.52,3.4,5.0,5.0,No,0-10,5-6 Days,False
ORD102161,CUST1389,Home & Kitchen,18463.32,27.1,10.0,3.4,No,21-30,9+ Days,False
ORD102162,CUST1934,Home & Kitchen,10744.58,28.6,12.0,5.0,No,21-30,9+ Days,False
ORD102163,CUST1736,Fashion,5219.14,38.3,9.0,4.1,No,31-40,9+ Days,False
ORD102164,CUST1606,Beauty,4286.08,51.7,8.0,4.3,Yes,41+,7-8 Days,False
ORD102165,CUST1689,Fashion,5833.41,4.5,6.0,4.4,No,0-10,5-6 Days,False
ORD102166,CUST1348,Sports,1443.12,24.2,6.0,3.9,No,21-30,5-6 Days,False
ORD102167,CUST1357,Home & Kitchen,21605.9,20.9,9.0,4.3,No,21-30,9+ Days,False
ORD102168,CUST1668,Electronics,30203.93,31.5,7.0,3.0,No,31-40,7-8 Days,False
ORD102169,CUST1633,Home & Kitchen,7150.47,28.2,6.0,3.7,Yes,21-30,5-6 Days,False
ORD102170,CUST1892,Fashion,2313.23,19.7,7.0,4.4,Yes,11-20,7-8 Days,False
ORD102171,CUST1171,Home & Kitchen,12488.94,18.4,5.0,3.9,Yes,11-20,5-6 Days,False
ORD102172,CUST1198,Electronics,53775.73,8.3,6.0,3.5,No,0-10,5-6 Days,True
ORD102173,CUST1169,Electronics,25809.12,39.8,5.0,4.0,No,31-40,5-6 Days,False
ORD102174,CUST1684,Sports,11421.08,31.9,4.0,2.7,No,31-40,3-4 Days,False
ORD102175,CUST1157,Fashion,1226.14,38.8,6.0,4.6,Yes,31-40,5-6 Days,False
ORD102176,CUST1324,Beauty,3013.52,20.3,8.0,2.1,No,21-30,7-8 Days,False
ORD102177,CUST1210,Fashion,7937.65,15.1,7.0,3.8,No,11-20,7-8 Days,False
ORD102178,CUST1975,Home & Kitchen,19444.59,8.8,9.0,4.4,No,0-10,9+ Days,False
ORD102179,CUST1793,Home & Kitchen,5894.79,30.4,7.0,3.9,Yes,31-40,7-8 Days,False
ORD102180,CUST1196,Home & Kitchen,12934.88,9.4,7.0,3.4,No,0-10,7-8 Days,False
ORD102181,CUST1270,Fashion,2252.19,52.7,5.0,4.7,No,41+,5-6 Days,False
ORD102182,CUST1699,Electronics,27525.85,5.4,4.0,3.2,Yes,0-10,3-4 Days,False
ORD102183,CUST1062,Electronics,47904.62,29.1,6.0,5.0,No,21-30,5-6 Days,True
ORD102184,CUST1498,Fashion,6284.19,48.5,9.0,3.6,No,41+,9+ Days,False
ORD102185,CUST1657,Home & Kitchen,6320.03,34.0,7.0,3.6,No,31-40,7-8 Days,False
ORD102186,CUST1738,Sports,13887.79,27.6,6.0,4.4,No,21-30,5-6 Days,False
ORD102187,CUST1117,Sports,9173.73,10.5,7.0,3.6,No,11-20,7-8 Days,False
ORD102188,CUST1915,Beauty,2465.57,4.3,10.0,3.9,No,0-10,9+ Days,False
ORD102189,CUST1413,Beauty,3161.03,36.6,10.0,4.3,No,31-40,9+ Days,False
ORD102190,CUST1982,Home & Kitchen,15442.72,47.6,7.0,2.8,No,41+,7-8 Days,False
ORD102191,CUST1718,Fashion,4699.18,18.4,5.0,4.3,No,11-20,5-6 Days,False
ORD102192,CUST1868,Sports,7655.59,7.9,6.0,2.4,Yes,0-10,5-6 Days,False
ORD102193,CUST1578,Home & Kitchen,13019.37,0.0,5.0,3.8,No,0-10,5-6 Days,False
ORD102194,CUST1301,Home & Kitchen,5069.17,10.3,4.0,3.5,No,11-20,3-4 Days,False
ORD102195,CUST1327,Electronics,49700.31,23.3,11.0,2.8,Yes,21-30,9+ Days,True
ORD102196,CUST1540,Fashion,4563.2,49.0,4.0,5.0,No,41+,3-4 Days,False
ORD102197,CUST1315,Fashion,1483.1,35.1,8.0,3.9,No,31-40,7-8 Days,False
ORD102198,CUST1950,Sports,11656.05,29.6,10.0,3.3,No,21-30,9+ Days,False
ORD102199,CUST1776,Home & Kitchen,23365.14,19.0,3.0,3.9,Yes,11-20,3-4 Days,False
ORD102200,CUST1733,Fashion,7604.8,16.3,8.0,5.0,No,11-20,7-8 Days,False
ORD102201,CUST1522,Sports,5976.95,46.1,4.0,3.0,No,41+,3-4 Days,False
ORD102202,CUST1277,Electronics,12453.43,28.0,9.0,4.3,No,21-30,9+ Days,False
ORD102203,CUST1803,Fashion,4388.0,0.0,9.0,3.1,No,0-10,9+ Days,False
ORD102204,CUST1004,Electronics,11193.51,14.9,5.0,4.2,No,11-20,5-6 Days,False
ORD102205,CUST1181,Beauty,5623.73,12.1,7.0,3.3,No,11-20,7-8 Days,False
ORD102206,CUST1085,Sports,3325.19,16.8,5.0,3.7,No,11-20,5-6 Days,False
ORD102207,CUST1486,Fashion,2395.74,33.4,5.0,3.9,No,31-40,5-6 Days,False
ORD102208,CUST1537,Sports,6514.9,23.4,6.0,4.9,No,21-30,5-6 Days,False
ORD102209,CUST1532,Fashion,3373.73,23.8,6.0,2.6,No,21-30,5-6 Days,False
ORD102210,CUST1199,Sports,12063.68,44.7,8.0,5.0,No,41+,7-8 Days,False
ORD102211,CUST1711,Beauty,2901.01,14.6,4.0,2.3,No,11-20,3-4 Days,False
ORD102212,CUST1096,Beauty,1273.38,53.0,4.0,4.1,No,41+,3-4 Days,False
ORD102213,CUST1096,Electronics,19696.54,14.9,3.0,3.8,No,11-20,3-4 Days,False
ORD102214,CUST1895,Sports,7980.32,26.3,4.0,3.7,No,21-30,3-4 Days,False
ORD102215,CUST1790,Beauty,1140.49,20.8,4.0,3.8,No,21-30,3-4 Days,False
ORD102216,CUST1561,Fashion,5087.42,26.9,5.0,4.2,No,21-30,5-6 Days,False
ORD102217,CUST1089,Beauty,3524.76,31.7,4.0,4.2,No,31-40,3-4 Days,False
ORD102218,CUST1518,Fashion,5860.27,31.5,7.0,3.7,No,31-40,7-8 Days,False
ORD102219,CUST1947,Sports,14109.18,13.7,7.0,4.4,No,11-20,7-8 Days,False
ORD102220,CUST1923,Electronics,55174.0,8.2,8.0,3.6,No,0-10,7-8 Days,True
ORD102221,CUST1658,Beauty,5692.63,62.5,9.0,3.9,No,41+,9+ Days,False
ORD102222,CUST1510,Home & Kitchen,6722.12,17.7,5.0,4.7,No,11-20,5-6 Days,False
ORD102223,CUST1524,Electronics,12236.09,35.5,5.0,4.7,No,31-40,5-6 Days,False
ORD102224,CUST1028,Fashion,2767.08,0.9,6.0,4.6,No,0-10,5-6 Days,False
ORD102225,CUST1275,Electronics,54229.68,20.8,7.0,3.0,No,21-30,7-8 Days,True
ORD102226,CUST1555,Fashion,7790.4,23.1,8.0,4.1,No,21-30,7-8 Days,False
ORD102227,CUST1465,Fashion,6944.94,32.1,11.0,4.2,No,31-40,9+ Days,False
ORD102228,CUST1099,Home & Kitchen,3462.43,0.0,4.0,5.0,No,0-10,3-4 Days,False
ORD102229,CUST1655,Fashion,7605.71,27.5,4.0,4.4,No,21-30,3-4 Days,False
ORD102230,CUST1453,Fashion,3675.19,7.8,5.0,3.3,Yes,0-10,5-6 Days,False
ORD102231,CUST1292,Beauty,353.07,29.9,3.0,3.5,No,21-30,3-4 Days,False
ORD102232,CUST1609,Electronics,29331.66,9.5,2.0,1.8,Yes,0-10,0-2 Days,False
ORD102233,CUST1597,Sports,1358.79,12.2,5.0,3.7,No,11-20,5-6 Days,False
ORD102234,CUST1995,Sports,8477.45,20.9,7.0,3.5,No,21-30,7-8 Days,False
ORD102235,CUST1810,Home & Kitchen,8993.01,9.2,5.0,3.4,No,0-10,5-6 Days,False
ORD102236,CUST1603,Home & Kitchen,12257.13,17.9,7.0,3.2,No,11-20,7-8 Days,False
ORD102237,CUST1894,Sports,9468.34,7.1,6.0,5.0,Yes,0-10,5-6 Days,False
ORD102238,CUST1301,Electronics,52784.06,0.0,4.0,1.6,No,0-10,3-4 Days,True
ORD102239,CUST1542,Electronics,41404.59,40.3,6.0,2.8,Yes,41+,5-6 Days,True
ORD102240,CUST1807,Fashion,3755.37,5.6,11.0,5.0,No,0-10,9+ Days,False
ORD102241,CUST1174,Beauty,4970.74,22.3,3.0,4.6,No,21-30,3-4 Days,False
ORD102242,CUST1186,Electronics,54807.02,36.3,9.0,4.0,Yes,31-40,9+ Days,True
ORD102243,CUST1030,Home & Kitchen,3698.19,15.8,5.0,3.8,No,11-20,5-6 Days,False
ORD102244,CUST1251,Sports,8306.64,12.6,7.0,3.3,No,11-20,7-8 Days,False
ORD102245,CUST1621,Sports,4768.52,28.4,3.0,2.8,No,21-30,3-4 Days,False
ORD102246,CUST1440,Home & Kitchen,1938.88,41.8,5.0,4.1,No,41+,5-6 Days,False
ORD102247,CUST1213,Electronics,41770.07,7.5,8.0,4.4,Yes,0-10,7-8 Days,True
ORD102248,CUST1730,Beauty,5217.79,22.7,7.0,3.2,No,21-30,7-8 Days,False
ORD102249,CUST1344,Home & Kitchen,4742.24,0.0,4.0,2.3,No,0-10,3-4 Days,False
ORD102250,CUST1694,Electronics,49682.75,19.1,5.0,4.3,No,11-20,5-6 Days,True
ORD102251,CUST1854,Electronics,51936.77,25.5,5.0,4.4,Yes,21-30,5-6 Days,True
ORD102252,CUST1037,Sports,13775.07,12.2,8.0,4.5,No,11-20,7-8 Days,False
ORD102253,CUST1346,Home & Kitchen,7219.9,18.1,6.0,3.7,Yes,11-20,5-6 Days,False
ORD102254,CUST1662,Beauty,5452.53,3.9,8.0,2.1,No,0-10,7-8 Days,False
ORD102255,CUST1494,Sports,5285.48,26.2,5.0,2.8,No,21-30,5-6 Days,False
ORD102256,CUST1097,Home & Kitchen,14166.58,40.8,4.0,4.8,No,41+,3-4 Days,False
ORD102257,CUST1536,Home & Kitchen,2022.28,8.5,4.0,2.7,No,0-10,3-4 Days,False
ORD102258,CUST1325,Fashion,829.11,15.7,4.0,4.4,Yes,11-20,3-4 Days,False
ORD102259,CUST1344,Fashion,5902.8,32.5,4.0,3.0,Yes,31-40,3-4 Days,False
ORD102260,CUST1867,Fashion,3833.6,43.2,5.0,2.9,No,41+,5-6 Days,False
ORD102261,CUST1634,Beauty,1760.87,2.6,7.0,5.0,No,0-10,7-8 Days,False
ORD102262,CUST1086,Home & Kitchen,6865.2,22.5,5.0,5.0,No,21-30,5-6 Days,False
ORD102263,CUST1161,Sports,10280.33,29.2,12.0,3.9,No,21-30,9+ Days,False
ORD102264,CUST1017,Fashion,503.01,23.5,4.0,3.4,Yes,21-30,3-4 Days,False
ORD102265,CUST1244,Home & Kitchen,20302.57,0.0,7.0,4.6,No,0-10,7-8 Days,False
ORD102266,CUST1958,Home & Kitchen,2717.84,32.5,2.0,2.5,Yes,31-40,0-2 Days,False
ORD102267,CUST1780,Home & Kitchen,5434.05,47.8,11.0,4.8,No,41+,9+ Days,False
ORD102268,CUST1798,Beauty,2501.55,26.7,5.0,5.0,No,21-30,5-6 Days,False
ORD102269,CUST1218,Fashion,4136.44,9.5,6.0,4.3,Yes,0-10,5-6 Days,False
ORD102270,CUST1909,Home & Kitchen,9390.88,17.3,4.0,2.9,No,11-20,3-4 Days,False
ORD102271,CUST1006,Electronics,22639.17,51.5,7.0,5.0,No,41+,7-8 Days,False
ORD102272,CUST1963,Fashion,7729.37,38.6,12.0,4.1,No,31-40,9+ Days,False
ORD102273,CUST1381,Fashion,5311.85,34.6,7.0,3.7,No,31-40,7-8 Days,False
ORD102274,CUST1779,Home & Kitchen,1367.08,30.3,4.0,3.0,No,31-40,3-4 Days,False
ORD102275,CUST1235,Sports,6851.52,15.1,3.0,2.9,No,11-20,3-4 Days,False
ORD102276,CUST1384,Home & Kitchen,21975.21,22.0,6.0,4.7,Yes,21-30,5-6 Days,False
ORD102277,CUST1124,Beauty,2018.3,23.8,8.0,3.7,Yes,21-30,7-8 Days,False
ORD102278,CUST1060,Home & Kitchen,3088.26,33.2,4.0,3.7,No,31-40,3-4 Days,False
ORD102279,CUST1501,Home & Kitchen,19152.91,47.6,2.0,3.9,No,41+,0-2 Days,False
ORD102280,CUST1010,Electronics,38330.76,41.8,10.0,2.2,Yes,41+,9+ Days,True
ORD102281,CUST1971,Fashion,4777.34,3.7,7.0,3.8,No,0-10,7-8 Days,False
ORD102282,CUST1528,Fashion,901.82,28.4,7.0,3.8,No,21-30,7-8 Days,False
ORD102283,CUST1596,Fashion,1553.74,36.1,4.0,5.0,No,31-40,3-4 Days,False
ORD102284,CUST1426,Electronics,39240.22,34.3,5.0,4.5,No,31-40,5-6 Days,True
ORD102285,CUST1684,Electronics,16430.31,15.6,7.0,2.8,No,11-20,7-8 Days,False
ORD102286,CUST1147,Fashion,4280.53,68.7,3.0,3.5,No,41+,3-4 Days,False
ORD102287,CUST1457,Sports,8491.81,5.8,8.0,4.6,No,0-10,7-8 Days,False
ORD102288,CUST1612,Fashion,2626.3,8.8,9.0,2.8,No,0-10,9+ Days,False
ORD102289,CUST1783,Fashion,7613.19,28.5,6.0,5.0,Yes,21-30,5-6 Days,False
ORD102290,CUST1727,Electronics,51335.53,56.8,7.0,3.8,No,41+,7-8 Days,True
ORD102291,CUST1597,Home & Kitchen,18281.44,12.5,4.0,4.2,No,11-20,3-4 Days,False
ORD102292,CUST1551,Fashion,1084.95,21.0,7.0,3.4,Yes,21-30,7-8 Days,False
ORD102293,CUST1005,Electronics,10837.15,41.2,7.0,3.4,No,41+,7-8 Days,False
ORD102294,CUST1499,Home & Kitchen,12725.31,24.7,6.0,3.1,No,21-30,5-6 Days,False
ORD102295,CUST1598,Electronics,13839.23,20.0,9.0,5.0,No,11-20,9+ Days,False
ORD102296,CUST1505,Electronics,58804.6,33.5,8.0,4.3,Yes,31-40,7-8 Days,True
ORD102297,CUST1287,Electronics,13718.61,29.1,6.0,3.0,No,21-30,5-6 Days,False
ORD102298,CUST1207,Electronics,31810.73,40.5,3.0,4.4,Yes,41+,3-4 Days,False
ORD102299,CUST1924,Electronics,25026.66,44.4,3.0,4.6,Yes,41+,3-4 Days,False
ORD102300,CUST1550,Fashion,5295.4,29.6,10.0,4.7,No,21-30,9+ Days,False
ORD102301,CUST1256,Beauty,1035.51,29.4,5.0,4.0,No,21-30,5-6 Days,False
ORD102302,CUST1692,Home & Kitchen,11213.66,28.2,6.0,3.9,No,21-30,5-6 Days,False
ORD102303,CUST1911,Home & Kitchen,7447.86,32.3,12.0,3.1,No,31-40,9+ Days,False
ORD102304,CUST1019,Fashion,7158.14,25.8,4.0,4.9,No,21-30,3-4 Days,False
ORD102305,CUST1163,Sports,1280.38,25.0,4.0,4.3,No,21-30,3-4 Days,False
ORD102306,CUST1978,Fashion,7352.96,42.9,5.0,4.6,No,41+,5-6 Days,False
ORD102307,CUST1714,Electronics,50814.68,47.7,4.0,2.3,No,41+,3-4 Days,True
ORD102308,CUST1783,Home & Kitchen,8001.21,2.4,7.0,4.6,No,0-10,7-8 Days,False
ORD102309,CUST1882,Electronics,48410.99,25.2,8.0,3.8,Yes,21-30,7-8 Days,True
ORD102310,CUST1600,Fashion,734.1,14.7,3.0,4.5,No,11-20,3-4 Days,False
ORD102311,CUST1175,Home & Kitchen,24198.15,20.3,5.0,2.8,No,21-30,5-6 Days,False
ORD102312,CUST1952,Sports,8230.31,31.0,4.0,5.0,No,31-40,3-4 Days,False
ORD102313,CUST1243,Fashion,2774.61,35.0,6.0,3.3,No,31-40,5-6 Days,False
ORD102314,CUST1660,Beauty,2366.72,23.3,8.0,4.7,No,21-30,7-8 Days,False
ORD102315,CUST1997,Sports,1649.6,0.0,6.0,3.6,No,0-10,5-6 Days,False
ORD102316,CUST1971,Electronics,59414.22,10.5,5.0,5.0,No,11-20,5-6 Days,True
ORD102317,CUST1777,Fashion,794.69,38.4,6.0,4.0,Yes,31-40,5-6 Days,False
ORD102318,CUST1517,Fashion,5411.8,0.0,8.0,5.0,No,0-10,7-8 Days,False
ORD102319,CUST1651,Fashion,3820.52,42.8,7.0,3.7,No,41+,7-8 Days,False
ORD102320,CUST1886,Fashion,7616.87,32.8,4.0,2.9,Yes,31-40,3-4 Days,False
ORD102321,CUST1103,Sports,4217.8,44.7,7.0,4.0,No,41+,7-8 Days,False
ORD102322,CUST1859,Beauty,3332.89,22.0,6.0,3.7,Yes,21-30,5-6 Days,False
ORD102323,CUST1770,Home & Kitchen,12473.02,0.0,5.0,3.3,No,0-10,5-6 Days,False
ORD102324,CUST1692,Fashion,5771.5,31.5,3.0,4.8,Yes,31-40,3-4 Days,False
ORD102325,CUST1246,Beauty,687.66,44.1,6.0,2.7,No,41+,5-6 Days,False
ORD102326,CUST1148,Sports,3471.18,38.9,6.0,5.0,No,31-40,5-6 Days,False
ORD102327,CUST1533,Beauty,1523.02,15.1,6.0,3.7,No,11-20,5-6 Days,False
ORD102328,CUST1819,Electronics,45598.29,26.3,4.0,2.7,No,21-30,3-4 Days,True
ORD102329,CUST1670,Home & Kitchen,5377.16,17.0,7.0,4.1,No,11-20,7-8 Days,False
ORD102330,CUST1176,Electronics,36542.05,12.7,6.0,3.9,No,11-20,5-6 Days,True
ORD102331,CUST1769,Fashion,2114.33,39.3,6.0,3.7,Yes,31-40,5-6 Days,False
ORD102332,CUST1419,Electronics,52389.37,7.0,7.0,3.3,No,0-10,7-8 Days,True
ORD102333,CUST1922,Home & Kitchen,23600.89,11.6,6.0,4.9,No,11-20,5-6 Days,False
ORD102334,CUST1992,Home & Kitchen,13347.53,8.4,7.0,4.2,No,0-10,7-8 Days,False
ORD102335,CUST1777,Electronics,24376.99,2.6,3.0,3.4,No,0-10,3-4 Days,False
ORD102336,CUST1113,Fashion,2255.43,27.2,13.0,4.1,Yes,21-30,9+ Days,False
ORD102337,CUST1168,Fashion,873.36,42.4,8.0,3.2,No,41+,7-8 Days,False
ORD102338,CUST1533,Fashion,2513.75,22.2,5.0,4.6,No,21-30,5-6 Days,False
ORD102339,CUST1080,Electronics,40982.97,2.4,6.0,5.0,No,0-10,5-6 Days,True
ORD102340,CUST1908,Fashion,4502.13,37.6,8.0,4.7,Yes,31-40,7-8 Days,False
ORD102341,CUST1228,Beauty,5681.04,50.3,2.0,3.3,No,41+,0-2 Days,False
ORD102342,CUST1037,Electronics,26795.25,15.3,6.0,3.0,No,11-20,5-6 Days,False
ORD102343,CUST1603,Electronics,43162.48,17.8,7.0,3.9,No,11-20,7-8 Days,True
ORD102344,CUST1327,Fashion,4169.92,32.7,6.0,2.5,No,31-40,5-6 Days,False
ORD102345,CUST1990,Sports,8029.84,49.3,3.0,4.5,No,41+,3-4 Days,False
ORD102346,CUST1152,Home & Kitchen,7280.14,17.2,6.0,4.3,No,11-20,5-6 Days,False
ORD102347,CUST1178,Home & Kitchen,11809.81,5.0,3.0,3.7,No,0-10,3-4 Days,False
ORD102348,CUST1182,Fashion,4030.89,34.5,5.0,3.6,No,31-40,5-6 Days,False
ORD102349,CUST1990,Home & Kitchen,17900.75,37.0,6.0,3.7,No,31-40,5-6 Days,False
ORD102350,CUST1468,Electronics,56735.2,25.1,7.0,5.0,Yes,21-30,7-8 Days,True
ORD102351,CUST1622,Home & Kitchen,8769.57,16.6,4.0,3.5,No,11-20,3-4 Days,False
ORD102352,CUST1872,Sports,1303.47,39.9,7.0,2.8,No,31-40,7-8 Days,False
ORD102353,CUST1109,Home & Kitchen,12810.34,32.9,7.0,3.2,No,31-40,7-8 Days,False
ORD102354,CUST1156,Sports,8485.8,13.5,4.0,4.6,No,11-20,3-4 Days,False
ORD102355,CUST1260,Beauty,1260.11,25.7,5.0,3.0,No,21-30,5-6 Days,False
ORD102356,CUST1396,Electronics,46825.55,4.7,5.0,4.8,No,0-10,5-6 Days,True
ORD102357,CUST1579,Sports,14784.49,35.3,8.0,3.6,No,31-40,7-8 Days,False
ORD102358,CUST1933,Electronics,57017.61,21.1,5.0,2.4,No,21-30,5-6 Days,True
ORD102359,CUST1260,Home & Kitchen,5569.97,18.5,8.0,4.4,No,11-20,7-8 Days,False
ORD102360,CUST1271,Electronics,53144.98,24.5,6.0,3.6,No,21-30,5-6 Days,True
ORD102361,CUST1412,Electronics,43747.15,25.6,3.0,4.1,No,21-30,3-4 Days,True
ORD102362,CUST1037,Fashion,3903.85,38.4,7.0,3.3,No,31-40,7-8 Days,False
ORD102363,CUST1393,Fashion,4554.58,33.9,6.0,4.8,Yes,31-40,5-6 Days,False
ORD102364,CUST1782,Fashion,6872.0,22.7,4.0,4.2,Yes,21-30,3-4 Days,False
ORD102365,CUST1635,Home & Kitchen,12419.27,36.5,3.0,5.0,No,31-40,3-4 Days,False
ORD102366,CUST1224,Electronics,25526.41,31.0,9.0,4.4,No,31-40,9+ Days,False
ORD102367,CUST1195,Electronics,32128.61,18.6,2.0,3.6,No,11-20,0-2 Days,False
ORD102368,CUST1367,Home & Kitchen,14814.94,23.1,6.0,3.1,No,21-30,5-6 Days,False
ORD102369,CUST1894,Fashion,1918.08,22.8,5.0,2.7,No,21-30,5-6 Days,False
ORD102370,CUST1594,Beauty,5435.17,32.6,7.0,3.7,No,31-40,7-8 Days,False
ORD102371,CUST1562,Home & Kitchen,17115.32,19.5,4.0,3.7,No,11-20,3-4 Days,False
ORD102372,CUST1078,Beauty,3909.63,19.1,6.0,5.0,No,11-20,5-6 Days,False
ORD102373,CUST1537,Home & Kitchen,3207.81,54.5,4.0,3.5,No,41+,3-4 Days,False
ORD102374,CUST1807,Fashion,5031.3,39.1,8.0,4.6,Yes,31-40,7-8 Days,False
ORD102375,CUST1538,Home & Kitchen,3727.25,13.6,6.0,3.7,No,11-20,5-6 Days,False
ORD102376,CUST1572,Fashion,1090.23,33.6,8.0,5.0,No,31-40,7-8 Days,False
ORD102377,CUST1308,Fashion,4454.83,26.8,7.0,2.5,No,21-30,7-8 Days,False
ORD102378,CUST1582,Beauty,2595.88,30.9,9.0,4.9,No,31-40,9+ Days,False
ORD102379,CUST1666,Fashion,4916.08,27.1,7.0,3.4,No,21-30,7-8 Days,False
ORD102380,CUST1560,Beauty,808.57,42.8,5.0,4.5,No,41+,5-6 Days,False
ORD102381,CUST1566,Beauty,2756.6,30.2,5.0,5.0,No,31-40,5-6 Days,False
ORD102382,CUST1883,Sports,3199.45,24.1,3.0,3.5,No,21-30,3-4 Days,False
ORD102383,CUST1937,Sports,14815.53,40.6,3.0,2.9,No,41+,3-4 Days,False
ORD102384,CUST1372,Fashion,4708.63,28.5,6.0,2.8,No,21-30,5-6 Days,False
ORD102385,CUST1385,Fashion,5655.78,26.8,3.0,3.1,No,21-30,3-4 Days,False
ORD102386,CUST1114,Home & Kitchen,8675.12,29.7,2.0,1.9,Yes,21-30,0-2 Days,False
ORD102387,CUST1277,Fashion,1210.54,23.6,5.0,3.6,No,21-30,5-6 Days,False
ORD102388,CUST1462,Home & Kitchen,24416.07,25.1,7.0,4.3,No,21-30,7-8 Days,False
ORD102389,CUST1622,Beauty,1931.68,16.2,7.0,4.0,No,11-20,7-8 Days,False
ORD102390,CUST1072,Home & Kitchen,11056.16,13.7,10.0,3.5,No,11-20,9+ Days,False
ORD102391,CUST1409,Fashion,5373.98,10.0,4.0,3.1,Yes,0-10,3-4 Days,False
ORD102392,CUST1530,Electronics,6358.35,4.1,10.0,3.3,No,0-10,9+ Days,False
ORD102393,CUST1015,Fashion,6576.94,11.8,7.0,4.0,No,11-20,7-8 Days,False
ORD102394,CUST1042,Electronics,34511.8,22.4,12.0,4.5,No,21-30,9+ Days,True
ORD102395,CUST1020,Sports,4678.51,26.5,6.0,2.6,No,21-30,5-6 Days,False
ORD102396,CUST1016,Fashion,962.06,20.9,3.0,3.9,Yes,21-30,3-4 Days,False
ORD102397,CUST1647,Electronics,13937.41,0.0,8.0,4.0,No,0-10,7-8 Days,False
ORD102398,CUST1733,Electronics,54226.86,48.6,3.0,3.0,Yes,41+,3-4 Days,True
ORD102399,CUST1607,Home & Kitchen,17401.79,41.3,3.0,4.2,No,41+,3-4 Days,False
ORD102400,CUST1093,Home & Kitchen,6847.62,31.7,6.0,4.5,No,31-40,5-6 Days,False
ORD102401,CUST1081,Fashion,992.01,53.6,8.0,3.3,Yes,41+,7-8 Days,False
ORD102402,CUST1901,Electronics,42983.84,10.3,5.0,3.1,No,11-20,5-6 Days,True
ORD102403,CUST1914,Fashion,4793.06,53.3,7.0,5.0,No,41+,7-8 Days,False
ORD102404,CUST1078,Fashion,3533.9,10.5,7.0,4.4,Yes,11-20,7-8 Days,False
ORD102405,CUST1863,Home & Kitchen,9599.4,28.6,3.0,3.9,No,21-30,3-4 Days,False
ORD102406,CUST1498,Home & Kitchen,6046.91,5.9,11.0,3.3,No,0-10,9+ Days,False
ORD102407,CUST1658,Fashion,5522.08,25.2,5.0,3.2,Yes,21-30,5-6 Days,False
ORD102408,CUST1832,Electronics,58386.74,30.8,5.0,4.3,No,31-40,5-6 Days,True
ORD102409,CUST1495,Sports,3212.73,22.7,5.0,3.1,Yes,21-30,5-6 Days,False
ORD102410,CUST1921,Fashion,4978.37,35.7,4.0,3.1,No,31-40,3-4 Days,False
ORD102411,CUST1971,Home & Kitchen,11065.28,26.5,4.0,3.7,No,21-30,3-4 Days,False
ORD102412,CUST1026,Electronics,29567.88,17.2,8.0,4.3,Yes,11-20,7-8 Days,False
ORD102413,CUST1709,Fashion,2406.1,16.5,8.0,5.0,No,11-20,7-8 Days,False
ORD102414,CUST1656,Electronics,50382.42,37.2,8.0,4.0,No,31-40,7-8 Days,True
ORD102415,CUST1959,Home & Kitchen,12543.19,15.2,4.0,3.1,No,11-20,3-4 Days,False
ORD102416,CUST1456,Sports,8470.7,38.7,6.0,3.6,No,31-40,5-6 Days,False
ORD102417,CUST1077,Fashion,2785.71,43.3,8.0,4.8,No,41+,7-8 Days,False
ORD102418,CUST1314,Electronics,14999.47,0.0,8.0,4.8,Yes,0-10,7-8 Days,False
ORD102419,CUST1352,Electronics,9725.07,42.0,5.0,4.8,Yes,41+,5-6 Days,False
ORD102420,CUST1923,Fashion,5855.89,55.9,9.0,4.6,No,41+,9+ Days,False
ORD102421,CUST1945,Electronics,15792.89,28.8,9.0,5.0,No,21-30,9+ Days,False
ORD102422,CUST1986,Electronics,42954.14,34.0,6.0,4.0,No,31-40,5-6 Days,True
ORD102423,CUST1201,Beauty,2525.15,40.6,11.0,4.4,No,41+,9+ Days,False
ORD102424,CUST1303,Fashion,3618.31,20.9,7.0,3.2,No,21-30,7-8 Days,False
ORD102425,CUST1327,Fashion,4018.83,27.7,10.0,4.0,Yes,21-30,9+ Days,False
ORD102426,CUST1123,Sports,5958.23,5.3,9.0,4.0,No,0-10,9+ Days,False
ORD102427,CUST1178,Electronics,10534.1,27.1,7.0,4.4,No,21-30,7-8 Days,False
ORD102428,CUST1302,Sports,5127.73,32.5,5.0,3.3,No,31-40,5-6 Days,False
ORD102429,CUST1008,Fashion,5478.01,32.7,3.0,2.5,Yes,31-40,3-4 Days,False
ORD102430,CUST1002,Sports,10220.72,41.0,4.0,3.3,No,41+,3-4 Days,False
ORD102431,CUST1146,Home & Kitchen,7726.63,13.4,2.0,4.6,No,11-20,0-2 Days,False
ORD102432,CUST1548,Beauty,2922.58,17.0,9.0,3.6,No,11-20,9+ Days,False
ORD102433,CUST1600,Sports,3466.3,53.4,8.0,4.2,No,41+,7-8 Days,False
ORD102434,CUST1631,Fashion,2077.79,22.7,6.0,3.3,Yes,21-30,5-6 Days,False
ORD102435,CUST1482,Sports,1029.57,28.0,3.0,4.6,No,21-30,3-4 Days,False
ORD102436,CUST1042,Fashion,7225.6,24.0,8.0,3.7,No,21-30,7-8 Days,False
ORD102437,CUST1358,Fashion,2080.3,12.7,13.0,3.7,Yes,11-20,9+ Days,False
ORD102438,CUST1651,Fashion,2206.5,49.4,6.0,4.9,No,41+,5-6 Days,False
ORD102439,CUST1571,Home & Kitchen,7566.35,17.1,4.0,5.0,No,11-20,3-4 Days,False
ORD102440,CUST1692,Electronics,12007.44,8.1,5.0,4.9,Yes,0-10,5-6 Days,False
ORD102441,CUST1714,Home & Kitchen,16270.16,18.2,6.0,3.5,No,11-20,5-6 Days,False
ORD102442,CUST1221,Home & Kitchen,2618.46,0.0,7.0,3.3,No,0-10,7-8 Days,False
ORD102443,CUST1049,Beauty,1064.95,15.2,4.0,3.1,No,11-20,3-4 Days,False
ORD102444,CUST1952,Beauty,3975.11,10.5,4.0,2.6,No,11-20,3-4 Days,False
ORD102445,CUST1360,Fashion,3047.45,34.3,2.0,3.1,No,31-40,0-2 Days,False
ORD102446,CUST1454,Fashion,5809.61,14.9,6.0,3.1,Yes,11-20,5-6 Days,False
ORD102447,CUST1752,Fashion,4680.69,38.3,3.0,2.8,No,31-40,3-4 Days,False
ORD102448,CUST1640,Electronics,19081.16,46.0,5.0,2.6,No,41+,5-6 Days,False
ORD102449,CUST1842,Electronics,40795.54,36.7,3.0,2.8,No,31-40,3-4 Days,True
ORD102450,CUST1798,Fashion,1372.05,21.8,8.0,3.8,Yes,21-30,7-8 Days,False
ORD102451,CUST1951,Fashion,4523.08,27.1,4.0,4.2,No,21-30,3-4 Days,False
ORD102452,CUST1028,Sports,6951.22,2.1,10.0,4.1,No,0-10,9+ Days,False
ORD102453,CUST1093,Home & Kitchen,7282.54,23.0,7.0,3.4,No,21-30,7-8 Days,False
ORD102454,CUST1691,Fashion,5030.04,12.1,6.0,3.5,No,11-20,5-6 Days,False
ORD102455,CUST1217,Home & Kitchen,21886.27,35.4,3.0,4.1,No,31-40,3-4 Days,False
ORD102456,CUST1484,Electronics,59939.76,63.6,6.0,4.0,Yes,41+,5-6 Days,True
ORD102457,CUST1539,Fashion,5058.22,32.5,6.0,4.2,No,31-40,5-6 Days,False
ORD102458,CUST1639,Home & Kitchen,10593.88,0.0,9.0,3.0,Yes,0-10,9+ Days,False
ORD102459,CUST1098,Fashion,2189.05,19.6,3.0,5.0,No,11-20,3-4 Days,False
ORD102460,CUST1308,Fashion,2428.22,26.8,6.0,4.3,Yes,21-30,5-6 Days,False
ORD102461,CUST1418,Sports,7556.21,26.3,6.0,4.4,No,21-30,5-6 Days,False
ORD102462,CUST1928,Sports,5952.07,14.0,7.0,3.0,Yes,11-20,7-8 Days,False
ORD102463,CUST1300,Home & Kitchen,22914.31,28.7,2.0,2.9,No,21-30,0-2 Days,False
ORD102464,CUST1900,Home & Kitchen,9712.75,6.4,4.0,3.2,No,0-10,3-4 Days,False
ORD102465,CUST1560,Home & Kitchen,9837.36,10.8,10.0,4.4,No,11-20,9+ Days,False
ORD102466,CUST1354,Electronics,26094.4,34.7,7.0,2.9,Yes,31-40,7-8 Days,False
ORD102467,CUST1784,Fashion,6774.65,9.8,6.0,4.2,Yes,0-10,5-6 Days,False
ORD102468,CUST1700,Electronics,40793.36,33.1,5.0,5.0,No,31-40,5-6 Days,True
ORD102469,CUST1815,Fashion,5106.27,4.5,4.0,3.2,No,0-10,3-4 Days,False
ORD102470,CUST1110,Home & Kitchen,8886.26,51.5,12.0,3.1,No,41+,9+ Days,False
ORD102471,CUST1843,Fashion,6634.28,13.4,7.0,3.2,No,11-20,7-8 Days,False
ORD102472,CUST1527,Sports,1248.6,21.6,4.0,3.7,No,21-30,3-4 Days,False
ORD102473,CUST1504,Sports,13152.4,30.0,8.0,4.6,No,21-30,7-8 Days,False
ORD102474,CUST1102,Beauty,3222.67,16.5,7.0,4.6,No,11-20,7-8 Days,False
ORD102475,CUST1606,Home & Kitchen,10437.66,27.2,3.0,4.4,No,21-30,3-4 Days,False
ORD102476,CUST1184,Sports,7809.49,33.6,5.0,2.2,No,31-40,5-6 Days,False
ORD102477,CUST1219,Electronics,41707.85,39.4,6.0,3.7,Yes,31-40,5-6 Days,True
ORD102478,CUST1912,Beauty,372.76,36.9,3.0,3.1,No,31-40,3-4 Days,False
ORD102479,CUST1129,Electronics,52935.35,22.4,3.0,4.1,No,21-30,3-4 Days,True
ORD102480,CUST1665,Beauty,2846.42,22.8,5.0,4.5,No,21-30,5-6 Days,False
ORD102481,CUST1320,Fashion,3072.25,60.2,7.0,3.4,No,41+,7-8 Days,False
ORD102482,CUST1604,Sports,2676.91,39.2,5.0,5.0,Yes,31-40,5-6 Days,False
ORD102483,CUST1555,Sports,6984.35,11.2,7.0,3.1,No,11-20,7-8 Days,False
ORD102484,CUST1782,Electronics,32297.75,26.5,9.0,4.2,No,21-30,9+ Days,False
ORD102485,CUST1482,Fashion,3527.35,20.0,8.0,5.0,No,11-20,7-8 Days,False
ORD102486,CUST1248,Sports,10404.84,23.0,9.0,4.5,No,21-30,9+ Days,False
ORD102487,CUST1944,Fashion,3656.72,6.6,6.0,4.3,Yes,0-10,5-6 Days,False
ORD102488,CUST1068,Sports,14448.27,18.8,2.0,3.7,No,11-20,0-2 Days,False
ORD102489,CUST1270,Home & Kitchen,15302.52,52.2,6.0,4.3,No,41+,5-6 Days,False
ORD102490,CUST1720,Fashion,6556.08,33.7,6.0,3.4,No,31-40,5-6 Days,False
ORD102491,CUST1911,Fashion,1320.17,0.0,8.0,4.7,Yes,0-10,7-8 Days,False
ORD102492,CUST1738,Electronics,26851.02,43.3,3.0,3.2,No,41+,3-4 Days,False
ORD102493,CUST1717,Beauty,2220.03,41.3,7.0,3.6,No,41+,7-8 Days,False
ORD102494,CUST1657,Fashion,4771.12,19.6,7.0,3.1,No,11-20,7-8 Days,False
ORD102495,CUST1092,Home & Kitchen,21638.95,35.8,4.0,3.5,No,31-40,3-4 Days,False
ORD102496,CUST1948,Fashion,1087.54,12.1,6.0,3.4,No,11-20,5-6 Days,False
ORD102497,CUST1650,Home & Kitchen,2556.31,17.9,8.0,2.2,No,11-20,7-8 Days,False
ORD102498,CUST1495,Sports,12859.54,47.5,5.0,3.8,No,41+,5-6 Days,False
ORD102499,CUST1529,Sports,3743.76,20.9,4.0,3.4,No,21-30,3-4 Days,False
ORD102500,CUST1392,Fashion,5515.65,0.0,3.0,2.8,No,0-10,3-4 Days,False
ORD102501,CUST1514,Beauty,3394.41,24.1,5.0,3.3,No,21-30,5-6 Days,False
ORD102502,CUST1440,Beauty,5047.49,23.8,9.0,4.1,No,21-30,9+ Days,False
ORD102503,CUST1762,Home & Kitchen,3827.15,43.0,10.0,2.4,No,41+,9+ Days,False
ORD102504,CUST1833,Sports,2555.9,25.2,12.0,3.7,No,21-30,9+ Days,False
ORD102505,CUST1439,Electronics,35625.01,18.7,5.0,4.7,No,11-20,5-6 Days,True
ORD102506,CUST1631,Electronics,57050.83,40.7,9.0,3.5,Yes,41+,9+ Days,True
ORD102507,CUST1197,Sports,6634.47,26.8,3.0,5.0,No,21-30,3-4 Days,False
ORD102508,CUST1355,Fashion,2952.07,13.7,3.0,4.7,No,11-20,3-4 Days,False
ORD102509,CUST1214,Beauty,3758.13,42.3,9.0,4.1,Yes,41+,9+ Days,False
ORD102510,CUST1107,Sports,14005.41,27.9,4.0,3.8,No,21-30,3-4 Days,False
ORD102511,CUST1208,Electronics,51031.03,25.0,7.0,3.8,No,21-30,7-8 Days,True
ORD102512,CUST1629,Sports,14935.42,27.7,7.0,4.2,No,21-30,7-8 Days,False
ORD102513,CUST1969,Fashion,669.26,8.9,7.0,5.0,No,0-10,7-8 Days,False
ORD102514,CUST1932,Home & Kitchen,3531.17,17.1,5.0,4.2,Yes,11-20,5-6 Days,False
ORD102515,CUST1009,Home & Kitchen,15549.12,25.1,3.0,5.0,No,21-30,3-4 Days,False
ORD102516,CUST1142,Sports,12434.24,22.1,5.0,2.9,No,21-30,5-6 Days,False
ORD102517,CUST1842,Electronics,20688.44,44.1,8.0,3.4,Yes,41+,7-8 Days,False
ORD102518,CUST1534,Fashion,2294.08,28.3,6.0,3.8,No,21-30,5-6 Days,False
ORD102519,CUST1784,Home & Kitchen,19844.81,37.8,6.0,4.9,Yes,31-40,5-6 Days,False
ORD102520,CUST1681,Beauty,621.38,25.1,6.0,2.4,No,21-30,5-6 Days,False
ORD102521,CUST1707,Home & Kitchen,9739.06,40.8,5.0,5.0,Yes,41+,5-6 Days,False
ORD102522,CUST1412,Electronics,32819.51,31.0,5.0,3.8,No,31-40,5-6 Days,False
ORD102523,CUST1094,Fashion,4702.62,25.2,3.0,4.7,Yes,21-30,3-4 Days,False
ORD102524,CUST1925,Fashion,5964.61,24.8,5.0,3.8,No,21-30,5-6 Days,False
ORD102525,CUST1705,Beauty,2322.62,10.7,4.0,3.1,No,11-20,3-4 Days,False
ORD102526,CUST1924,Fashion,5095.13,32.6,6.0,5.0,Yes,31-40,5-6 Days,False
ORD102527,CUST1342,Electronics,37195.65,24.4,4.0,3.6,Yes,21-30,3-4 Days,True
ORD102528,CUST1288,Sports,8530.91,17.5,7.0,3.2,Yes,11-20,7-8 Days,False
ORD102529,CUST1692,Electronics,40226.58,41.6,9.0,4.1,No,41+,9+ Days,True
ORD102530,CUST1267,Sports,4410.12,6.2,6.0,4.3,No,0-10,5-6 Days,False
ORD102531,CUST1922,Home & Kitchen,2848.5,18.7,7.0,4.1,No,11-20,7-8 Days,False
ORD102532,CUST1927,Beauty,979.85,40.4,3.0,4.1,No,41+,3-4 Days,False
ORD102533,CUST1532,Fashion,2184.37,29.7,8.0,4.1,No,21-30,7-8 Days,False
ORD102534,CUST1852,Electronics,32510.89,24.3,5.0,4.8,No,21-30,5-6 Days,False
ORD102535,CUST1225,Beauty,5090.52,28.8,8.0,3.8,No,21-30,7-8 Days,False
ORD102536,CUST1965,Beauty,4297.37,27.7,4.0,3.3,No,21-30,3-4 Days,False
ORD102537,CUST1169,Beauty,4797.53,2.3,8.0,4.4,No,0-10,7-8 Days,False
ORD102538,CUST1323,Electronics,24303.66,19.8,6.0,1.8,No,11-20,5-6 Days,False
ORD102539,CUST1556,Beauty,2606.53,49.2,5.0,4.3,No,41+,5-6 Days,False
ORD102540,CUST1700,Beauty,2543.99,15.1,8.0,5.0,No,11-20,7-8 Days,False
ORD102541,CUST1994,Home & Kitchen,5443.33,20.2,6.0,4.4,No,21-30,5-6 Days,False
ORD102542,CUST1095,Beauty,648.93,16.9,7.0,2.5,No,11-20,7-8 Days,False
ORD102543,CUST1362,Beauty,3668.22,23.7,8.0,5.0,Yes,21-30,7-8 Days,False
ORD102544,CUST1647,Home & Kitchen,24739.04,16.3,7.0,3.4,No,11-20,7-8 Days,False
ORD102545,CUST1606,Electronics,14175.63,32.3,9.0,4.0,No,31-40,9+ Days,False
ORD102546,CUST1566,Fashion,850.14,28.0,5.0,4.8,No,21-30,5-6 Days,False
ORD102547,CUST1959,Electronics,47874.24,36.6,8.0,3.3,No,31-40,7-8 Days,True
ORD102548,CUST1594,Fashion,2394.4,9.2,6.0,3.9,No,0-10,5-6 Days,False
ORD102549,CUST1464,Fashion,6722.33,19.9,6.0,2.8,No,11-20,5-6 Days,False
ORD102550,CUST1781,Electronics,43716.52,21.6,6.0,3.7,No,21-30,5-6 Days,True
ORD102551,CUST1801,Fashion,7592.55,31.8,5.0,2.9,No,31-40,5-6 Days,False
ORD102552,CUST1647,Electronics,27491.0,13.1,3.0,4.2,No,11-20,3-4 Days,False
ORD102553,CUST1670,Beauty,4073.23,38.7,6.0,2.6,No,31-40,5-6 Days,False
ORD102554,CUST1511,Sports,7347.42,42.8,8.0,3.7,Yes,41+,7-8 Days,False
ORD102555,CUST1267,Electronics,39682.38,10.2,5.0,3.3,No,11-20,5-6 Days,True
ORD102556,CUST1326,Sports,7129.26,17.6,7.0,3.2,No,11-20,7-8 Days,False
ORD102557,CUST1789,Home & Kitchen,5364.9,17.0,5.0,4.7,No,11-20,5-6 Days,False
ORD102558,CUST1800,Fashion,4309.23,64.5,4.0,2.9,No,41+,3-4 Days,False
ORD102559,CUST1133,Electronics,34072.13,18.6,3.0,3.4,No,11-20,3-4 Days,False
ORD102560,CUST1362,Home & Kitchen,20416.61,50.2,4.0,4.0,Yes,41+,3-4 Days,False
ORD102561,CUST1349,Beauty,4492.47,6.0,6.0,4.3,Yes,0-10,5-6 Days,False
ORD102562,CUST1547,Beauty,4083.61,10.2,12.0,2.4,No,11-20,9+ Days,False
ORD102563,CUST1763,Electronics,11236.29,14.7,5.0,3.7,No,11-20,5-6 Days,False
ORD102564,CUST1559,Electronics,44633.9,12.3,7.0,4.4,No,11-20,7-8 Days,True
ORD102565,CUST1268,Fashion,4252.29,21.0,9.0,5.0,No,21-30,9+ Days,False
ORD102566,CUST1805,Fashion,7205.75,14.4,9.0,3.8,No,11-20,9+ Days,False
ORD102567,CUST1044,Fashion,7399.03,12.7,5.0,2.7,No,11-20,5-6 Days,False
ORD102568,CUST1278,Fashion,913.67,42.4,13.0,3.8,No,41+,9+ Days,False
ORD102569,CUST1139,Beauty,4977.66,43.4,8.0,3.4,No,41+,7-8 Days,False
ORD102570,CUST1855,Sports,1239.07,39.2,2.0,4.1,No,31-40,0-2 Days,False
ORD102571,CUST1311,Fashion,3253.77,32.9,2.0,5.0,No,31-40,0-2 Days,False
ORD102572,CUST1237,Sports,8454.89,26.4,8.0,2.9,No,21-30,7-8 Days,False
ORD102573,CUST1266,Fashion,1610.76,17.5,4.0,4.7,No,11-20,3-4 Days,False
ORD102574,CUST1170,Fashion,6097.35,10.7,5.0,4.5,No,11-20,5-6 Days,False
ORD102575,CUST1216,Fashion,562.66,30.4,3.0,4.3,No,31-40,3-4 Days,False
ORD102576,CUST1117,Home & Kitchen,4880.1,7.4,4.0,4.0,No,0-10,3-4 Days,False
ORD102577,CUST1238,Sports,9005.39,10.1,9.0,5.0,No,11-20,9+ Days,False
ORD102578,CUST1256,Home & Kitchen,18088.18,42.3,5.0,4.8,No,41+,5-6 Days,False
ORD102579,CUST1756,Fashion,7374.82,53.5,11.0,3.3,No,41+,9+ Days,False
ORD102580,CUST1848,Home & Kitchen,17873.02,30.9,5.0,3.8,No,31-40,5-6 Days,False
ORD102581,CUST1844,Electronics,41947.86,41.6,4.0,2.9,No,41+,3-4 Days,True
ORD102582,CUST1951,Sports,6339.08,21.3,4.0,4.9,No,21-30,3-4 Days,False
ORD102583,CUST1434,Home & Kitchen,831.08,4.9,4.0,3.8,Yes,0-10,3-4 Days,False
ORD102584,CUST1416,Fashion,1401.19,34.2,6.0,2.3,No,31-40,5-6 Days,False
ORD102585,CUST1088,Home & Kitchen,13736.22,33.5,6.0,1.8,Yes,31-40,5-6 Days,False
ORD102586,CUST1964,Home & Kitchen,17138.14,26.1,9.0,3.4,No,21-30,9+ Days,False
ORD102587,CUST1234,Electronics,27959.66,21.4,8.0,3.1,Yes,21-30,7-8 Days,False
ORD102588,CUST1609,Home & Kitchen,18482.43,39.4,6.0,3.4,No,31-40,5-6 Days,False
ORD102589,CUST1530,Fashion,4413.97,10.2,2.0,3.6,Yes,11-20,0-2 Days,False
ORD102590,CUST1111,Beauty,722.8,13.4,5.0,4.8,No,11-20,5-6 Days,False
ORD102591,CUST1721,Beauty,1394.49,9.9,7.0,4.9,No,0-10,7-8 Days,False
ORD102592,CUST1853,Beauty,5087.99,26.3,5.0,5.0,No,21-30,5-6 Days,False
ORD102593,CUST1577,Home & Kitchen,18342.89,8.7,5.0,5.0,Yes,0-10,5-6 Days,False
ORD102594,CUST1635,Home & Kitchen,22453.24,14.7,4.0,4.3,No,11-20,3-4 Days,False
ORD102595,CUST1238,Electronics,11465.65,14.4,4.0,2.7,No,11-20,3-4 Days,False
ORD102596,CUST1364,Beauty,5944.27,21.1,4.0,4.4,No,21-30,3-4 Days,False
ORD102597,CUST1409,Fashion,2070.55,2.7,8.0,2.5,No,0-10,7-8 Days,False
ORD102598,CUST1635,Fashion,588.35,26.3,9.0,4.1,No,21-30,9+ Days,False
ORD102599,CUST1287,Fashion,7980.67,43.7,7.0,2.6,No,41+,7-8 Days,False
ORD102600,CUST1980,Electronics,20459.06,27.0,7.0,5.0,No,21-30,7-8 Days,False
ORD102601,CUST1218,Home & Kitchen,16966.07,48.1,3.0,4.1,No,41+,3-4 Days,False
ORD102602,CUST1403,Electronics,14717.53,45.0,10.0,3.6,Yes,41+,9+ Days,False
ORD102603,CUST1222,Beauty,3607.3,36.7,8.0,3.4,No,31-40,7-8 Days,False
ORD102604,CUST1345,Fashion,7280.26,26.1,6.0,3.8,No,21-30,5-6 Days,False
ORD102605,CUST1484,Electronics,22609.96,25.3,7.0,3.2,No,21-30,7-8 Days,False
ORD102606,CUST1113,Home & Kitchen,17020.15,36.5,5.0,3.5,No,31-40,5-6 Days,False
ORD102607,CUST1018,Electronics,15334.7,19.1,7.0,2.2,No,11-20,7-8 Days,False
ORD102608,CUST1452,Fashion,5185.97,0.0,6.0,3.1,No,0-10,5-6 Days,False
ORD102609,CUST1219,Beauty,2217.77,32.4,6.0,2.9,No,31-40,5-6 Days,False
ORD102610,CUST1161,Electronics,16616.45,8.0,5.0,4.2,No,0-10,5-6 Days,False
ORD102611,CUST1070,Beauty,2085.14,10.6,3.0,3.8,No,11-20,3-4 Days,False
ORD102612,CUST1007,Electronics,14836.26,25.0,6.0,4.5,No,21-30,5-6 Days,False
ORD102613,CUST1001,Fashion,7264.37,23.6,7.0,3.5,No,21-30,7-8 Days,False
ORD102614,CUST1870,Beauty,2563.97,3.8,5.0,3.9,No,0-10,5-6 Days,False
ORD102615,CUST1099,Fashion,2339.59,27.5,7.0,2.2,No,21-30,7-8 Days,False
ORD102616,CUST1599,Electronics,29662.43,39.5,4.0,4.5,Yes,31-40,3-4 Days,False
ORD102617,CUST1592,Fashion,2904.02,8.1,9.0,4.8,No,0-10,9+ Days,False
ORD102618,CUST1315,Fashion,6083.14,44.1,4.0,4.3,Yes,41+,3-4 Days,False
ORD102619,CUST1034,Beauty,5835.95,1.6,6.0,3.1,No,0-10,5-6 Days,False
ORD102620,CUST1226,Fashion,3785.25,56.8,2.0,4.2,No,41+,0-2 Days,False
ORD102621,CUST1479,Beauty,5207.89,18.8,10.0,3.9,No,11-20,9+ Days,False
ORD102622,CUST1491,Sports,8791.84,27.2,4.0,2.2,No,21-30,3-4 Days,False
ORD102623,CUST1223,Fashion,1679.27,0.0,3.0,4.8,No,0-10,3-4 Days,False
ORD102624,CUST1692,Sports,10575.91,24.1,11.0,2.9,No,21-30,9+ Days,False
ORD102625,CUST1907,Fashion,4350.76,28.4,5.0,4.3,No,21-30,5-6 Days,False
ORD102626,CUST1520,Sports,10003.67,23.7,7.0,3.8,No,21-30,7-8 Days,False
ORD102627,CUST1243,Electronics,53932.81,16.6,12.0,4.9,No,11-20,9+ Days,True
ORD102628,CUST1088,Home & Kitchen,11458.52,10.8,7.0,3.1,No,11-20,7-8 Days,False
ORD102629,CUST1983,Fashion,7258.83,42.0,4.0,3.4,No,41+,3-4 Days,False
ORD102630,CUST1480,Fashion,6130.02,25.5,5.0,4.4,No,21-30,5-6 Days,False
ORD102631,CUST1309,Home & Kitchen,12624.24,48.1,8.0,3.3,No,41+,7-8 Days,False
ORD102632,CUST1655,Beauty,3738.37,17.1,5.0,4.9,No,11-20,5-6 Days,False
ORD102633,CUST1540,Electronics,22906.96,18.5,8.0,3.2,No,11-20,7-8 Days,False
ORD102634,CUST1468,Electronics,59097.85,37.2,6.0,4.3,Yes,31-40,5-6 Days,True
ORD102635,CUST1142,Beauty,4103.9,0.7,8.0,3.8,No,0-10,7-8 Days,False
ORD102636,CUST1090,Home & Kitchen,1861.09,6.8,8.0,3.3,No,0-10,7-8 Days,False
ORD102637,CUST1698,Sports,5370.69,41.5,2.0,4.9,No,41+,0-2 Days,False
ORD102638,CUST1313,Beauty,3852.89,7.4,5.0,3.0,No,0-10,5-6 Days,False
ORD102639,CUST1180,Sports,1505.57,0.0,11.0,4.2,No,0-10,9+ Days,False
ORD102640,CUST1549,Beauty,436.14,53.0,7.0,1.8,No,41+,7-8 Days,False
ORD102641,CUST1002,Fashion,3875.18,4.1,11.0,4.1,No,0-10,9+ Days,False
ORD102642,CUST1930,Electronics,23297.96,27.8,7.0,4.8,No,21-30,7-8 Days,False
ORD102643,CUST1034,Beauty,2798.3,26.0,5.0,3.7,No,21-30,5-6 Days,False
ORD102644,CUST1314,Home & Kitchen,7157.18,0.0,7.0,4.0,No,0-10,7-8 Days,False
ORD102645,CUST1226,Electronics,14059.48,21.0,3.0,5.0,No,21-30,3-4 Days,False
ORD102646,CUST1585,Fashion,5668.58,31.7,6.0,4.6,No,31-40,5-6 Days,False
ORD102647,CUST1957,Sports,8058.37,30.3,6.0,2.0,Yes,31-40,5-6 Days,False
ORD102648,CUST1364,Home & Kitchen,5643.73,38.6,4.0,3.4,No,31-40,3-4 Days,False
ORD102649,CUST1885,Fashion,2896.92,19.2,7.0,3.6,No,11-20,7-8 Days,False
ORD102650,CUST1507,Fashion,4938.56,35.7,2.0,4.0,No,31-40,0-2 Days,False
ORD102651,CUST1950,Electronics,8972.61,14.7,4.0,3.7,No,11-20,3-4 Days,False
ORD102652,CUST1116,Fashion,1605.9,3.8,5.0,3.4,No,0-10,5-6 Days,False
ORD102653,CUST1114,Fashion,1049.34,5.5,6.0,3.3,No,0-10,5-6 Days,False
ORD102654,CUST1963,Electronics,49677.45,3.1,4.0,2.6,No,0-10,3-4 Days,True
ORD102655,CUST1542,Beauty,4588.73,40.1,2.0,3.0,Yes,41+,0-2 Days,False
ORD102656,CUST1595,Fashion,6149.85,2.3,5.0,4.5,Yes,0-10,5-6 Days,False
ORD102657,CUST1479,Beauty,4383.05,29.1,5.0,3.0,No,21-30,5-6 Days,False
ORD102658,CUST1720,Sports,10272.21,21.0,9.0,3.2,No,21-30,9+ Days,False
ORD102659,CUST1107,Electronics,31234.56,23.5,7.0,2.6,No,21-30,7-8 Days,False
ORD102660,CUST1315,Home & Kitchen,16343.13,45.5,2.0,4.1,Yes,41+,0-2 Days,False
ORD102661,CUST1698,Fashion,787.71,18.4,7.0,4.6,No,11-20,7-8 Days,False
ORD102662,CUST1888,Sports,9586.94,34.2,5.0,4.7,Yes,31-40,5-6 Days,False
ORD102663,CUST1152,Electronics,47783.27,25.6,4.0,3.5,Yes,21-30,3-4 Days,True
ORD102664,CUST1911,Home & Kitchen,12908.67,22.7,3.0,3.7,No,21-30,3-4 Days,False
ORD102665,CUST1662,Home & Kitchen,9451.82,59.5,6.0,3.8,No,41+,5-6 Days,False
ORD102666,CUST1160,Fashion,2580.7,3.4,6.0,3.5,No,0-10,5-6 Days,False
ORD102667,CUST1075,Electronics,40354.11,44.3,7.0,4.1,Yes,41+,7-8 Days,True
ORD102668,CUST1349,Home & Kitchen,17565.79,34.8,3.0,4.7,No,31-40,3-4 Days,False
ORD102669,CUST1682,Beauty,5264.52,17.8,4.0,4.6,No,11-20,3-4 Days,False
ORD102670,CUST1187,Fashion,3067.51,49.4,1.0,3.7,No,41+,0-2 Days,False
ORD102671,CUST1856,Home & Kitchen,19428.49,0.0,7.0,3.4,No,0-10,7-8 Days,False
ORD102672,CUST1339,Fashion,4710.17,17.2,8.0,2.9,No,11-20,7-8 Days,False
ORD102673,CUST1823,Beauty,5332.17,6.9,4.0,2.4,No,0-10,3-4 Days,False
ORD102674,CUST1389,Electronics,34029.67,31.2,8.0,4.2,No,31-40,7-8 Days,False
ORD102675,CUST1494,Sports,8102.11,8.3,8.0,3.8,No,0-10,7-8 Days,False
ORD102676,CUST1169,Fashion,4834.08,31.5,6.0,3.8,No,31-40,5-6 Days,False
ORD102677,CUST1825,Fashion,6119.87,22.2,6.0,5.0,Yes,21-30,5-6 Days,False
ORD102678,CUST1053,Electronics,58057.98,17.8,5.0,5.0,No,11-20,5-6 Days,True
ORD102679,CUST1934,Electronics,9045.98,30.8,6.0,3.8,No,31-40,5-6 Days,False
ORD102680,CUST1257,Home & Kitchen,2093.12,21.0,3.0,4.0,Yes,21-30,3-4 Days,False
ORD102681,CUST1572,Fashion,7531.63,8.7,5.0,2.9,No,0-10,5-6 Days,False
ORD102682,CUST1222,Beauty,3320.29,67.0,7.0,4.3,No,41+,7-8 Days,False
ORD102683,CUST1588,Electronics,38819.67,17.7,6.0,4.0,No,11-20,5-6 Days,True
ORD102684,CUST1046,Fashion,4118.18,0.0,5.0,3.1,Yes,0-10,5-6 Days,False
ORD102685,CUST1260,Fashion,1202.43,12.4,7.0,4.0,No,11-20,7-8 Days,False
ORD102686,CUST1015,Electronics,47244.92,6.0,5.0,4.6,Yes,0-10,5-6 Days,True
ORD102687,CUST1849,Electronics,46097.36,37.4,5.0,5.0,Yes,31-40,5-6 Days,True
ORD102688,CUST1628,Fashion,2837.77,29.8,7.0,2.6,Yes,21-30,7-8 Days,False
ORD102689,CUST1012,Fashion,2796.79,31.0,5.0,2.9,Yes,31-40,5-6 Days,False
ORD102690,CUST1001,Fashion,6783.81,19.4,8.0,3.7,No,11-20,7-8 Days,False
ORD102691,CUST1077,Home & Kitchen,2551.05,20.8,8.0,4.0,No,21-30,7-8 Days,False
ORD102692,CUST1542,Home & Kitchen,22122.74,19.4,7.0,5.0,No,11-20,7-8 Days,False
ORD102693,CUST1714,Electronics,19116.39,23.8,5.0,4.8,No,21-30,5-6 Days,False
ORD102694,CUST1996,Fashion,4947.39,37.5,6.0,2.1,No,31-40,5-6 Days,False
ORD102695,CUST1902,Sports,14084.72,30.0,6.0,3.5,No,21-30,5-6 Days,False
ORD102696,CUST1841,Home & Kitchen,17210.56,32.5,6.0,2.6,Yes,31-40,5-6 Days,False
ORD102697,CUST1050,Home & Kitchen,10829.2,32.5,7.0,2.8,No,31-40,7-8 Days,False
ORD102698,CUST1642,Fashion,5671.51,38.3,7.0,4.3,No,31-40,7-8 Days,False
ORD102699,CUST1006,Beauty,2260.68,29.3,9.0,3.9,No,21-30,9+ Days,False
ORD102700,CUST1075,Beauty,1880.37,30.4,5.0,5.0,No,31-40,5-6 Days,False
ORD102701,CUST1346,Home & Kitchen,24919.74,42.8,10.0,2.7,Yes,41+,9+ Days,False
ORD102702,CUST1860,Sports,11436.3,15.0,12.0,3.8,No,11-20,9+ Days,False
ORD102703,CUST1333,Electronics,40459.6,12.2,6.0,3.4,Yes,11-20,5-6 Days,True
ORD102704,CUST1678,Electronics,24540.93,7.2,6.0,5.0,No,0-10,5-6 Days,False
ORD102705,CUST1844,Beauty,580.22,27.7,6.0,3.1,Yes,21-30,5-6 Days,False
ORD102706,CUST1851,Beauty,477.02,0.0,3.0,4.0,No,0-10,3-4 Days,False
ORD102707,CUST1274,Electronics,35479.97,31.9,5.0,2.7,No,31-40,5-6 Days,True
ORD102708,CUST1510,Fashion,6215.25,23.4,7.0,5.0,No,21-30,7-8 Days,False
ORD102709,CUST1915,Electronics,34555.86,42.0,4.0,5.0,Yes,41+,3-4 Days,True
ORD102710,CUST1668,Fashion,6805.89,14.9,7.0,3.2,No,11-20,7-8 Days,False
ORD102711,CUST1268,Beauty,490.53,22.0,7.0,3.1,Yes,21-30,7-8 Days,False
ORD102712,CUST1480,Home & Kitchen,9675.4,41.8,3.0,4.0,No,41+,3-4 Days,False
ORD102713,CUST1308,Fashion,2278.03,45.7,3.0,3.1,Yes,41+,3-4 Days,False
ORD102714,CUST1717,Fashion,3854.55,14.8,8.0,4.7,No,11-20,7-8 Days,False
ORD102715,CUST1756,Electronics,8980.7,27.7,8.0,4.2,Yes,21-30,7-8 Days,False
ORD102716,CUST1599,Fashion,7655.99,29.4,6.0,4.8,No,21-30,5-6 Days,False
ORD102717,CUST1612,Home & Kitchen,6202.78,30.6,5.0,2.9,No,31-40,5-6 Days,False
ORD102718,CUST1698,Sports,13889.0,21.1,4.0,2.7,Yes,21-30,3-4 Days,False
ORD102719,CUST1222,Beauty,2727.59,44.2,6.0,4.1,Yes,41+,5-6 Days,False
ORD102720,CUST1278,Electronics,59203.83,0.0,3.0,5.0,No,0-10,3-4 Days,True
ORD102721,CUST1358,Sports,8623.03,18.7,6.0,3.1,No,11-20,5-6 Days,False
ORD102722,CUST1685,Beauty,5605.75,31.7,7.0,4.2,Yes,31-40,7-8 Days,False
ORD102723,CUST1318,Beauty,330.49,31.9,8.0,3.3,No,31-40,7-8 Days,False
ORD102724,CUST1042,Fashion,6111.79,45.3,7.0,4.6,No,41+,7-8 Days,False
ORD102725,CUST1067,Fashion,7272.88,43.0,5.0,3.1,No,41+,5-6 Days,False
ORD102726,CUST1905,Fashion,1547.9,20.7,4.0,4.0,No,21-30,3-4 Days,False
ORD102727,CUST1192,Electronics,10286.92,44.5,5.0,4.7,No,41+,5-6 Days,False
ORD102728,CUST1143,Fashion,3684.29,14.3,5.0,2.7,Yes,11-20,5-6 Days,False
ORD102729,CUST1926,Fashion,7502.59,39.0,13.0,4.3,No,31-40,9+ Days,False
ORD102730,CUST1154,Fashion,4567.9,52.2,7.0,3.5,Yes,41+,7-8 Days,False
ORD102731,CUST1094,Beauty,3306.5,43.2,5.0,4.5,No,41+,5-6 Days,False
ORD102732,CUST1197,Fashion,1558.45,26.6,5.0,4.1,No,21-30,5-6 Days,False
ORD102733,CUST1378,Electronics,5043.42,20.0,14.0,3.5,No,11-20,9+ Days,False
ORD102734,CUST1607,Sports,12285.0,2.1,7.0,3.7,No,0-10,7-8 Days,False
ORD102735,CUST1383,Sports,1952.32,29.7,5.0,2.3,No,21-30,5-6 Days,False
ORD102736,CUST1761,Beauty,3912.94,8.3,6.0,4.5,No,0-10,5-6 Days,False
ORD102737,CUST1534,Sports,13779.02,13.1,4.0,5.0,No,11-20,3-4 Days,False
ORD102738,CUST1566,Home & Kitchen,5849.38,7.1,5.0,3.4,No,0-10,5-6 Days,False
ORD102739,CUST1489,Sports,10213.4,18.1,7.0,3.8,Yes,11-20,7-8 Days,False
ORD102740,CUST1637,Electronics,9328.42,24.6,6.0,5.0,No,21-30,5-6 Days,False
ORD102741,CUST1826,Fashion,5028.16,29.1,7.0,2.4,No,21-30,7-8 Days,False
ORD102742,CUST1719,Fashion,1729.49,16.0,6.0,4.2,No,11-20,5-6 Days,False
ORD102743,CUST1693,Electronics,45477.45,41.0,8.0,5.0,No,41+,7-8 Days,True
ORD102744,CUST1867,Electronics,21567.72,21.9,6.0,3.3,No,21-30,5-6 Days,False
ORD102745,CUST1787,Home & Kitchen,12014.06,13.2,8.0,3.4,No,11-20,7-8 Days,False
ORD102746,CUST1162,Beauty,3716.75,28.4,6.0,4.9,No,21-30,5-6 Days,False
ORD102747,CUST1466,Home & Kitchen,4944.82,54.5,5.0,2.9,Yes,41+,5-6 Days,False
ORD102748,CUST1398,Electronics,45790.08,30.0,8.0,4.5,No,21-30,7-8 Days,True
ORD102749,CUST1278,Beauty,2025.05,19.6,5.0,4.1,No,11-20,5-6 Days,False
ORD102750,CUST1472,Home & Kitchen,16829.4,2.1,5.0,4.7,No,0-10,5-6 Days,False
ORD102751,CUST1141,Fashion,1687.12,21.7,6.0,3.7,Yes,21-30,5-6 Days,False
ORD102752,CUST1635,Home & Kitchen,17452.45,28.5,2.0,5.0,No,21-30,0-2 Days,False
ORD102753,CUST1704,Fashion,1461.41,19.2,8.0,3.5,Yes,11-20,7-8 Days,False
ORD102754,CUST1568,Fashion,3690.17,0.0,2.0,2.6,No,0-10,0-2 Days,False
ORD102755,CUST1968,Sports,4235.05,12.2,6.0,2.6,No,11-20,5-6 Days,False
ORD102756,CUST1810,Fashion,6112.81,46.8,6.0,2.9,No,41+,5-6 Days,False
ORD102757,CUST1247,Fashion,2465.26,46.5,5.0,4.3,Yes,41+,5-6 Days,False
ORD102758,CUST1834,Sports,13308.56,11.7,5.0,3.2,No,11-20,5-6 Days,False
ORD102759,CUST1703,Beauty,5383.38,35.1,6.0,3.8,No,31-40,5-6 Days,False
ORD102760,CUST1170,Electronics,15804.27,7.3,8.0,3.9,No,0-10,7-8 Days,False
ORD102761,CUST1219,Electronics,38761.53,46.1,2.0,3.2,Yes,41+,0-2 Days,True
ORD102762,CUST1034,Electronics,9824.47,28.7,9.0,3.9,No,21-30,9+ Days,False
ORD102763,CUST1285,Home & Kitchen,10275.2,39.2,4.0,4.6,No,31-40,3-4 Days,False
ORD102764,CUST1410,Fashion,5849.91,0.0,5.0,3.8,Yes,0-10,5-6 Days,False
ORD102765,CUST1407,Electronics,41268.28,35.2,5.0,4.5,Yes,31-40,5-6 Days,True
ORD102766,CUST1036,Sports,9633.22,24.9,7.0,3.5,No,21-30,7-8 Days,False
ORD102767,CUST1374,Home & Kitchen,7637.49,37.8,7.0,4.0,No,31-40,7-8 Days,False
ORD102768,CUST1265,Fashion,3335.19,38.7,4.0,3.9,No,31-40,3-4 Days,False
ORD102769,CUST1853,Home & Kitchen,3291.3,26.0,4.0,4.7,No,21-30,3-4 Days,False
ORD102770,CUST1298,Home & Kitchen,18200.35,16.0,3.0,4.1,No,11-20,3-4 Days,False
ORD102771,CUST1740,Electronics,32713.88,36.7,4.0,3.3,No,31-40,3-4 Days,False
ORD102772,CUST1579,Fashion,5815.74,24.1,6.0,4.2,Yes,21-30,5-6 Days,False
ORD102773,CUST1007,Beauty,1718.98,11.9,7.0,3.0,No,11-20,7-8 Days,False
ORD102774,CUST1023,Fashion,2933.29,11.2,7.0,4.1,No,11-20,7-8 Days,False
ORD102775,CUST1416,Home & Kitchen,8888.01,2.8,7.0,3.8,No,0-10,7-8 Days,False
ORD102776,CUST1535,Fashion,693.07,17.3,6.0,3.9,No,11-20,5-6 Days,False
ORD102777,CUST1272,Electronics,23757.63,41.5,6.0,3.8,Yes,41+,5-6 Days,False
ORD102778,CUST1069,Electronics,49181.75,27.7,7.0,3.3,No,21-30,7-8 Days,True
ORD102779,CUST1013,Fashion,7229.74,17.1,7.0,3.2,No,11-20,7-8 Days,False
ORD102780,CUST1266,Electronics,33502.01,37.1,6.0,4.7,Yes,31-40,5-6 Days,False
ORD102781,CUST1760,Electronics,30052.59,12.5,7.0,5.0,Yes,11-20,7-8 Days,False
ORD102782,CUST1571,Beauty,475.7,26.4,7.0,4.0,No,21-30,7-8 Days,False
ORD102783,CUST1258,Sports,13272.62,22.3,7.0,3.8,No,21-30,7-8 Days,False
ORD102784,CUST1720,Beauty,374.16,36.7,5.0,2.8,No,31-40,5-6 Days,False
ORD102785,CUST1948,Sports,14209.93,1.3,8.0,2.4,No,0-10,7-8 Days,False
ORD102786,CUST1641,Fashion,4169.12,12.2,7.0,2.5,No,11-20,7-8 Days,False
ORD102787,CUST1710,Sports,5589.66,0.4,4.0,4.2,No,0-10,3-4 Days,False
ORD102788,CUST1822,Electronics,55832.01,21.1,8.0,2.4,Yes,21-30,7-8 Days,True
ORD102789,CUST1275,Sports,1048.79,43.2,5.0,4.3,Yes,41+,5-6 Days,False
ORD102790,CUST1097,Sports,9014.38,17.4,10.0,2.9,No,11-20,9+ Days,False
ORD102791,CUST1028,Beauty,3428.92,17.3,6.0,3.9,No,11-20,5-6 Days,False
ORD102792,CUST1645,Sports,3836.28,38.1,6.0,3.5,No,31-40,5-6 Days,False
ORD102793,CUST1844,Home & Kitchen,11179.08,41.0,10.0,3.0,No,41+,9+ Days,False
ORD102794,CUST1414,Fashion,5391.98,23.7,6.0,2.7,No,21-30,5-6 Days,False
ORD102795,CUST1977,Fashion,5953.48,35.3,4.0,2.4,No,31-40,3-4 Days,False
ORD102796,CUST1787,Home & Kitchen,817.35,8.8,6.0,2.9,No,0-10,5-6 Days,False
ORD102797,CUST1104,Electronics,56526.94,45.7,4.0,5.0,Yes,41+,3-4 Days,True
ORD102798,CUST1042,Home & Kitchen,4781.51,57.2,6.0,4.8,No,41+,5-6 Days,False
ORD102799,CUST1665,Sports,4040.2,32.8,6.0,3.9,No,31-40,5-6 Days,False
ORD102800,CUST1291,Electronics,19491.04,0.0,4.0,3.5,No,0-10,3-4 Days,False
ORD102801,CUST1521,Beauty,515.57,16.6,8.0,3.3,No,11-20,7-8 Days,False
ORD102802,CUST1736,Sports,2459.65,34.2,4.0,3.9,No,31-40,3-4 Days,False
ORD102803,CUST1039,Sports,14804.8,18.7,7.0,3.3,No,11-20,7-8 Days,False
ORD102804,CUST1440,Sports,5207.6,44.1,9.0,3.3,No,41+,9+ Days,False
ORD102805,CUST1038,Home & Kitchen,3590.29,33.8,4.0,4.2,No,31-40,3-4 Days,False
ORD102806,CUST1783,Sports,2229.98,14.4,5.0,3.0,No,11-20,5-6 Days,False
ORD102807,CUST1109,Beauty,4400.92,25.5,7.0,1.8,No,21-30,7-8 Days,False
ORD102808,CUST1430,Electronics,52001.28,11.6,6.0,3.3,No,11-20,5-6 Days,True
ORD102809,CUST1421,Fashion,2427.14,22.3,8.0,5.0,No,21-30,7-8 Days,False
ORD102810,CUST1346,Beauty,419.18,16.7,11.0,2.5,Yes,11-20,9+ Days,False
ORD102811,CUST1381,Fashion,2173.18,42.6,7.0,2.8,Yes,41+,7-8 Days,False
ORD102812,CUST1504,Home & Kitchen,2167.68,56.7,9.0,3.3,No,41+,9+ Days,False
ORD102813,CUST1572,Home & Kitchen,3302.16,3.5,4.0,2.5,No,0-10,3-4 Days,False
ORD102814,CUST1574,Electronics,28732.95,0.0,6.0,5.0,No,0-10,5-6 Days,False
ORD102815,CUST1510,Home & Kitchen,6364.02,21.3,3.0,3.9,No,21-30,3-4 Days,False
ORD102816,CUST1543,Beauty,3240.89,2.2,7.0,2.4,No,0-10,7-8 Days,False
ORD102817,CUST1030,Fashion,2401.2,25.7,7.0,3.7,No,21-30,7-8 Days,False
ORD102818,CUST1578,Electronics,56729.55,36.2,2.0,3.8,No,31-40,0-2 Days,True
ORD102819,CUST1775,Electronics,54826.92,47.4,6.0,3.6,No,41+,5-6 Days,True
ORD102820,CUST1158,Fashion,4751.05,28.0,3.0,3.7,No,21-30,3-4 Days,False
ORD102821,CUST1161,Sports,5768.26,22.1,5.0,3.7,No,21-30,5-6 Days,False
ORD102822,CUST1368,Fashion,3358.6,0.0,4.0,4.0,No,0-10,3-4 Days,False
ORD102823,CUST1359,Home & Kitchen,10766.83,25.4,8.0,4.1,No,21-30,7-8 Days,False
ORD102824,CUST1623,Fashion,5956.84,26.1,5.0,2.6,No,21-30,5-6 Days,False
ORD102825,CUST1550,Fashion,3887.29,34.6,7.0,3.8,No,31-40,7-8 Days,False
ORD102826,CUST1724,Beauty,5183.36,14.4,10.0,3.9,No,11-20,9+ Days,False
ORD102827,CUST1403,Beauty,5681.34,18.5,5.0,3.3,No,11-20,5-6 Days,False
ORD102828,CUST1649,Electronics,23477.04,2.8,5.0,5.0,No,0-10,5-6 Days,False
ORD102829,CUST1854,Fashion,4705.21,0.0,5.0,3.7,No,0-10,5-6 Days,False
ORD102830,CUST1928,Electronics,10228.11,8.4,5.0,4.2,No,0-10,5-6 Days,False
ORD102831,CUST1670,Fashion,2003.52,1.4,6.0,3.4,Yes,0-10,5-6 Days,False
ORD102832,CUST1134,Home & Kitchen,10805.87,30.1,10.0,3.6,No,31-40,9+ Days,False
ORD102833,CUST1701,Electronics,16341.15,17.2,4.0,4.1,No,11-20,3-4 Days,False
ORD102834,CUST1977,Fashion,7074.2,16.9,7.0,2.7,No,11-20,7-8 Days,False
ORD102835,CUST1677,Fashion,1687.15,10.2,5.0,4.4,No,11-20,5-6 Days,False
ORD102836,CUST1591,Sports,7215.95,0.0,7.0,2.8,No,0-10,7-8 Days,False
ORD102837,CUST1252,Sports,9361.5,47.6,4.0,4.5,No,41+,3-4 Days,False
ORD102838,CUST1967,Electronics,43052.51,10.0,9.0,3.6,Yes,0-10,9+ Days,True
ORD102839,CUST1206,Beauty,2483.5,18.8,6.0,5.0,No,11-20,5-6 Days,False
ORD102840,CUST1148,Fashion,7018.24,3.2,8.0,4.6,No,0-10,7-8 Days,False
ORD102841,CUST1508,Fashion,4762.39,39.6,5.0,4.6,Yes,31-40,5-6 Days,False
ORD102842,CUST1798,Beauty,2805.19,27.2,5.0,3.9,No,21-30,5-6 Days,False
ORD102843,CUST1530,Sports,1661.54,12.6,3.0,4.6,Yes,11-20,3-4 Days,False
ORD102844,CUST1191,Sports,7345.06,19.1,8.0,4.4,Yes,11-20,7-8 Days,False
ORD102845,CUST1957,Home & Kitchen,20661.81,50.2,6.0,2.3,No,41+,5-6 Days,False
ORD102846,CUST1185,Fashion,5109.06,23.9,7.0,3.1,No,21-30,7-8 Days,False
ORD102847,CUST1406,Beauty,5043.33,22.3,9.0,3.1,No,21-30,9+ Days,False
ORD102848,CUST1217,Fashion,4205.09,10.9,8.0,3.2,No,11-20,7-8 Days,False
ORD102849,CUST1088,Home & Kitchen,3666.77,0.0,5.0,3.6,No,0-10,5-6 Days,False
ORD102850,CUST1607,Fashion,602.3,22.6,5.0,4.2,No,21-30,5-6 Days,False
ORD102851,CUST1433,Home & Kitchen,8137.91,29.9,4.0,4.7,No,21-30,3-4 Days,False
ORD102852,CUST1274,Fashion,5734.93,41.5,7.0,4.3,No,41+,7-8 Days,False
ORD102853,CUST1994,Electronics,48464.29,0.0,10.0,4.8,No,0-10,9+ Days,True
ORD102854,CUST1061,Sports,4929.27,8.1,5.0,3.0,No,0-10,5-6 Days,False
ORD102855,CUST1082,Electronics,32260.97,16.3,9.0,3.4,No,11-20,9+ Days,False
ORD102856,CUST1078,Home & Kitchen,10991.08,24.9,5.0,3.6,Yes,21-30,5-6 Days,False
ORD102857,CUST1708,Fashion,3578.92,22.8,6.0,3.3,No,21-30,5-6 Days,False
ORD102858,CUST1903,Electronics,17724.18,23.2,2.0,2.9,Yes,21-30,0-2 Days,False
ORD102859,CUST1903,Electronics,12500.41,31.1,4.0,4.1,No,31-40,3-4 Days,False
ORD102860,CUST1321,Electronics,15817.87,11.5,6.0,3.2,No,11-20,5-6 Days,False
ORD102861,CUST1552,Sports,1491.25,39.0,2.0,4.4,No,31-40,0-2 Days,False
ORD102862,CUST1884,Fashion,1985.98,31.5,7.0,2.8,No,31-40,7-8 Days,False
ORD102863,CUST1536,Sports,831.57,20.2,6.0,4.5,No,21-30,5-6 Days,False
ORD102864,CUST1672,Home & Kitchen,15979.65,49.0,7.0,4.0,No,41+,7-8 Days,False
ORD102865,CUST1266,Fashion,2872.82,48.3,6.0,4.0,Yes,41+,5-6 Days,False
ORD102866,CUST1649,Home & Kitchen,24350.1,39.0,5.0,4.0,No,31-40,5-6 Days,False
ORD102867,CUST1039,Home & Kitchen,5487.95,0.0,5.0,3.7,No,0-10,5-6 Days,False
ORD102868,CUST1899,Beauty,2271.22,48.7,4.0,3.7,No,41+,3-4 Days,False
ORD102869,CUST1108,Fashion,3183.81,36.9,6.0,3.6,No,31-40,5-6 Days,False
ORD102870,CUST1739,Fashion,563.39,55.1,6.0,4.0,Yes,41+,5-6 Days,False
ORD102871,CUST1581,Sports,12700.67,43.6,4.0,4.2,No,41+,3-4 Days,False
ORD102872,CUST1263,Sports,1157.52,48.7,6.0,3.4,No,41+,5-6 Days,False
ORD102873,CUST1396,Sports,14144.57,38.2,7.0,4.9,No,31-40,7-8 Days,False
ORD102874,CUST1279,Fashion,7190.56,45.2,9.0,3.5,No,41+,9+ Days,False
ORD102875,CUST1857,Beauty,3352.47,54.9,8.0,3.2,Yes,41+,7-8 Days,False
ORD102876,CUST1959,Fashion,4576.97,28.2,5.0,3.7,No,21-30,5-6 Days,False
ORD102877,CUST1529,Fashion,5403.33,1.4,5.0,3.2,No,0-10,5-6 Days,False
ORD102878,CUST1334,Electronics,26287.75,20.4,2.0,4.2,No,21-30,0-2 Days,False
ORD102879,CUST1227,Home & Kitchen,16462.78,30.8,5.0,3.7,No,31-40,5-6 Days,False
ORD102880,CUST1192,Electronics,7462.26,26.1,5.0,4.4,No,21-30,5-6 Days,False
ORD102881,CUST1321,Fashion,905.36,6.3,8.0,3.8,Yes,0-10,7-8 Days,False
ORD102882,CUST1342,Sports,7238.4,0.5,5.0,3.7,No,0-10,5-6 Days,False
ORD102883,CUST1028,Electronics,35229.23,13.9,7.0,3.5,Yes,11-20,7-8 Days,True
ORD102884,CUST1314,Electronics,53829.97,37.1,5.0,4.5,No,31-40,5-6 Days,True
ORD102885,CUST1215,Electronics,10756.33,48.7,6.0,3.6,No,41+,5-6 Days,False
ORD102886,CUST1018,Sports,12463.87,38.7,4.0,4.0,No,31-40,3-4 Days,False
ORD102887,CUST1110,Home & Kitchen,5883.15,40.9,4.0,4.6,No,41+,3-4 Days,False
ORD102888,CUST1633,Fashion,3455.63,23.8,5.0,3.7,No,21-30,5-6 Days,False
ORD102889,CUST1493,Beauty,2104.63,0.0,9.0,3.7,No,0-10,9+ Days,False
ORD102890,CUST1812,Beauty,2580.89,18.2,7.0,3.6,No,11-20,7-8 Days,False
ORD102891,CUST1576,Fashion,1628.72,21.1,6.0,4.0,No,21-30,5-6 Days,False
ORD102892,CUST1549,Home & Kitchen,12986.4,17.5,8.0,4.4,No,11-20,7-8 Days,False
ORD102893,CUST1515,Beauty,4869.36,25.8,9.0,4.4,No,21-30,9+ Days,False
ORD102894,CUST1270,Home & Kitchen,11485.12,31.6,5.0,4.2,No,31-40,5-6 Days,False
ORD102895,CUST1999,Electronics,31983.75,37.8,8.0,4.8,Yes,31-40,7-8 Days,False
ORD102896,CUST1135,Sports,12837.38,20.8,5.0,3.9,Yes,21-30,5-6 Days,False
ORD102897,CUST1512,Home & Kitchen,17886.61,0.0,7.0,4.9,No,0-10,7-8 Days,False
ORD102898,CUST1401,Fashion,4178.41,17.8,5.0,4.6,No,11-20,5-6 Days,False
ORD102899,CUST1966,Fashion,2432.72,25.7,7.0,3.3,No,21-30,7-8 Days,False
ORD102900,CUST1495,Electronics,53670.97,43.3,4.0,4.4,No,41+,3-4 Days,True
ORD102901,CUST1083,Electronics,36736.12,16.5,3.0,2.3,No,11-20,3-4 Days,True
ORD102902,CUST1719,Beauty,1560.54,32.7,5.0,4.8,No,31-40,5-6 Days,False
ORD102903,CUST1679,Electronics,19801.59,29.4,8.0,3.7,Yes,21-30,7-8 Days,False
ORD102904,CUST1645,Fashion,6523.5,25.7,7.0,3.2,No,21-30,7-8 Days,False
ORD102905,CUST1079,Home & Kitchen,1868.32,39.0,11.0,2.4,No,31-40,9+ Days,False
ORD102906,CUST1308,Electronics,59565.07,15.1,6.0,3.7,No,11-20,5-6 Days,True
ORD102907,CUST1621,Sports,2564.03,16.4,6.0,4.8,No,11-20,5-6 Days,False
ORD102908,CUST1026,Fashion,6470.51,24.8,7.0,4.0,No,21-30,7-8 Days,False
ORD102909,CUST1167,Fashion,3460.81,15.4,7.0,3.5,No,11-20,7-8 Days,False
ORD102910,CUST1685,Fashion,4191.62,32.6,3.0,3.6,Yes,31-40,3-4 Days,False
ORD102911,CUST1845,Fashion,7104.88,14.3,4.0,4.9,No,11-20,3-4 Days,False
ORD102912,CUST1543,Electronics,27710.12,28.4,6.0,4.4,No,21-30,5-6 Days,False
ORD102913,CUST1461,Beauty,3363.71,23.5,5.0,3.8,No,21-30,5-6 Days,False
ORD102914,CUST1151,Sports,1404.99,28.2,11.0,4.5,No,21-30,9+ Days,False
ORD102915,CUST1040,Fashion,517.61,18.1,5.0,4.4,No,11-20,5-6 Days,False
ORD102916,CUST1800,Home & Kitchen,6724.16,19.9,7.0,3.1,Yes,11-20,7-8 Days,False
ORD102917,CUST1869,Beauty,4179.32,26.4,6.0,3.5,No,21-30,5-6 Days,False
ORD102918,CUST1772,Beauty,991.21,28.0,10.0,4.9,No,21-30,9+ Days,False
ORD102919,CUST1593,Fashion,1353.21,24.9,6.0,4.3,Yes,21-30,5-6 Days,False
ORD102920,CUST1340,Fashion,3582.2,50.6,11.0,5.0,No,41+,9+ Days,False
ORD102921,CUST1174,Fashion,5358.78,10.1,9.0,4.3,No,11-20,9+ Days,False
ORD102922,CUST1587,Beauty,4358.81,24.0,7.0,3.2,No,21-30,7-8 Days,False
ORD102923,CUST1554,Beauty,1317.17,1.4,7.0,3.8,No,0-10,7-8 Days,False
ORD102924,CUST1097,Electronics,9377.35,30.6,5.0,4.4,Yes,31-40,5-6 Days,False
ORD102925,CUST1167,Fashion,7552.98,8.3,6.0,3.8,No,0-10,5-6 Days,False
ORD102926,CUST1198,Sports,4427.53,20.8,3.0,3.8,No,21-30,3-4 Days,False
ORD102927,CUST1615,Beauty,5164.08,19.4,4.0,5.0,No,11-20,3-4 Days,False
ORD102928,CUST1440,Sports,13047.93,29.2,8.0,3.6,No,21-30,7-8 Days,False
ORD102929,CUST1559,Beauty,4703.38,16.7,5.0,4.1,No,11-20,5-6 Days,False
ORD102930,CUST1678,Fashion,1766.25,16.1,7.0,4.0,No,11-20,7-8 Days,False
ORD102931,CUST1530,Home & Kitchen,20687.6,46.5,5.0,4.5,No,41+,5-6 Days,False
ORD102932,CUST1514,Home & Kitchen,19415.86,29.3,5.0,4.0,Yes,21-30,5-6 Days,False
ORD102933,CUST1617,Electronics,37819.76,16.6,5.0,3.9,Yes,11-20,5-6 Days,True
ORD102934,CUST1102,Home & Kitchen,8960.29,21.2,8.0,5.0,No,21-30,7-8 Days,False
ORD102935,CUST1182,Beauty,1796.3,49.7,6.0,3.7,No,41+,5-6 Days,False
ORD102936,CUST1721,Electronics,11703.91,21.5,6.0,4.4,No,21-30,5-6 Days,False
ORD102937,CUST1856,Beauty,3205.62,14.7,8.0,2.8,No,11-20,7-8 Days,False
ORD102938,CUST1414,Home & Kitchen,14963.31,14.7,3.0,3.8,No,11-20,3-4 Days,False
ORD102939,CUST1491,Sports,5838.55,16.8,7.0,3.7,No,11-20,7-8 Days,False
ORD102940,CUST1216,Electronics,31144.75,16.1,7.0,3.7,Yes,11-20,7-8 Days,False
ORD102941,CUST1772,Fashion,3226.36,5.8,6.0,2.4,Yes,0-10,5-6 Days,False
ORD102942,CUST1519,Home & Kitchen,16312.35,8.1,6.0,3.5,No,0-10,5-6 Days,False
ORD102943,CUST1719,Fashion,7259.44,12.6,5.0,3.1,Yes,11-20,5-6 Days,False
ORD102944,CUST1569,Beauty,1234.35,33.9,5.0,4.7,No,31-40,5-6 Days,False
ORD102945,CUST1542,Beauty,2474.03,19.3,7.0,3.1,No,11-20,7-8 Days,False
ORD102946,CUST1251,Electronics,12747.77,21.9,6.0,4.3,No,21-30,5-6 Days,False
ORD102947,CUST1733,Home & Kitchen,15923.64,44.1,3.0,4.3,No,41+,3-4 Days,False
ORD102948,CUST1753,Home & Kitchen,18438.67,44.4,3.0,3.3,No,41+,3-4 Days,False
ORD102949,CUST1684,Fashion,7489.35,20.8,4.0,3.1,No,21-30,3-4 Days,False
ORD102950,CUST1245,Sports,4687.87,15.5,5.0,3.6,No,11-20,5-6 Days,False
ORD102951,CUST1205,Beauty,5716.2,12.0,6.0,3.5,No,11-20,5-6 Days,False
ORD102952,CUST1488,Home & Kitchen,2330.96,35.4,7.0,3.0,No,31-40,7-8 Days,False
ORD102953,CUST1743,Beauty,3737.18,21.9,10.0,3.6,No,21-30,9+ Days,False
ORD102954,CUST1925,Fashion,928.5,19.2,4.0,4.0,No,11-20,3-4 Days,False
ORD102955,CUST1858,Sports,13480.97,12.8,6.0,2.8,No,11-20,5-6 Days,False
ORD102956,CUST1036,Home & Kitchen,13621.38,13.5,4.0,3.6,No,11-20,3-4 Days,False
ORD102957,CUST1099,Beauty,4115.29,29.8,5.0,3.4,Yes,21-30,5-6 Days,False
ORD102958,CUST1369,Sports,12591.51,5.3,4.0,3.9,No,0-10,3-4 Days,False
ORD102959,CUST1944,Fashion,1627.33,39.9,10.0,5.0,No,31-40,9+ Days,False
ORD102960,CUST1915,Beauty,519.97,17.0,7.0,2.6,No,11-20,7-8 Days,False
ORD102961,CUST1959,Electronics,53338.46,22.8,2.0,3.7,Yes,21-30,0-2 Days,True
ORD102962,CUST1258,Fashion,2862.0,4.9,6.0,4.0,Yes,0-10,5-6 Days,False
ORD102963,CUST1501,Fashion,1467.34,24.8,7.0,3.4,Yes,21-30,7-8 Days,False
ORD102964,CUST1654,Sports,7399.0,20.1,7.0,4.1,Yes,21-30,7-8 Days,False
ORD102965,CUST1720,Sports,9255.78,24.2,5.0,2.6,No,21-30,5-6 Days,False
ORD102966,CUST1625,Beauty,476.53,47.1,5.0,3.5,Yes,41+,5-6 Days,False
ORD102967,CUST1612,Beauty,1866.91,27.7,4.0,1.7,No,21-30,3-4 Days,False
ORD102968,CUST1104,Home & Kitchen,1593.76,13.1,3.0,3.6,No,11-20,3-4 Days,False
ORD102969,CUST1479,Sports,6710.8,14.3,4.0,2.8,Yes,11-20,3-4 Days,False
ORD102970,CUST1240,Fashion,7213.25,33.9,5.0,4.1,Yes,31-40,5-6 Days,False
ORD102971,CUST1368,Fashion,7869.89,44.5,6.0,4.9,No,41+,5-6 Days,False
ORD102972,CUST1753,Electronics,40037.62,29.2,6.0,4.0,No,21-30,5-6 Days,True
ORD102973,CUST1291,Beauty,1221.33,35.3,3.0,3.7,Yes,31-40,3-4 Days,False
ORD102974,CUST1982,Beauty,5463.34,34.1,3.0,3.4,No,31-40,3-4 Days,False
ORD102975,CUST1149,Fashion,4371.86,46.3,5.0,3.6,No,41+,5-6 Days,False
ORD102976,CUST1732,Electronics,13456.21,0.0,6.0,3.6,No,0-10,5-6 Days,False
ORD102977,CUST1401,Beauty,5553.84,35.0,7.0,3.8,No,31-40,7-8 Days,False
ORD102978,CUST1498,Electronics,46660.8,39.8,7.0,4.2,Yes,31-40,7-8 Days,True
ORD102979,CUST1594,Beauty,4470.72,4.9,7.0,3.2,No,0-10,7-8 Days,False
ORD102980,CUST1288,Sports,10841.28,11.7,5.0,4.7,No,11-20,5-6 Days,False
ORD102981,CUST1663,Fashion,2002.55,12.2,10.0,3.6,Yes,11-20,9+ Days,False
ORD102982,CUST1134,Fashion,2082.55,14.1,3.0,3.8,No,11-20,3-4 Days,False
ORD102983,CUST1797,Beauty,4223.27,17.8,6.0,4.8,No,11-20,5-6 Days,False
ORD102984,CUST1831,Beauty,1552.42,28.6,9.0,2.1,No,21-30,9+ Days,False
ORD102985,CUST1454,Home & Kitchen,11415.86,38.0,7.0,1.8,Yes,31-40,7-8 Days,False
ORD102986,CUST1225,Sports,11882.63,41.2,4.0,4.1,No,41+,3-4 Days,False
ORD102987,CUST1637,Electronics,48117.39,12.4,6.0,3.8,No,11-20,5-6 Days,True
ORD102988,CUST1608,Home & Kitchen,11768.93,12.3,6.0,5.0,Yes,11-20,5-6 Days,False
ORD102989,CUST1849,Beauty,4815.48,44.7,7.0,2.9,No,41+,7-8 Days,False
ORD102990,CUST1900,Sports,12692.29,34.7,10.0,4.2,No,31-40,9+ Days,False
ORD102991,CUST1752,Electronics,41012.67,26.2,9.0,3.5,Yes,21-30,9+ Days,True
ORD102992,CUST1826,Beauty,1602.03,32.1,2.0,4.6,No,31-40,0-2 Days,False
ORD102993,CUST1927,Home & Kitchen,7431.09,24.6,8.0,2.1,No,21-30,7-8 Days,False
ORD102994,CUST1918,Fashion,2861.31,32.9,5.0,3.6,Yes,31-40,5-6 Days,False
ORD102995,CUST1411,Electronics,11424.23,20.0,4.0,4.4,No,11-20,3-4 Days,False
ORD102996,CUST1374,Sports,4606.18,29.0,6.0,3.2,No,21-30,5-6 Days,False
ORD102997,CUST1085,Electronics,16523.56,2.3,6.0,3.8,No,0-10,5-6 Days,False
ORD102998,CUST1084,Fashion,3914.97,14.7,5.0,3.8,No,11-20,5-6 Days,False
ORD102999,CUST1482,Fashion,7313.28,14.8,7.0,4.1,No,11-20,7-8 Days,False
ORD103000,CUST1343,Sports,2194.07,19.4,10.0,2.9,Yes,11-20,9+ Days,False
ORD103001,CUST1272,Home & Kitchen,18230.48,11.1,9.0,3.4,No,11-20,9+ Days,False
ORD103002,CUST1006,Beauty,4217.51,17.0,4.0,4.2,Yes,11-20,3-4 Days,False
ORD103003,CUST1464,Fashion,1218.16,2.3,4.0,4.4,Yes,0-10,3-4 Days,False
ORD103004,CUST1519,Home & Kitchen,23126.25,33.2,6.0,3.9,Yes,31-40,5-6 Days,False
ORD103005,CUST1014,Home & Kitchen,14557.03,23.8,9.0,3.5,No,21-30,9+ Days,False
ORD103006,CUST1003,Beauty,2373.24,0.0,7.0,3.9,Yes,0-10,7-8 Days,False
ORD103007,CUST1737,Sports,11518.5,12.5,7.0,4.5,No,11-20,7-8 Days,False
ORD103008,CUST1817,Electronics,19155.1,30.0,8.0,4.0,Yes,21-30,7-8 Days,False
ORD103009,CUST1804,Home & Kitchen,17582.94,16.9,5.0,2.9,No,11-20,5-6 Days,False
ORD103010,CUST1487,Electronics,7184.12,14.5,8.0,2.9,No,11-20,7-8 Days,False
ORD103011,CUST1797,Home & Kitchen,21113.67,23.9,11.0,3.8,Yes,21-30,9+ Days,False
ORD103012,CUST1999,Fashion,3861.28,30.2,4.0,2.5,No,31-40,3-4 Days,False
ORD103013,CUST1388,Fashion,5275.2,3.5,8.0,4.4,No,0-10,7-8 Days,False
ORD103014,CUST1487,Fashion,2159.28,33.3,4.0,3.1,Yes,31-40,3-4 Days,False
ORD103015,CUST1168,Home & Kitchen,17185.18,13.0,6.0,2.9,No,11-20,5-6 Days,False
ORD103016,CUST1937,Fashion,6291.8,24.7,2.0,5.0,No,21-30,0-2 Days,False
ORD103017,CUST1406,Beauty,2997.32,24.5,7.0,3.4,No,21-30,7-8 Days,False
ORD103018,CUST1463,Fashion,5132.95,17.1,3.0,4.0,Yes,11-20,3-4 Days,False
ORD103019,CUST1132,Electronics,30097.93,9.6,4.0,4.3,No,0-10,3-4 Days,False
ORD103020,CUST1506,Beauty,5396.32,20.7,3.0,5.0,Yes,21-30,3-4 Days,False
ORD103021,CUST1978,Fashion,4234.02,49.4,6.0,3.3,No,41+,5-6 Days,False
ORD103022,CUST1633,Fashion,6813.57,4.6,4.0,3.9,No,0-10,3-4 Days,False
ORD103023,CUST1236,Home & Kitchen,20192.72,50.4,6.0,3.7,Yes,41+,5-6 Days,False
ORD103024,CUST1023,Fashion,3578.79,21.1,3.0,5.0,No,21-30,3-4 Days,False
ORD103025,CUST1614,Electronics,17654.65,25.5,5.0,2.2,Yes,21-30,5-6 Days,False
ORD103026,CUST1132,Fashion,3545.62,8.7,7.0,3.7,No,0-10,7-8 Days,False
ORD103027,CUST1452,Sports,12514.91,13.4,7.0,3.8,No,11-20,7-8 Days,False
ORD103028,CUST1274,Home & Kitchen,6308.71,17.5,6.0,3.7,No,11-20,5-6 Days,False
ORD103029,CUST1001,Home & Kitchen,13491.36,9.3,2.0,2.6,No,0-10,0-2 Days,False
ORD103030,CUST1544,Home & Kitchen,20307.54,21.9,6.0,2.3,Yes,21-30,5-6 Days,False
ORD103031,CUST1661,Electronics,24441.26,18.9,8.0,2.6,No,11-20,7-8 Days,False
ORD103032,CUST1166,Fashion,5316.57,52.8,8.0,4.5,Yes,41+,7-8 Days,False
ORD103033,CUST1410,Beauty,1700.1,7.5,5.0,3.8,Yes,0-10,5-6 Days,False
ORD103034,CUST1297,Electronics,11010.37,26.5,3.0,2.4,Yes,21-30,3-4 Days,False
ORD103035,CUST1689,Fashion,6457.88,28.7,5.0,4.9,No,21-30,5-6 Days,False
ORD103036,CUST1853,Fashion,1242.26,8.9,5.0,5.0,No,0-10,5-6 Days,False
ORD103037,CUST1093,Fashion,2535.36,35.3,7.0,4.0,Yes,31-40,7-8 Days,False
ORD103038,CUST1629,Sports,12928.06,19.0,5.0,4.1,No,11-20,5-6 Days,False
ORD103039,CUST1937,Electronics,24055.81,0.0,4.0,3.9,No,0-10,3-4 Days,False
ORD103040,CUST1096,Home & Kitchen,24347.7,34.9,3.0,3.3,No,31-40,3-4 Days,False
ORD103041,CUST1571,Electronics,58885.39,8.2,5.0,2.3,No,0-10,5-6 Days,True
ORD103042,CUST1900,Sports,4536.35,9.3,9.0,2.9,No,0-10,9+ Days,False
ORD103043,CUST1141,Electronics,7253.8,35.3,8.0,3.8,No,31-40,7-8 Days,False
ORD103044,CUST1317,Fashion,5787.97,19.8,6.0,4.3,No,11-20,5-6 Days,False
ORD103045,CUST1563,Beauty,2870.62,38.8,11.0,3.6,No,31-40,9+ Days,False
ORD103046,CUST1931,Beauty,874.29,43.2,9.0,3.7,No,41+,9+ Days,False
ORD103047,CUST1767,Fashion,5806.42,15.3,7.0,3.8,Yes,11-20,7-8 Days,False
ORD103048,CUST1603,Fashion,733.81,36.9,5.0,3.9,Yes,31-40,5-6 Days,False
ORD103049,CUST1833,Fashion,7026.48,13.7,9.0,3.3,No,11-20,9+ Days,False
ORD103050,CUST1305,Fashion,1539.89,58.5,3.0,4.1,No,41+,3-4 Days,False
ORD103051,CUST1177,Electronics,12002.15,14.6,7.0,2.9,No,11-20,7-8 Days,False
ORD103052,CUST1615,Fashion,1817.54,40.4,3.0,4.0,Yes,41+,3-4 Days,False
ORD103053,CUST1654,Fashion,7702.0,37.7,11.0,2.6,Yes,31-40,9+ Days,False
ORD103054,CUST1421,Fashion,5698.77,29.7,7.0,2.8,No,21-30,7-8 Days,False
ORD103055,CUST1030,Home & Kitchen,20193.19,14.9,10.0,3.2,No,11-20,9+ Days,False
ORD103056,CUST1142,Sports,6386.18,22.7,4.0,4.0,No,21-30,3-4 Days,False
ORD103057,CUST1715,Home & Kitchen,8938.77,0.0,9.0,4.0,No,0-10,9+ Days,False
ORD103058,CUST1223,Electronics,17896.62,28.4,6.0,3.1,No,21-30,5-6 Days,False
ORD103059,CUST1505,Electronics,31435.64,30.2,10.0,2.7,No,31-40,9+ Days,False
ORD103060,CUST1860,Sports,8591.15,27.0,10.0,4.8,No,21-30,9+ Days,False
ORD103061,CUST1923,Fashion,5238.31,0.0,6.0,3.9,No,0-10,5-6 Days,False
ORD103062,CUST1830,Electronics,19141.52,6.0,6.0,3.7,No,0-10,5-6 Days,False
ORD103063,CUST1511,Home & Kitchen,23757.43,13.8,5.0,4.1,No,11-20,5-6 Days,False
ORD103064,CUST1003,Home & Kitchen,4908.16,29.4,16.0,3.0,No,21-30,9+ Days,False
ORD103065,CUST1454,Home & Kitchen,24168.81,29.3,6.0,4.7,No,21-30,5-6 Days,False
ORD103066,CUST1551,Fashion,611.42,22.4,5.0,4.3,Yes,21-30,5-6 Days,False
ORD103067,CUST1275,Electronics,31461.91,34.5,6.0,3.6,No,31-40,5-6 Days,False
ORD103068,CUST1361,Sports,5467.16,9.6,7.0,3.8,No,0-10,7-8 Days,False
ORD103069,CUST1098,Fashion,3868.43,34.2,7.0,3.6,No,31-40,7-8 Days,False
ORD103070,CUST1988,Home & Kitchen,14610.08,32.1,6.0,4.9,Yes,31-40,5-6 Days,False
ORD103071,CUST1460,Beauty,2782.86,30.7,6.0,4.1,No,31-40,5-6 Days,False
ORD103072,CUST1128,Home & Kitchen,10839.29,22.3,6.0,4.2,No,21-30,5-6 Days,False
ORD103073,CUST1167,Fashion,5995.43,52.5,7.0,3.9,Yes,41+,7-8 Days,False
ORD103074,CUST1266,Fashion,5644.07,32.4,4.0,3.8,No,31-40,3-4 Days,False
ORD103075,CUST1943,Home & Kitchen,20965.17,10.5,7.0,5.0,Yes,11-20,7-8 Days,False
ORD103076,CUST1384,Sports,4274.41,28.7,4.0,3.5,Yes,21-30,3-4 Days,False
ORD103077,CUST1857,Sports,9416.26,36.3,6.0,4.0,No,31-40,5-6 Days,False
ORD103078,CUST1151,Electronics,37185.71,16.2,3.0,5.0,No,11-20,3-4 Days,True
ORD103079,CUST1248,Electronics,25335.58,41.3,7.0,4.9,No,41+,7-8 Days,False
ORD103080,CUST1571,Sports,7650.62,30.7,8.0,4.1,No,31-40,7-8 Days,False
ORD103081,CUST1218,Beauty,2088.56,0.0,4.0,2.6,No,0-10,3-4 Days,False
ORD103082,CUST1595,Sports,2728.37,29.5,5.0,5.0,No,21-30,5-6 Days,False
ORD103083,CUST1102,Electronics,16759.07,18.9,8.0,3.6,No,11-20,7-8 Days,False
ORD103084,CUST1660,Home & Kitchen,3353.43,33.1,6.0,3.9,No,31-40,5-6 Days,False
ORD103085,CUST1941,Beauty,4193.5,39.2,4.0,4.6,No,31-40,3-4 Days,False
ORD103086,CUST1756,Home & Kitchen,16789.6,27.9,6.0,3.6,No,21-30,5-6 Days,False
ORD103087,CUST1300,Fashion,7629.55,50.0,6.0,4.0,Yes,41+,5-6 Days,False
ORD103088,CUST1786,Electronics,45132.31,22.3,5.0,3.9,No,21-30,5-6 Days,True
ORD103089,CUST1048,Home & Kitchen,2059.51,34.4,3.0,3.5,No,31-40,3-4 Days,False
ORD103090,CUST1331,Fashion,7131.84,37.1,8.0,4.1,Yes,31-40,7-8 Days,False
ORD103091,CUST1762,Fashion,6970.06,23.5,7.0,3.3,No,21-30,7-8 Days,False
ORD103092,CUST1729,Sports,7039.48,36.7,4.0,2.9,No,31-40,3-4 Days,False
ORD103093,CUST1235,Fashion,4893.97,16.1,2.0,4.2,No,11-20,0-2 Days,False
ORD103094,CUST1513,Beauty,5863.65,18.7,5.0,4.8,No,11-20,5-6 Days,False
ORD103095,CUST1928,Electronics,34276.74,5.3,9.0,3.2,No,0-10,9+ Days,True
ORD103096,CUST1097,Home & Kitchen,22708.79,28.6,12.0,3.4,No,21-30,9+ Days,False
ORD103097,CUST1960,Sports,1887.45,29.9,4.0,3.8,No,21-30,3-4 Days,False
ORD103098,CUST1775,Electronics,15507.85,42.7,4.0,3.8,No,41+,3-4 Days,False
ORD103099,CUST1351,Electronics,29241.52,36.9,8.0,2.2,No,31-40,7-8 Days,False
ORD103100,CUST1090,Fashion,4885.68,20.7,8.0,3.5,No,21-30,7-8 Days,False
ORD103101,CUST1199,Electronics,49892.53,7.3,4.0,5.0,No,0-10,3-4 Days,True
ORD103102,CUST1100,Beauty,5933.09,31.5,8.0,4.9,No,31-40,7-8 Days,False
ORD103103,CUST1430,Sports,6260.58,41.7,3.0,5.0,No,41+,3-4 Days,False
ORD103104,CUST1152,Fashion,855.62,36.3,7.0,4.3,No,31-40,7-8 Days,False
ORD103105,CUST1581,Fashion,6508.79,41.3,7.0,3.4,Yes,41+,7-8 Days,False
ORD103106,CUST1726,Fashion,5032.86,21.8,12.0,4.0,No,21-30,9+ Days,False
ORD103107,CUST1108,Beauty,1431.69,18.0,3.0,4.3,No,11-20,3-4 Days,False
ORD103108,CUST1164,Electronics,32215.57,13.9,4.0,3.5,No,11-20,3-4 Days,False
ORD103109,CUST1451,Home & Kitchen,18763.91,24.2,7.0,2.4,Yes,21-30,7-8 Days,False
ORD103110,CUST1818,Home & Kitchen,19443.97,23.8,6.0,4.5,No,21-30,5-6 Days,False
ORD103111,CUST1248,Home & Kitchen,12890.77,28.1,3.0,3.4,No,21-30,3-4 Days,False
ORD103112,CUST1955,Fashion,2789.11,23.1,5.0,4.3,No,21-30,5-6 Days,False
ORD103113,CUST1485,Beauty,5850.33,23.0,6.0,2.5,Yes,21-30,5-6 Days,False
ORD103114,CUST1442,Electronics,41484.94,13.3,8.0,3.3,No,11-20,7-8 Days,True
ORD103115,CUST1998,Electronics,27453.06,39.1,2.0,4.1,No,31-40,0-2 Days,False
ORD103116,CUST1814,Sports,4710.62,26.1,4.0,4.3,No,21-30,3-4 Days,False
ORD103117,CUST1710,Beauty,4467.29,22.4,7.0,4.4,No,21-30,7-8 Days,False
ORD103118,CUST1500,Electronics,18320.09,13.8,2.0,3.7,No,11-20,0-2 Days,False
ORD103119,CUST1985,Fashion,1787.82,5.0,5.0,4.0,No,0-10,5-6 Days,False
ORD103120,CUST1279,Electronics,34140.86,44.6,7.0,4.1,Yes,41+,7-8 Days,False
ORD103121,CUST1524,Fashion,2674.91,33.3,8.0,4.1,No,31-40,7-8 Days,False
ORD103122,CUST1668,Fashion,5216.79,0.6,3.0,4.3,No,0-10,3-4 Days,False
ORD103123,CUST1186,Electronics,11486.63,36.4,6.0,2.9,Yes,31-40,5-6 Days,False
ORD103124,CUST1748,Fashion,5412.06,38.8,2.0,5.0,No,31-40,0-2 Days,False
ORD103125,CUST1829,Beauty,1914.79,26.9,6.0,3.7,No,21-30,5-6 Days,False
ORD103126,CUST1488,Home & Kitchen,805.88,49.0,6.0,3.7,No,41+,5-6 Days,False
ORD103127,CUST1224,Home & Kitchen,3871.85,28.3,5.0,3.6,No,21-30,5-6 Days,False
ORD103128,CUST1951,Electronics,56348.85,3.7,4.0,4.0,No,0-10,3-4 Days,True
ORD103129,CUST1500,Sports,13103.17,30.5,3.0,2.6,Yes,31-40,3-4 Days,False
ORD103130,CUST1985,Beauty,1631.57,28.7,5.0,3.4,No,21-30,5-6 Days,False
ORD103131,CUST1546,Beauty,4736.72,16.0,4.0,2.3,Yes,11-20,3-4 Days,False
ORD103132,CUST1862,Beauty,3768.86,33.6,7.0,3.4,No,31-40,7-8 Days,False
ORD103133,CUST1101,Sports,14583.94,0.0,7.0,3.9,No,0-10,7-8 Days,False
ORD103134,CUST1766,Home & Kitchen,9841.26,39.9,4.0,4.3,No,31-40,3-4 Days,False
ORD103135,CUST1274,Electronics,42480.33,11.8,9.0,3.8,No,11-20,9+ Days,True
ORD103136,CUST1888,Home & Kitchen,2337.56,10.2,7.0,4.0,No,11-20,7-8 Days,False
ORD103137,CUST1675,Beauty,2558.61,23.3,7.0,2.5,No,21-30,7-8 Days,False
ORD103138,CUST1432,Beauty,5793.76,31.5,7.0,3.9,No,31-40,7-8 Days,False
ORD103139,CUST1549,Home & Kitchen,13843.34,27.5,5.0,4.8,No,21-30,5-6 Days,False
ORD103140,CUST1512,Electronics,20833.37,13.9,6.0,4.2,Yes,11-20,5-6 Days,False
ORD103141,CUST1809,Fashion,1402.03,17.4,5.0,3.2,Yes,11-20,5-6 Days,False
ORD103142,CUST1390,Sports,10760.46,8.0,10.0,3.9,No,0-10,9+ Days,False
ORD103143,CUST1211,Home & Kitchen,16405.52,21.6,3.0,4.9,Yes,21-30,3-4 Days,False
ORD103144,CUST1896,Home & Kitchen,9849.32,41.1,7.0,4.3,No,41+,7-8 Days,False
ORD103145,CUST1086,Fashion,7632.06,24.9,11.0,4.3,No,21-30,9+ Days,False
ORD103146,CUST1505,Fashion,666.52,37.9,7.0,3.2,No,31-40,7-8 Days,False
ORD103147,CUST1480,Sports,5043.25,46.8,5.0,3.5,No,41+,5-6 Days,False
ORD103148,CUST1603,Home & Kitchen,23089.88,16.2,8.0,3.7,No,11-20,7-8 Days,False
ORD103149,CUST1763,Beauty,2129.33,22.2,6.0,5.0,Yes,21-30,5-6 Days,False
ORD103150,CUST1208,Fashion,2391.9,57.6,6.0,3.1,No,41+,5-6 Days,False
ORD103151,CUST1986,Home & Kitchen,13728.13,46.7,5.0,4.0,No,41+,5-6 Days,False
ORD103152,CUST1295,Fashion,6678.51,0.0,5.0,4.3,Yes,0-10,5-6 Days,False
ORD103153,CUST1772,Beauty,887.94,30.8,7.0,4.4,No,31-40,7-8 Days,False
ORD103154,CUST1912,Fashion,7572.66,25.0,5.0,3.6,No,21-30,5-6 Days,False
ORD103155,CUST1820,Fashion,6463.05,37.4,6.0,3.5,No,31-40,5-6 Days,False
ORD103156,CUST1625,Home & Kitchen,5186.26,13.8,3.0,5.0,No,11-20,3-4 Days,False
ORD103157,CUST1275,Sports,10881.71,12.4,11.0,3.6,No,11-20,9+ Days,False
ORD103158,CUST1604,Electronics,26172.73,14.9,8.0,3.5,No,11-20,7-8 Days,False
ORD103159,CUST1377,Beauty,2593.08,16.4,5.0,4.5,No,11-20,5-6 Days,False
ORD103160,CUST1785,Fashion,6374.68,37.2,4.0,3.9,Yes,31-40,3-4 Days,False
ORD103161,CUST1173,Fashion,7720.89,7.3,4.0,2.8,No,0-10,3-4 Days,False
ORD103162,CUST1130,Electronics,11966.07,15.7,8.0,4.6,No,11-20,7-8 Days,False
ORD103163,CUST1898,Fashion,3654.73,0.0,7.0,3.5,No,0-10,7-8 Days,False
ORD103164,CUST1600,Home & Kitchen,12438.79,40.1,4.0,3.5,No,41+,3-4 Days,False
ORD103165,CUST1758,Electronics,25697.15,44.1,10.0,5.0,No,41+,9+ Days,False
ORD103166,CUST1567,Fashion,3223.92,20.1,3.0,3.6,No,21-30,3-4 Days,False
ORD103167,CUST1859,Sports,1447.44,20.5,7.0,3.9,No,21-30,7-8 Days,False
ORD103168,CUST1004,Electronics,42704.62,31.8,9.0,4.5,Yes,31-40,9+ Days,True
ORD103169,CUST1496,Beauty,2786.42,47.1,5.0,3.1,Yes,41+,5-6 Days,False
ORD103170,CUST1379,Fashion,1960.95,31.1,7.0,4.2,No,31-40,7-8 Days,False
ORD103171,CUST1356,Home & Kitchen,20548.01,14.5,5.0,4.5,No,11-20,5-6 Days,False
ORD103172,CUST1468,Fashion,6519.21,0.7,5.0,4.9,No,0-10,5-6 Days,False
ORD103173,CUST1396,Electronics,31751.54,8.3,5.0,4.3,No,0-10,5-6 Days,False
ORD103174,CUST1438,Electronics,21414.79,26.1,2.0,2.9,No,21-30,0-2 Days,False
ORD103175,CUST1988,Electronics,40095.1,15.2,4.0,4.1,No,11-20,3-4 Days,True
ORD103176,CUST1828,Electronics,20848.37,27.9,3.0,2.7,No,21-30,3-4 Days,False
ORD103177,CUST1541,Home & Kitchen,6511.39,16.7,7.0,4.8,No,11-20,7-8 Days,False
ORD103178,CUST1701,Sports,11146.36,9.1,4.0,4.7,No,0-10,3-4 Days,False
ORD103179,CUST1046,Beauty,529.85,7.3,9.0,4.0,No,0-10,9+ Days,False
ORD103180,CUST1609,Home & Kitchen,3093.4,48.4,4.0,3.9,No,41+,3-4 Days,False
ORD103181,CUST1049,Electronics,5373.35,38.3,8.0,3.8,Yes,31-40,7-8 Days,False
ORD103182,CUST1120,Fashion,1647.07,51.0,6.0,3.8,No,41+,5-6 Days,False
ORD103183,CUST1658,Fashion,1017.43,33.1,8.0,4.6,No,31-40,7-8 Days,False
ORD103184,CUST1844,Fashion,7968.52,18.6,5.0,3.6,No,11-20,5-6 Days,False
ORD103185,CUST1761,Home & Kitchen,7789.2,44.9,2.0,5.0,No,41+,0-2 Days,False
ORD103186,CUST1074,Home & Kitchen,4412.29,24.5,8.0,3.9,No,21-30,7-8 Days,False
ORD103187,CUST1408,Fashion,2307.47,28.3,7.0,4.8,No,21-30,7-8 Days,False
ORD103188,CUST1495,Fashion,7520.94,24.4,6.0,2.5,No,21-30,5-6 Days,False
ORD103189,CUST1273,Beauty,3264.91,0.0,4.0,3.3,Yes,0-10,3-4 Days,False
ORD103190,CUST1107,Beauty,2379.46,49.1,6.0,4.5,No,41+,5-6 Days,False
ORD103191,CUST1864,Fashion,7050.44,32.4,5.0,4.1,No,31-40,5-6 Days,False
ORD103192,CUST1184,Sports,6348.36,29.9,7.0,3.8,Yes,21-30,7-8 Days,False
ORD103193,CUST1345,Sports,5490.62,24.1,5.0,4.6,No,21-30,5-6 Days,False
ORD103194,CUST1820,Fashion,2054.62,27.5,4.0,5.0,Yes,21-30,3-4 Days,False
ORD103195,CUST1583,Fashion,3333.48,16.0,7.0,2.9,No,11-20,7-8 Days,False
ORD103196,CUST1532,Home & Kitchen,8463.76,34.2,6.0,4.6,Yes,31-40,5-6 Days,False
ORD103197,CUST1669,Sports,10385.45,5.4,6.0,3.4,No,0-10,5-6 Days,False
ORD103198,CUST1339,Sports,4841.03,27.8,9.0,4.5,No,21-30,9+ Days,False
ORD103199,CUST1459,Electronics,36745.99,33.4,5.0,3.4,Yes,31-40,5-6 Days,True
ORD103200,CUST1225,Fashion,994.19,22.0,6.0,4.2,No,21-30,5-6 Days,False
ORD103201,CUST1690,Home & Kitchen,5429.2,30.6,5.0,4.3,No,31-40,5-6 Days,False
ORD103202,CUST1375,Home & Kitchen,10659.21,10.1,4.0,3.2,No,11-20,3-4 Days,False
ORD103203,CUST1630,Electronics,56532.21,10.5,5.0,3.4,No,11-20,5-6 Days,True
ORD103204,CUST1911,Sports,6094.7,28.6,5.0,3.6,No,21-30,5-6 Days,False
ORD103205,CUST1671,Home & Kitchen,16870.59,35.2,5.0,2.5,No,31-40,5-6 Days,False
ORD103206,CUST1525,Beauty,1754.0,0.0,8.0,4.2,No,0-10,7-8 Days,False
ORD103207,CUST1056,Sports,2516.58,32.8,4.0,5.0,No,31-40,3-4 Days,False
ORD103208,CUST1240,Beauty,633.66,16.9,5.0,2.8,No,11-20,5-6 Days,False
ORD103209,CUST1275,Fashion,2790.6,22.1,10.0,4.3,Yes,21-30,9+ Days,False
ORD103210,CUST1838,Home & Kitchen,4615.4,4.9,5.0,4.1,No,0-10,5-6 Days,False
ORD103211,CUST1924,Electronics,14570.57,12.2,3.0,3.2,No,11-20,3-4 Days,False
ORD103212,CUST1406,Home & Kitchen,19210.38,39.5,6.0,5.0,No,31-40,5-6 Days,False
ORD103213,CUST1668,Electronics,5871.09,25.5,6.0,4.7,No,21-30,5-6 Days,False
ORD103214,CUST1592,Home & Kitchen,14299.01,19.3,4.0,4.8,Yes,11-20,3-4 Days,False
ORD103215,CUST1114,Fashion,3345.96,23.3,12.0,3.8,Yes,21-30,9+ Days,False
ORD103216,CUST1545,Electronics,32860.25,32.3,4.0,2.6,No,31-40,3-4 Days,False
ORD103217,CUST1114,Electronics,35955.66,31.6,6.0,3.9,No,31-40,5-6 Days,True
ORD103218,CUST1941,Electronics,22235.22,23.9,8.0,3.7,No,21-30,7-8 Days,False
ORD103219,CUST1432,Beauty,1982.12,41.4,8.0,4.6,No,41+,7-8 Days,False
ORD103220,CUST1502,Beauty,4480.39,39.6,6.0,3.3,No,31-40,5-6 Days,False
ORD103221,CUST1371,Home & Kitchen,21884.9,31.2,6.0,4.9,Yes,31-40,5-6 Days,False
ORD103222,CUST1575,Electronics,15591.99,25.8,6.0,3.3,No,21-30,5-6 Days,False
ORD103223,CUST1538,Electronics,10369.03,34.9,2.0,4.4,Yes,31-40,0-2 Days,False
ORD103224,CUST1087,Electronics,54378.77,29.7,3.0,3.2,No,21-30,3-4 Days,True
ORD103225,CUST1769,Electronics,24244.25,40.9,8.0,3.8,No,41+,7-8 Days,False
ORD103226,CUST1446,Sports,8583.84,38.5,4.0,2.7,No,31-40,3-4 Days,False
ORD103227,CUST1605,Fashion,3196.57,9.7,3.0,3.9,No,0-10,3-4 Days,False
ORD103228,CUST1200,Fashion,1443.52,8.7,5.0,3.0,No,0-10,5-6 Days,False
ORD103229,CUST1362,Electronics,37413.24,14.5,5.0,4.2,No,11-20,5-6 Days,True
ORD103230,CUST1487,Fashion,4438.56,39.6,8.0,4.4,Yes,31-40,7-8 Days,False
ORD103231,CUST1899,Home & Kitchen,5712.44,1.4,6.0,3.8,No,0-10,5-6 Days,False
ORD103232,CUST1717,Home & Kitchen,11735.23,30.9,4.0,3.3,Yes,31-40,3-4 Days,False
ORD103233,CUST1084,Fashion,6477.11,30.4,6.0,4.1,No,31-40,5-6 Days,False
ORD103234,CUST1619,Electronics,37473.44,42.4,6.0,4.6,No,41+,5-6 Days,True
ORD103235,CUST1247,Fashion,1226.88,27.7,4.0,3.7,No,21-30,3-4 Days,False
ORD103236,CUST1884,Fashion,4610.16,4.9,7.0,3.5,No,0-10,7-8 Days,False
ORD103237,CUST1517,Electronics,43650.61,10.6,4.0,2.8,Yes,11-20,3-4 Days,True
ORD103238,CUST1941,Sports,12035.66,7.3,6.0,4.0,No,0-10,5-6 Days,False
ORD103239,CUST1268,Home & Kitchen,16024.65,16.9,12.0,4.6,No,11-20,9+ Days,False
ORD103240,CUST1816,Home & Kitchen,4494.33,22.3,3.0,4.9,No,21-30,3-4 Days,False
ORD103241,CUST1465,Fashion,5826.3,7.5,5.0,4.0,No,0-10,5-6 Days,False
ORD103242,CUST1014,Fashion,5580.06,47.1,9.0,2.7,Yes,41+,9+ Days,False
ORD103243,CUST1821,Home & Kitchen,1391.13,5.1,8.0,3.4,No,0-10,7-8 Days,False
ORD103244,CUST1218,Home & Kitchen,10764.29,45.2,4.0,4.7,No,41+,3-4 Days,False
ORD103245,CUST1990,Beauty,2197.82,42.8,9.0,4.5,No,41+,9+ Days,False
ORD103246,CUST1234,Electronics,41817.66,38.5,7.0,3.0,Yes,31-40,7-8 Days,True
ORD103247,CUST1045,Home & Kitchen,6030.49,14.6,5.0,5.0,No,11-20,5-6 Days,False
ORD103248,CUST1160,Fashion,4931.54,30.1,4.0,2.9,No,31-40,3-4 Days,False
ORD103249,CUST1158,Sports,13758.85,5.8,10.0,3.5,No,0-10,9+ Days,False
ORD103250,CUST1780,Home & Kitchen,20106.82,38.7,8.0,4.2,Yes,31-40,7-8 Days,False
ORD103251,CUST1100,Home & Kitchen,23099.28,23.9,5.0,3.7,No,21-30,5-6 Days,False
ORD103252,CUST1083,Electronics,58817.83,18.9,6.0,3.5,No,11-20,5-6 Days,True
ORD103253,CUST1556,Home & Kitchen,1058.22,6.6,6.0,3.8,No,0-10,5-6 Days,False
ORD103254,CUST1153,Electronics,39250.77,0.0,1.0,4.6,No,0-10,0-2 Days,True
ORD103255,CUST1993,Fashion,3596.3,9.4,3.0,5.0,No,0-10,3-4 Days,False
ORD103256,CUST1682,Electronics,52292.0,41.7,6.0,4.0,No,41+,5-6 Days,True
ORD103257,CUST1021,Home & Kitchen,6893.92,19.0,3.0,3.3,No,11-20,3-4 Days,False
ORD103258,CUST1250,Electronics,58956.62,22.5,8.0,3.9,No,21-30,7-8 Days,True
ORD103259,CUST1189,Fashion,5102.81,34.8,6.0,5.0,No,31-40,5-6 Days,False
ORD103260,CUST1322,Sports,12047.58,52.1,8.0,4.4,No,41+,7-8 Days,False
ORD103261,CUST1869,Electronics,9707.98,44.9,8.0,4.9,Yes,41+,7-8 Days,False
ORD103262,CUST1533,Home & Kitchen,5239.68,10.4,6.0,4.5,Yes,11-20,5-6 Days,False
ORD103263,CUST1794,Fashion,6188.03,0.0,6.0,4.6,Yes,0-10,5-6 Days,False
ORD103264,CUST1672,Electronics,6209.26,60.4,5.0,3.8,No,41+,5-6 Days,False
ORD103265,CUST1219,Beauty,4956.2,59.0,6.0,5.0,No,41+,5-6 Days,False
ORD103266,CUST1017,Electronics,5767.2,27.8,7.0,1.5,Yes,21-30,7-8 Days,False
ORD103267,CUST1516,Fashion,5428.39,5.9,8.0,4.3,No,0-10,7-8 Days,False
ORD103268,CUST1039,Home & Kitchen,9635.27,39.4,5.0,4.2,Yes,31-40,5-6 Days,False
ORD103269,CUST1783,Home & Kitchen,15598.18,23.4,7.0,3.1,No,21-30,7-8 Days,False
ORD103270,CUST1801,Home & Kitchen,17643.96,23.3,14.0,4.1,Yes,21-30,9+ Days,False
ORD103271,CUST1701,Fashion,3068.56,38.4,5.0,4.3,No,31-40,5-6 Days,False
ORD103272,CUST1142,Electronics,10937.93,30.0,4.0,2.4,No,21-30,3-4 Days,False
ORD103273,CUST1346,Beauty,696.98,7.2,8.0,4.1,Yes,0-10,7-8 Days,False
ORD103274,CUST1303,Home & Kitchen,15052.25,20.1,4.0,4.8,No,21-30,3-4 Days,False
ORD103275,CUST1130,Beauty,3267.74,34.9,7.0,5.0,No,31-40,7-8 Days,False
ORD103276,CUST1468,Beauty,4530.55,32.7,6.0,4.3,No,31-40,5-6 Days,False
ORD103277,CUST1346,Beauty,3205.49,28.9,8.0,3.7,No,21-30,7-8 Days,False
ORD103278,CUST1834,Fashion,3668.34,39.0,5.0,4.6,No,31-40,5-6 Days,False
ORD103279,CUST1176,Fashion,3485.65,19.6,9.0,3.1,No,11-20,9+ Days,False
ORD103280,CUST1448,Beauty,450.75,27.7,10.0,4.4,No,21-30,9+ Days,False
ORD103281,CUST1194,Fashion,3016.68,0.0,9.0,3.8,No,0-10,9+ Days,False
ORD103282,CUST1944,Electronics,58681.11,18.3,7.0,4.8,No,11-20,7-8 Days,True
ORD103283,CUST1337,Sports,13191.84,36.5,6.0,3.4,No,31-40,5-6 Days,False
ORD103284,CUST1786,Sports,5410.11,19.1,4.0,5.0,No,11-20,3-4 Days,False
ORD103285,CUST1179,Fashion,4908.47,18.0,5.0,4.8,No,11-20,5-6 Days,False
ORD103286,CUST1752,Electronics,51601.32,9.4,5.0,4.1,No,0-10,5-6 Days,True
ORD103287,CUST1644,Fashion,3809.56,40.1,7.0,4.0,Yes,41+,7-8 Days,False
ORD103288,CUST1081,Beauty,402.36,33.2,6.0,5.0,Yes,31-40,5-6 Days,False
ORD103289,CUST1161,Sports,1765.5,37.4,4.0,5.0,No,31-40,3-4 Days,False
ORD103290,CUST1407,Electronics,33071.6,0.0,7.0,3.5,No,0-10,7-8 Days,False
ORD103291,CUST1181,Electronics,58319.17,22.6,6.0,3.6,No,21-30,5-6 Days,True
ORD103292,CUST1269,Sports,10612.9,20.8,9.0,4.9,No,21-30,9+ Days,False
ORD103293,CUST1839,Fashion,1031.87,20.8,4.0,1.9,Yes,21-30,3-4 Days,False
ORD103294,CUST1570,Home & Kitchen,5382.53,15.8,6.0,1.8,No,11-20,5-6 Days,False
ORD103295,CUST1489,Sports,11729.92,19.8,3.0,3.2,No,11-20,3-4 Days,False
ORD103296,CUST1494,Electronics,51279.19,37.7,5.0,4.1,No,31-40,5-6 Days,True
ORD103297,CUST1191,Home & Kitchen,15748.21,0.0,7.0,2.9,No,0-10,7-8 Days,False
ORD103298,CUST1321,Electronics,40443.27,51.7,5.0,2.8,No,41+,5-6 Days,True
ORD103299,CUST1360,Fashion,712.53,32.3,7.0,3.5,Yes,31-40,7-8 Days,False
ORD103300,CUST1554,Beauty,5022.62,24.4,2.0,4.9,No,21-30,0-2 Days,False
ORD103301,CUST1095,Fashion,6412.06,38.6,9.0,3.5,No,31-40,9+ Days,False
ORD103302,CUST1356,Sports,4404.2,3.2,5.0,4.7,No,0-10,5-6 Days,False
ORD103303,CUST1601,Home & Kitchen,17949.98,15.0,5.0,3.9,No,11-20,5-6 Days,False
ORD103304,CUST1621,Fashion,2111.41,23.2,8.0,5.0,No,21-30,7-8 Days,False
ORD103305,CUST1370,Fashion,802.48,45.5,5.0,3.7,No,41+,5-6 Days,False
ORD103306,CUST1745,Fashion,2008.52,24.3,5.0,4.2,No,21-30,5-6 Days,False
ORD103307,CUST1296,Fashion,1839.72,31.8,6.0,4.0,No,31-40,5-6 Days,False
ORD103308,CUST1862,Electronics,23576.14,16.2,5.0,3.7,Yes,11-20,5-6 Days,False
ORD103309,CUST1102,Fashion,3638.37,32.3,7.0,4.5,No,31-40,7-8 Days,False
ORD103310,CUST1021,Fashion,4314.04,50.2,7.0,4.4,No,41+,7-8 Days,False
ORD103311,CUST1083,Beauty,3017.5,39.9,6.0,4.0,No,31-40,5-6 Days,False
ORD103312,CUST1976,Home & Kitchen,7350.33,23.8,3.0,2.3,No,21-30,3-4 Days,False
ORD103313,CUST1673,Beauty,466.27,35.1,7.0,2.9,No,31-40,7-8 Days,False
ORD103314,CUST1367,Electronics,38280.59,33.7,7.0,3.1,Yes,31-40,7-8 Days,True
ORD103315,CUST1710,Electronics,26765.97,32.6,6.0,4.0,Yes,31-40,5-6 Days,False
ORD103316,CUST1554,Home & Kitchen,8027.87,41.7,3.0,3.8,No,41+,3-4 Days,False
ORD103317,CUST1549,Fashion,7002.06,41.6,6.0,3.3,No,41+,5-6 Days,False
ORD103318,CUST1712,Electronics,46070.88,23.1,9.0,3.2,Yes,21-30,9+ Days,True
ORD103319,CUST1385,Beauty,5189.26,34.6,6.0,4.4,No,31-40,5-6 Days,False
ORD103320,CUST1333,Beauty,3121.4,19.3,5.0,3.3,No,11-20,5-6 Days,False
ORD103321,CUST1666,Home & Kitchen,3968.54,11.2,7.0,1.9,No,11-20,7-8 Days,False
ORD103322,CUST1976,Electronics,43292.18,21.0,6.0,4.0,No,21-30,5-6 Days,True
ORD103323,CUST1881,Beauty,1474.62,23.9,5.0,3.4,No,21-30,5-6 Days,False
ORD103324,CUST1039,Home & Kitchen,11477.76,0.1,5.0,4.5,No,0-10,5-6 Days,False
ORD103325,CUST1047,Beauty,670.5,37.9,6.0,3.2,No,31-40,5-6 Days,False
ORD103326,CUST1312,Beauty,5004.26,0.0,5.0,3.7,No,0-10,5-6 Days,False
ORD103327,CUST1110,Beauty,1017.86,65.7,3.0,4.1,No,41+,3-4 Days,False
ORD103328,CUST1186,Home & Kitchen,22654.96,47.5,5.0,2.1,No,41+,5-6 Days,False
ORD103329,CUST1924,Electronics,52532.68,21.1,6.0,3.4,Yes,21-30,5-6 Days,True
ORD103330,CUST1185,Home & Kitchen,12042.9,25.1,4.0,3.2,No,21-30,3-4 Days,False
ORD103331,CUST1983,Home & Kitchen,18813.71,29.5,2.0,3.5,No,21-30,0-2 Days,False
ORD103332,CUST1327,Beauty,3830.84,16.2,8.0,3.4,No,11-20,7-8 Days,False
ORD103333,CUST1728,Electronics,49169.16,27.9,6.0,3.8,No,21-30,5-6 Days,True
ORD103334,CUST1110,Electronics,28749.28,22.8,5.0,4.0,Yes,21-30,5-6 Days,False
ORD103335,CUST1200,Sports,11937.06,23.6,3.0,4.3,No,21-30,3-4 Days,False
ORD103336,CUST1173,Beauty,2936.0,27.7,9.0,4.2,No,21-30,9+ Days,False
ORD103337,CUST1321,Sports,14155.81,5.3,6.0,4.8,No,0-10,5-6 Days,False
ORD103338,CUST1516,Beauty,3072.32,25.6,6.0,4.6,No,21-30,5-6 Days,False
ORD103339,CUST1957,Home & Kitchen,11995.39,27.5,6.0,4.9,No,21-30,5-6 Days,False
ORD103340,CUST1061,Home & Kitchen,19798.74,26.9,8.0,4.8,No,21-30,7-8 Days,False
ORD103341,CUST1171,Sports,12448.56,21.8,6.0,3.4,No,21-30,5-6 Days,False
ORD103342,CUST1873,Home & Kitchen,14218.64,42.1,4.0,3.6,No,41+,3-4 Days,False
ORD103343,CUST1147,Home & Kitchen,5151.11,19.7,9.0,3.7,No,11-20,9+ Days,False
ORD103344,CUST1342,Electronics,30726.7,28.4,6.0,4.8,No,21-30,5-6 Days,False
ORD103345,CUST1868,Fashion,7760.54,44.5,5.0,3.7,No,41+,5-6 Days,False
ORD103346,CUST1129,Beauty,4592.02,23.8,12.0,4.5,No,21-30,9+ Days,False
ORD103347,CUST1659,Fashion,6583.72,28.2,3.0,2.3,No,21-30,3-4 Days,False
ORD103348,CUST1051,Electronics,6805.4,23.6,3.0,2.2,No,21-30,3-4 Days,False
ORD103349,CUST1576,Fashion,4008.95,43.6,8.0,4.9,Yes,41+,7-8 Days,False
ORD103350,CUST1575,Fashion,5349.66,21.1,3.0,4.3,Yes,21-30,3-4 Days,False
ORD103351,CUST1285,Electronics,50651.8,44.3,6.0,4.8,No,41+,5-6 Days,True
ORD103352,CUST1915,Fashion,869.55,23.4,5.0,2.6,Yes,21-30,5-6 Days,False
ORD103353,CUST1555,Sports,12889.88,12.1,5.0,4.0,No,11-20,5-6 Days,False
ORD103354,CUST1582,Home & Kitchen,14071.3,35.2,6.0,2.7,No,31-40,5-6 Days,False
ORD103355,CUST1985,Electronics,15852.27,20.4,5.0,4.6,No,21-30,5-6 Days,False
ORD103356,CUST1256,Electronics,22449.04,34.3,6.0,3.9,No,31-40,5-6 Days,False
ORD103357,CUST1807,Home & Kitchen,7622.7,0.0,3.0,3.8,No,0-10,3-4 Days,False
ORD103358,CUST1023,Fashion,4481.44,25.1,4.0,4.6,No,21-30,3-4 Days,False
ORD103359,CUST1769,Beauty,594.61,18.1,5.0,3.8,No,11-20,5-6 Days,False
ORD103360,CUST1061,Home & Kitchen,4636.58,9.1,4.0,3.8,No,0-10,3-4 Days,False
ORD103361,CUST1207,Beauty,4932.35,16.7,6.0,2.7,No,11-20,5-6 Days,False
ORD103362,CUST1793,Fashion,1494.53,16.4,8.0,5.0,Yes,11-20,7-8 Days,False
ORD103363,CUST1132,Home & Kitchen,6448.19,24.3,4.0,4.0,Yes,21-30,3-4 Days,False
ORD103364,CUST1877,Fashion,3900.28,4.5,8.0,4.3,No,0-10,7-8 Days,False
ORD103365,CUST1876,Sports,8094.83,29.7,6.0,2.8,No,21-30,5-6 Days,False
ORD103366,CUST1001,Home & Kitchen,19279.37,45.5,4.0,5.0,No,41+,3-4 Days,False
ORD103367,CUST1552,Fashion,3854.99,29.2,6.0,4.0,No,21-30,5-6 Days,False
ORD103368,CUST1277,Fashion,6423.98,37.1,5.0,5.0,No,31-40,5-6 Days,False
ORD103369,CUST1759,Electronics,39009.05,41.4,4.0,4.7,Yes,41+,3-4 Days,True
ORD103370,CUST1939,Home & Kitchen,3537.01,43.5,5.0,1.9,No,41+,5-6 Days,False
ORD103371,CUST1138,Electronics,13598.23,53.1,4.0,4.5,No,41+,3-4 Days,False
ORD103372,CUST1322,Home & Kitchen,11376.22,17.5,9.0,4.6,No,11-20,9+ Days,False
ORD103373,CUST1529,Fashion,3476.67,14.2,5.0,4.4,Yes,11-20,5-6 Days,False
ORD103374,CUST1636,Home & Kitchen,18793.77,36.8,3.0,4.0,No,31-40,3-4 Days,False
ORD103375,CUST1909,Beauty,3610.2,35.6,5.0,3.7,No,31-40,5-6 Days,False
ORD103376,CUST1603,Beauty,2512.36,36.6,7.0,3.8,No,31-40,7-8 Days,False
ORD103377,CUST1246,Beauty,1273.33,53.3,2.0,5.0,No,41+,0-2 Days,False
ORD103378,CUST1496,Electronics,17476.04,25.2,6.0,5.0,No,21-30,5-6 Days,False
ORD103379,CUST1476,Electronics,36652.56,31.4,8.0,3.7,No,31-40,7-8 Days,True
ORD103380,CUST1113,Home & Kitchen,11047.22,10.3,4.0,3.2,No,11-20,3-4 Days,False
ORD103381,CUST1126,Fashion,4361.96,57.0,3.0,4.9,No,41+,3-4 Days,False
ORD103382,CUST1266,Fashion,1780.08,20.0,6.0,4.6,No,11-20,5-6 Days,False
ORD103383,CUST1241,Electronics,41459.84,20.4,6.0,4.0,No,21-30,5-6 Days,True
ORD103384,CUST1948,Fashion,6894.04,19.8,10.0,3.1,No,11-20,9+ Days,False
ORD103385,CUST1138,Electronics,19186.67,15.3,3.0,2.5,Yes,11-20,3-4 Days,False
ORD103386,CUST1246,Sports,7728.65,14.1,7.0,4.4,No,11-20,7-8 Days,False
ORD103387,CUST1238,Fashion,7816.45,17.1,6.0,3.4,No,11-20,5-6 Days,False
ORD103388,CUST1303,Home & Kitchen,8864.45,4.5,4.0,3.4,No,0-10,3-4 Days,False
ORD103389,CUST1521,Electronics,37727.55,13.2,5.0,4.2,No,11-20,5-6 Days,True
ORD103390,CUST1994,Home & Kitchen,2982.74,54.2,6.0,3.4,No,41+,5-6 Days,False
ORD103391,CUST1046,Fashion,5045.11,36.0,6.0,3.4,No,31-40,5-6 Days,False
ORD103392,CUST1373,Sports,1981.73,38.9,8.0,3.3,No,31-40,7-8 Days,False
ORD103393,CUST1871,Sports,14417.07,42.7,3.0,4.4,No,41+,3-4 Days,False
ORD103394,CUST1124,Fashion,5867.47,52.5,7.0,3.0,Yes,41+,7-8 Days,False
ORD103395,CUST1068,Sports,11970.68,0.0,8.0,2.6,Yes,0-10,7-8 Days,False
ORD103396,CUST1877,Sports,10768.69,6.6,9.0,3.0,No,0-10,9+ Days,False
ORD103397,CUST1438,Beauty,3661.46,12.9,3.0,5.0,No,11-20,3-4 Days,False
ORD103398,CUST1502,Beauty,2864.5,18.0,10.0,3.3,No,11-20,9+ Days,False
ORD103399,CUST1324,Fashion,6937.8,20.5,2.0,4.2,No,21-30,0-2 Days,False
ORD103400,CUST1644,Home & Kitchen,23955.42,18.3,10.0,3.6,No,11-20,9+ Days,False
ORD103401,CUST1361,Electronics,32446.99,28.3,4.0,3.6,No,21-30,3-4 Days,False
ORD103402,CUST1971,Electronics,56234.43,25.5,4.0,4.9,Yes,21-30,3-4 Days,True
ORD103403,CUST1385,Sports,9041.66,14.2,6.0,3.9,No,11-20,5-6 Days,False
ORD103404,CUST1749,Fashion,4537.88,0.0,7.0,5.0,No,0-10,7-8 Days,False
ORD103405,CUST1725,Beauty,2890.55,10.1,9.0,5.0,No,11-20,9+ Days,False
ORD103406,CUST1571,Beauty,1492.94,16.8,7.0,5.0,No,11-20,7-8 Days,False
ORD103407,CUST1665,Sports,753.19,21.3,6.0,3.4,No,21-30,5-6 Days,False
ORD103408,CUST1905,Sports,4153.54,8.1,7.0,3.9,No,0-10,7-8 Days,False
ORD103409,CUST1793,Fashion,4322.92,17.6,5.0,5.0,No,11-20,5-6 Days,False
ORD103410,CUST1594,Electronics,25897.8,8.0,4.0,4.4,No,0-10,3-4 Days,False
ORD103411,CUST1455,Fashion,3863.64,23.1,6.0,4.7,No,21-30,5-6 Days,False
ORD103412,CUST1750,Electronics,58935.65,8.9,7.0,4.8,Yes,0-10,7-8 Days,True
ORD103413,CUST1410,Electronics,24264.98,12.3,7.0,4.8,Yes,11-20,7-8 Days,False
ORD103414,CUST1824,Fashion,3891.37,5.4,8.0,3.0,No,0-10,7-8 Days,False
ORD103415,CUST1049,Beauty,1061.04,22.7,5.0,3.8,Yes,21-30,5-6 Days,False
ORD103416,CUST1978,Home & Kitchen,1960.58,12.0,6.0,3.3,No,11-20,5-6 Days,False
ORD103417,CUST1577,Fashion,6315.57,38.6,9.0,3.7,No,31-40,9+ Days,False
ORD103418,CUST1701,Home & Kitchen,14610.53,31.1,3.0,4.0,No,31-40,3-4 Days,False
ORD103419,CUST1521,Fashion,6205.29,24.0,11.0,3.9,No,21-30,9+ Days,False
ORD103420,CUST1394,Electronics,13242.45,13.0,7.0,3.3,Yes,11-20,7-8 Days,False
ORD103421,CUST1880,Beauty,3559.42,30.7,6.0,2.8,Yes,31-40,5-6 Days,False
ORD103422,CUST1395,Home & Kitchen,6938.15,35.4,6.0,2.6,Yes,31-40,5-6 Days,False
ORD103423,CUST1096,Beauty,1599.95,27.1,6.0,5.0,Yes,21-30,5-6 Days,False
ORD103424,CUST1085,Electronics,5633.93,49.1,2.0,4.8,Yes,41+,0-2 Days,False
ORD103425,CUST1036,Beauty,1042.94,31.9,4.0,4.1,No,31-40,3-4 Days,False
ORD103426,CUST1952,Home & Kitchen,8284.29,38.7,9.0,1.5,Yes,31-40,9+ Days,False
ORD103427,CUST1416,Home & Kitchen,3628.47,27.0,4.0,3.1,No,21-30,3-4 Days,False
ORD103428,CUST1595,Home & Kitchen,24657.77,35.1,6.0,4.2,No,31-40,5-6 Days,False
ORD103429,CUST1968,Sports,5113.45,13.0,5.0,4.5,Yes,11-20,5-6 Days,False
ORD103430,CUST1675,Home & Kitchen,3953.84,18.1,3.0,3.6,No,11-20,3-4 Days,False
ORD103431,CUST1726,Home & Kitchen,5617.79,30.2,11.0,4.2,No,31-40,9+ Days,False
ORD103432,CUST1900,Sports,9104.16,30.1,4.0,3.7,No,31-40,3-4 Days,False
ORD103433,CUST1221,Beauty,665.05,32.6,8.0,4.7,No,31-40,7-8 Days,False
ORD103434,CUST1830,Fashion,6968.26,41.5,11.0,3.8,Yes,41+,9+ Days,False
ORD103435,CUST1319,Beauty,5780.55,3.6,4.0,3.7,No,0-10,3-4 Days,False
ORD103436,CUST1479,Fashion,2350.61,10.4,3.0,3.4,No,11-20,3-4 Days,False
ORD103437,CUST1392,Fashion,3875.71,28.4,4.0,4.4,No,21-30,3-4 Days,False
ORD103438,CUST1119,Home & Kitchen,1335.65,14.1,6.0,4.1,No,11-20,5-6 Days,False
ORD103439,CUST1588,Sports,9862.16,70.0,10.0,2.9,No,41+,9+ Days,False
ORD103440,CUST1069,Sports,6619.14,32.7,4.0,4.1,No,31-40,3-4 Days,False
ORD103441,CUST1445,Fashion,2525.44,23.8,6.0,3.9,Yes,21-30,5-6 Days,False
ORD103442,CUST1094,Home & Kitchen,5805.46,17.3,5.0,4.6,No,11-20,5-6 Days,False
ORD103443,CUST1319,Electronics,40971.27,17.8,6.0,3.7,No,11-20,5-6 Days,True
ORD103444,CUST1317,Sports,6651.9,25.5,8.0,3.0,No,21-30,7-8 Days,False
ORD103445,CUST1867,Sports,3269.13,26.7,8.0,3.4,Yes,21-30,7-8 Days,False
ORD103446,CUST1293,Home & Kitchen,17476.44,18.1,5.0,5.0,No,11-20,5-6 Days,False
ORD103447,CUST1766,Beauty,3520.91,20.9,9.0,3.6,No,21-30,9+ Days,False
ORD103448,CUST1516,Beauty,5194.43,45.2,8.0,4.6,No,41+,7-8 Days,False
ORD103449,CUST1056,Home & Kitchen,3642.92,45.8,7.0,3.8,No,41+,7-8 Days,False
ORD103450,CUST1555,Electronics,48211.66,28.8,10.0,4.1,Yes,21-30,9+ Days,True
ORD103451,CUST1277,Fashion,5551.38,4.9,8.0,2.6,No,0-10,7-8 Days,False
ORD103452,CUST1570,Home & Kitchen,3583.26,33.1,4.0,3.9,No,31-40,3-4 Days,False
ORD103453,CUST1762,Home & Kitchen,17614.66,48.3,3.0,3.2,No,41+,3-4 Days,False
ORD103454,CUST1144,Fashion,3811.6,45.5,6.0,3.1,No,41+,5-6 Days,False
ORD103455,CUST1309,Sports,14213.28,36.0,12.0,3.0,No,31-40,9+ Days,False
ORD103456,CUST1018,Electronics,12788.62,46.3,2.0,3.6,No,41+,0-2 Days,False
ORD103457,CUST1825,Home & Kitchen,16356.57,25.8,6.0,2.3,Yes,21-30,5-6 Days,False
ORD103458,CUST1351,Home & Kitchen,10043.92,34.4,8.0,2.6,No,31-40,7-8 Days,False
ORD103459,CUST1166,Home & Kitchen,23954.92,14.8,9.0,3.9,No,11-20,9+ Days,False
ORD103460,CUST1891,Home & Kitchen,8785.39,29.4,4.0,2.4,No,21-30,3-4 Days,False
ORD103461,CUST1544,Fashion,7716.39,44.9,10.0,2.6,No,41+,9+ Days,False
ORD103462,CUST1112,Electronics,54581.72,16.2,8.0,5.0,No,11-20,7-8 Days,True
ORD103463,CUST1225,Home & Kitchen,7343.27,12.1,4.0,5.0,No,11-20,3-4 Days,False
ORD103464,CUST1787,Home & Kitchen,20245.71,26.5,11.0,3.1,No,21-30,9+ Days,False
ORD103465,CUST1852,Electronics,59758.23,21.6,7.0,4.1,No,21-30,7-8 Days,True
ORD103466,CUST1816,Beauty,1740.18,34.7,5.0,3.1,No,31-40,5-6 Days,False
ORD103467,CUST1074,Fashion,3775.83,18.2,2.0,3.2,No,11-20,0-2 Days,False
ORD103468,CUST1154,Home & Kitchen,13388.37,50.8,9.0,1.3,No,41+,9+ Days,False
ORD103469,CUST1110,Beauty,1981.11,5.7,6.0,5.0,Yes,0-10,5-6 Days,False
ORD103470,CUST1338,Electronics,5839.57,43.8,8.0,4.2,No,41+,7-8 Days,False
ORD103471,CUST1941,Electronics,17107.11,13.5,4.0,4.4,No,11-20,3-4 Days,False
ORD103472,CUST1507,Beauty,1907.04,0.0,6.0,4.2,No,0-10,5-6 Days,False
ORD103473,CUST1173,Home & Kitchen,11535.11,28.6,4.0,3.6,No,21-30,3-4 Days,False
ORD103474,CUST1783,Home & Kitchen,4940.68,21.2,6.0,3.4,No,21-30,5-6 Days,False
ORD103475,CUST1996,Beauty,5277.55,8.4,7.0,3.8,No,0-10,7-8 Days,False
ORD103476,CUST1146,Beauty,4317.99,0.0,9.0,5.0,No,0-10,9+ Days,False
ORD103477,CUST1799,Sports,1918.37,24.9,4.0,3.8,No,21-30,3-4 Days,False
ORD103478,CUST1399,Home & Kitchen,16532.24,39.6,5.0,5.0,Yes,31-40,5-6 Days,False
ORD103479,CUST1102,Fashion,5402.42,33.8,7.0,3.2,No,31-40,7-8 Days,False
ORD103480,CUST1989,Fashion,7671.66,25.9,5.0,2.6,No,21-30,5-6 Days,False
ORD103481,CUST1527,Electronics,5166.15,32.2,6.0,3.1,No,31-40,5-6 Days,False
ORD103482,CUST1249,Home & Kitchen,6799.97,24.6,12.0,3.7,No,21-30,9+ Days,False
ORD103483,CUST1577,Fashion,7458.44,3.6,3.0,4.9,Yes,0-10,3-4 Days,False
ORD103484,CUST1485,Sports,14029.51,3.7,12.0,3.4,No,0-10,9+ Days,False
ORD103485,CUST1361,Home & Kitchen,18238.19,22.0,8.0,2.6,No,21-30,7-8 Days,False
ORD103486,CUST1983,Home & Kitchen,19331.47,22.6,8.0,3.8,No,21-30,7-8 Days,False
ORD103487,CUST1174,Fashion,1186.12,37.8,7.0,4.8,Yes,31-40,7-8 Days,False
ORD103488,CUST1843,Electronics,33263.17,36.4,6.0,3.8,No,31-40,5-6 Days,False
ORD103489,CUST1358,Electronics,17737.06,34.1,6.0,4.0,Yes,31-40,5-6 Days,False
ORD103490,CUST1912,Fashion,1859.14,20.8,5.0,3.8,No,21-30,5-6 Days,False
ORD103491,CUST1439,Electronics,49566.68,4.3,6.0,3.6,No,0-10,5-6 Days,True
ORD103492,CUST1030,Home & Kitchen,4067.92,31.2,4.0,5.0,Yes,31-40,3-4 Days,False
ORD103493,CUST1477,Sports,7401.72,32.9,4.0,4.9,Yes,31-40,3-4 Days,False
ORD103494,CUST1553,Sports,14121.67,0.0,5.0,5.0,No,0-10,5-6 Days,False
ORD103495,CUST1067,Home & Kitchen,5297.14,12.5,6.0,5.0,No,11-20,5-6 Days,False
ORD103496,CUST1488,Electronics,58789.64,14.6,4.0,4.8,No,11-20,3-4 Days,True
ORD103497,CUST1785,Sports,14918.32,26.8,8.0,3.4,Yes,21-30,7-8 Days,False
ORD103498,CUST1538,Sports,8645.33,12.9,4.0,4.5,No,11-20,3-4 Days,False
ORD103499,CUST1118,Electronics,14357.85,24.4,9.0,5.0,No,21-30,9+ Days,False
ORD103500,CUST1841,Beauty,2101.8,21.8,9.0,4.2,Yes,21-30,9+ Days,False
ORD103501,CUST1721,Fashion,3683.7,22.6,7.0,3.5,Yes,21-30,7-8 Days,False
ORD103502,CUST1357,Beauty,2063.15,14.3,8.0,4.9,No,11-20,7-8 Days,False
ORD103503,CUST1248,Sports,4713.09,15.4,8.0,2.8,No,11-20,7-8 Days,False
ORD103504,CUST1960,Electronics,58472.63,8.8,7.0,3.9,No,0-10,7-8 Days,True
ORD103505,CUST1095,Sports,2893.12,30.7,6.0,4.4,No,31-40,5-6 Days,False
ORD103506,CUST1314,Home & Kitchen,18546.54,33.6,9.0,3.7,Yes,31-40,9+ Days,False
ORD103507,CUST1607,Sports,705.87,13.4,5.0,4.3,No,11-20,5-6 Days,False
ORD103508,CUST1459,Fashion,4971.37,47.8,6.0,4.3,No,41+,5-6 Days,False
ORD103509,CUST1102,Beauty,5520.88,20.3,5.0,4.2,No,21-30,5-6 Days,False
ORD103510,CUST1726,Electronics,20836.38,48.0,7.0,3.6,No,41+,7-8 Days,False
ORD103511,CUST1131,Fashion,1891.44,15.4,5.0,3.5,No,11-20,5-6 Days,False
ORD103512,CUST1376,Electronics,40842.39,0.0,2.0,3.7,No,0-10,0-2 Days,True
ORD103513,CUST1894,Sports,10890.2,31.0,7.0,2.7,Yes,31-40,7-8 Days,False
ORD103514,CUST1881,Beauty,4221.77,28.7,6.0,4.9,No,21-30,5-6 Days,False
ORD103515,CUST1412,Sports,5266.23,25.5,8.0,4.2,Yes,21-30,7-8 Days,False
ORD103516,CUST1480,Sports,4306.49,15.4,9.0,3.9,No,11-20,9+ Days,False
ORD103517,CUST1644,Electronics,57575.53,24.5,7.0,3.3,No,21-30,7-8 Days,True
ORD103518,CUST1936,Fashion,7424.75,17.3,9.0,3.9,Yes,11-20,9+ Days,False
ORD103519,CUST1102,Electronics,30152.41,20.5,11.0,3.9,No,21-30,9+ Days,False
ORD103520,CUST1971,Electronics,51540.66,37.6,2.0,3.5,No,31-40,0-2 Days,True
ORD103521,CUST1057,Fashion,3892.43,27.8,5.0,4.6,No,21-30,5-6 Days,False
ORD103522,CUST1193,Fashion,3682.92,34.1,6.0,2.9,No,31-40,5-6 Days,False
ORD103523,CUST1431,Fashion,1675.72,21.5,7.0,3.1,Yes,21-30,7-8 Days,False
ORD103524,CUST1767,Electronics,28452.33,19.9,6.0,4.7,No,11-20,5-6 Days,False
ORD103525,CUST1464,Electronics,34557.93,7.7,9.0,5.0,Yes,0-10,9+ Days,True
ORD103526,CUST1162,Electronics,6237.74,19.4,5.0,4.0,No,11-20,5-6 Days,False
ORD103527,CUST1941,Sports,7050.82,0.0,4.0,3.0,No,0-10,3-4 Days,False
ORD103528,CUST1032,Beauty,4753.73,16.1,5.0,4.9,No,11-20,5-6 Days,False
ORD103529,CUST1172,Sports,10424.66,23.8,7.0,4.0,Yes,21-30,7-8 Days,False
ORD103530,CUST1097,Fashion,5263.68,33.5,3.0,3.9,No,31-40,3-4 Days,False
ORD103531,CUST1139,Fashion,7321.67,21.0,6.0,5.0,No,21-30,5-6 Days,False
ORD103532,CUST1292,Beauty,402.78,30.2,7.0,4.5,No,31-40,7-8 Days,False
ORD103533,CUST1141,Fashion,4677.86,0.0,3.0,3.5,No,0-10,3-4 Days,False
ORD103534,CUST1313,Fashion,6405.12,24.1,10.0,2.5,Yes,21-30,9+ Days,False
ORD103535,CUST1980,Fashion,4560.02,0.0,4.0,3.5,No,0-10,3-4 Days,False
ORD103536,CUST1665,Electronics,22814.26,6.9,5.0,4.2,No,0-10,5-6 Days,False
ORD103537,CUST1198,Fashion,1521.88,22.2,8.0,4.3,No,21-30,7-8 Days,False
ORD103538,CUST1421,Fashion,7156.72,44.1,4.0,2.8,Yes,41+,3-4 Days,False
ORD103539,CUST1858,Home & Kitchen,12192.45,30.6,3.0,3.3,No,31-40,3-4 Days,False
ORD103540,CUST1132,Electronics,53296.34,25.3,5.0,1.4,No,21-30,5-6 Days,True
ORD103541,CUST1365,Electronics,37221.87,24.7,4.0,4.1,No,21-30,3-4 Days,True
ORD103542,CUST1538,Beauty,4142.9,14.3,5.0,2.4,Yes,11-20,5-6 Days,False
ORD103543,CUST1466,Electronics,49234.36,16.8,6.0,3.4,No,11-20,5-6 Days,True
ORD103544,CUST1269,Fashion,5443.67,31.4,5.0,3.1,No,31-40,5-6 Days,False
ORD103545,CUST1072,Sports,6392.18,4.2,8.0,4.3,No,0-10,7-8 Days,False
ORD103546,CUST1947,Electronics,33249.84,33.9,7.0,4.1,No,31-40,7-8 Days,False
ORD103547,CUST1303,Electronics,49167.5,19.2,4.0,3.2,Yes,11-20,3-4 Days,True
ORD103548,CUST1381,Fashion,3302.38,37.4,11.0,3.9,No,31-40,9+ Days,False
ORD103549,CUST1417,Fashion,3410.91,39.4,3.0,4.3,No,31-40,3-4 Days,False
ORD103550,CUST1208,Home & Kitchen,3115.7,0.0,6.0,4.0,No,0-10,5-6 Days,False
ORD103551,CUST1170,Beauty,5513.13,16.3,3.0,1.1,No,11-20,3-4 Days,False
ORD103552,CUST1743,Electronics,10007.0,12.2,4.0,5.0,No,11-20,3-4 Days,False
ORD103553,CUST1896,Home & Kitchen,16486.66,0.0,4.0,4.2,No,0-10,3-4 Days,False
ORD103554,CUST1287,Home & Kitchen,10799.31,9.5,4.0,4.7,No,0-10,3-4 Days,False
ORD103555,CUST1168,Electronics,27309.07,61.6,6.0,3.2,No,41+,5-6 Days,False
ORD103556,CUST1215,Home & Kitchen,17245.15,34.1,5.0,3.1,No,31-40,5-6 Days,False
ORD103557,CUST1116,Fashion,1003.2,53.8,5.0,3.4,Yes,41+,5-6 Days,False
ORD103558,CUST1144,Fashion,4952.79,37.4,4.0,5.0,Yes,31-40,3-4 Days,False
ORD103559,CUST1312,Electronics,47461.75,13.9,4.0,3.5,No,11-20,3-4 Days,True
ORD103560,CUST1330,Fashion,6711.6,19.3,4.0,3.7,No,11-20,3-4 Days,False
ORD103561,CUST1548,Fashion,1778.98,33.8,10.0,5.0,Yes,31-40,9+ Days,False
ORD103562,CUST1223,Beauty,5415.29,31.6,3.0,3.5,No,31-40,3-4 Days,False
ORD103563,CUST1236,Electronics,41088.04,16.3,6.0,3.8,No,11-20,5-6 Days,True
ORD103564,CUST1864,Fashion,7113.91,2.4,5.0,2.7,No,0-10,5-6 Days,False
ORD103565,CUST1469,Fashion,4139.61,70.0,3.0,5.0,No,41+,3-4 Days,False
ORD103566,CUST1848,Beauty,3389.59,22.9,3.0,3.2,No,21-30,3-4 Days,False
ORD103567,CUST1696,Home & Kitchen,23040.73,20.1,8.0,3.7,No,21-30,7-8 Days,False
ORD103568,CUST1989,Home & Kitchen,22577.81,26.7,10.0,1.1,Yes,21-30,9+ Days,False
ORD103569,CUST1242,Beauty,2854.52,21.4,8.0,3.7,No,21-30,7-8 Days,False
ORD103570,CUST1304,Sports,4624.1,26.8,3.0,3.7,No,21-30,3-4 Days,False
ORD103571,CUST1493,Fashion,3448.78,44.3,4.0,3.5,Yes,41+,3-4 Days,False
ORD103572,CUST1720,Home & Kitchen,10183.9,23.1,5.0,2.4,No,21-30,5-6 Days,False
ORD103573,CUST1570,Beauty,1935.14,7.6,8.0,4.2,No,0-10,7-8 Days,False
ORD103574,CUST1783,Sports,4540.69,22.6,8.0,2.3,Yes,21-30,7-8 Days,False
ORD103575,CUST1968,Sports,13013.2,18.0,6.0,2.5,No,11-20,5-6 Days,False
ORD103576,CUST1911,Fashion,1023.96,46.4,3.0,3.6,No,41+,3-4 Days,False
ORD103577,CUST1149,Electronics,42268.62,42.6,6.0,4.8,No,41+,5-6 Days,True
ORD103578,CUST1576,Fashion,1796.15,26.6,6.0,3.8,No,21-30,5-6 Days,False
ORD103579,CUST1469,Beauty,2263.68,5.8,6.0,4.0,No,0-10,5-6 Days,False
ORD103580,CUST1135,Fashion,961.57,6.6,6.0,3.3,Yes,0-10,5-6 Days,False
ORD103581,CUST1820,Fashion,2524.8,25.2,9.0,3.3,No,21-30,9+ Days,False
ORD103582,CUST1019,Beauty,4680.0,30.0,4.0,4.5,No,21-30,3-4 Days,False
ORD103583,CUST1893,Fashion,7137.61,19.4,6.0,4.8,Yes,11-20,5-6 Days,False
ORD103584,CUST1598,Sports,3867.84,17.8,3.0,4.7,Yes,11-20,3-4 Days,False
ORD103585,CUST1686,Fashion,3976.61,16.1,7.0,4.3,No,11-20,7-8 Days,False
ORD103586,CUST1550,Fashion,4027.43,24.6,5.0,4.1,No,21-30,5-6 Days,False
ORD103587,CUST1141,Fashion,7051.81,0.0,12.0,2.7,No,0-10,9+ Days,False
ORD103588,CUST1986,Beauty,4647.95,8.5,9.0,3.3,No,0-10,9+ Days,False
ORD103589,CUST1300,Electronics,33219.25,15.6,5.0,3.2,Yes,11-20,5-6 Days,False
ORD103590,CUST1406,Electronics,41891.1,43.1,5.0,3.9,No,41+,5-6 Days,True
ORD103591,CUST1711,Sports,12817.18,12.8,6.0,4.4,No,11-20,5-6 Days,False
ORD103592,CUST1500,Electronics,5524.64,27.7,6.0,3.5,No,21-30,5-6 Days,False
ORD103593,CUST1035,Home & Kitchen,10549.94,28.4,5.0,1.8,No,21-30,5-6 Days,False
ORD103594,CUST1643,Home & Kitchen,22755.28,44.5,9.0,4.8,Yes,41+,9+ Days,False
ORD103595,CUST1739,Fashion,6052.35,43.9,8.0,3.1,Yes,41+,7-8 Days,False
ORD103596,CUST1367,Home & Kitchen,13936.76,24.1,8.0,3.1,No,21-30,7-8 Days,False
ORD103597,CUST1656,Fashion,4472.33,17.9,3.0,4.3,No,11-20,3-4 Days,False
ORD103598,CUST1429,Home & Kitchen,9216.04,15.0,7.0,3.4,No,11-20,7-8 Days,False
ORD103599,CUST1656,Fashion,4403.9,21.4,8.0,3.8,Yes,21-30,7-8 Days,False
ORD103600,CUST1706,Home & Kitchen,16660.27,18.5,4.0,4.1,No,11-20,3-4 Days,False
ORD103601,CUST1358,Electronics,28009.97,33.3,6.0,3.9,No,31-40,5-6 Days,False
ORD103602,CUST1849,Home & Kitchen,18082.51,31.3,4.0,3.6,Yes,31-40,3-4 Days,False
ORD103603,CUST1678,Electronics,52367.77,33.9,6.0,3.9,No,31-40,5-6 Days,True
ORD103604,CUST1024,Fashion,1660.14,43.9,6.0,5.0,No,41+,5-6 Days,False
ORD103605,CUST1982,Electronics,29835.09,52.9,7.0,4.8,No,41+,7-8 Days,False
ORD103606,CUST1434,Electronics,27441.11,26.9,3.0,4.6,Yes,21-30,3-4 Days,False
ORD103607,CUST1215,Beauty,4218.55,41.5,10.0,4.2,No,41+,9+ Days,False
ORD103608,CUST1364,Fashion,2374.01,19.7,10.0,5.0,No,11-20,9+ Days,False
ORD103609,CUST1467,Sports,9855.59,42.8,5.0,4.6,No,41+,5-6 Days,False
ORD103610,CUST1825,Sports,13248.1,40.9,5.0,4.9,No,41+,5-6 Days,False
ORD103611,CUST1236,Home & Kitchen,10918.78,40.1,3.0,4.9,No,41+,3-4 Days,False
ORD103612,CUST1123,Electronics,55105.86,26.4,4.0,4.4,No,21-30,3-4 Days,True
ORD103613,CUST1568,Fashion,7948.73,15.0,11.0,4.3,No,11-20,9+ Days,False
ORD103614,CUST1598,Beauty,904.72,4.1,10.0,3.6,No,0-10,9+ Days,False
ORD103615,CUST1465,Fashion,2247.9,24.4,9.0,5.0,Yes,21-30,9+ Days,False
ORD103616,CUST1834,Electronics,57270.89,48.0,7.0,3.8,No,41+,7-8 Days,True
ORD103617,CUST1078,Home & Kitchen,23991.53,20.4,4.0,3.0,Yes,21-30,3-4 Days,False
ORD103618,CUST1604,Beauty,856.93,36.8,7.0,4.2,No,31-40,7-8 Days,False
ORD103619,CUST1333,Beauty,385.49,37.7,9.0,3.7,No,31-40,9+ Days,False
ORD103620,CUST1248,Electronics,13860.5,20.7,6.0,3.0,No,21-30,5-6 Days,False
ORD103621,CUST1614,Home & Kitchen,24903.51,44.7,6.0,3.1,No,41+,5-6 Days,False
ORD103622,CUST1337,Fashion,1850.0,0.0,3.0,3.9,No,0-10,3-4 Days,False
ORD103623,CUST1073,Electronics,32640.12,6.7,4.0,3.9,No,0-10,3-4 Days,False
ORD103624,CUST1830,Sports,12832.37,11.3,9.0,2.7,No,11-20,9+ Days,False
ORD103625,CUST1744,Fashion,653.01,12.7,12.0,3.5,No,11-20,9+ Days,False
ORD103626,CUST1526,Fashion,5033.67,30.0,5.0,4.6,No,21-30,5-6 Days,False
ORD103627,CUST1706,Electronics,20236.4,29.4,6.0,1.8,No,21-30,5-6 Days,False
ORD103628,CUST1234,Sports,13031.39,30.9,5.0,3.6,No,31-40,5-6 Days,False
ORD103629,CUST1188,Beauty,1915.73,33.9,4.0,3.8,No,31-40,3-4 Days,False
ORD103630,CUST1277,Home & Kitchen,17419.49,10.7,4.0,4.3,No,11-20,3-4 Days,False
ORD103631,CUST1419,Beauty,4143.05,6.7,6.0,3.6,No,0-10,5-6 Days,False
ORD103632,CUST1542,Electronics,17182.15,30.9,5.0,3.5,No,31-40,5-6 Days,False
ORD103633,CUST1977,Fashion,760.99,15.5,6.0,4.3,No,11-20,5-6 Days,False
ORD103634,CUST1423,Fashion,3569.37,1.4,6.0,3.8,No,0-10,5-6 Days,False
ORD103635,CUST1025,Electronics,20905.62,39.6,3.0,5.0,Yes,31-40,3-4 Days,False
ORD103636,CUST1428,Fashion,6567.33,45.9,2.0,4.3,Yes,41+,0-2 Days,False
ORD103637,CUST1187,Sports,12145.21,48.4,2.0,4.5,No,41+,0-2 Days,False
ORD103638,CUST1743,Electronics,30136.32,27.8,2.0,3.9,No,21-30,0-2 Days,False
ORD103639,CUST1355,Fashion,5048.84,34.4,5.0,5.0,No,31-40,5-6 Days,False
ORD103640,CUST1134,Electronics,38234.27,45.5,8.0,3.4,No,41+,7-8 Days,True
ORD103641,CUST1131,Fashion,6703.69,15.4,3.0,2.9,No,11-20,3-4 Days,False
ORD103642,CUST1932,Sports,6777.53,41.7,3.0,3.7,Yes,41+,3-4 Days,False
ORD103643,CUST1112,Fashion,2565.85,29.1,8.0,3.6,No,21-30,7-8 Days,False
ORD103644,CUST1879,Fashion,2487.76,38.7,2.0,3.7,Yes,31-40,0-2 Days,False
ORD103645,CUST1641,Beauty,3356.3,27.8,7.0,5.0,No,21-30,7-8 Days,False
ORD103646,CUST1418,Electronics,29703.15,44.4,8.0,3.2,No,41+,7-8 Days,False
ORD103647,CUST1577,Fashion,3800.91,28.4,4.0,3.8,No,21-30,3-4 Days,False
ORD103648,CUST1026,Fashion,1183.53,2.7,6.0,2.5,No,0-10,5-6 Days,False
ORD103649,CUST1530,Home & Kitchen,18190.21,46.8,8.0,5.0,Yes,41+,7-8 Days,False
ORD103650,CUST1932,Sports,3756.43,10.8,7.0,1.9,No,11-20,7-8 Days,False
ORD103651,CUST1646,Beauty,1422.64,43.8,12.0,3.9,No,41+,9+ Days,False
ORD103652,CUST1715,Fashion,3595.69,23.6,5.0,2.7,No,21-30,5-6 Days,False
ORD103653,CUST1766,Beauty,1598.34,42.6,10.0,2.7,No,41+,9+ Days,False
ORD103654,CUST1940,Electronics,37112.2,42.0,10.0,3.1,No,41+,9+ Days,True
ORD103655,CUST1552,Electronics,25430.48,31.5,8.0,2.9,No,31-40,7-8 Days,False
ORD103656,CUST1030,Electronics,29690.14,32.6,6.0,4.0,No,31-40,5-6 Days,False
ORD103657,CUST1590,Fashion,4528.77,31.3,4.0,2.8,No,31-40,3-4 Days,False
ORD103658,CUST1842,Home & Kitchen,5725.56,0.0,5.0,4.6,No,0-10,5-6 Days,False
ORD103659,CUST1761,Home & Kitchen,4569.19,26.8,7.0,4.9,Yes,21-30,7-8 Days,False
ORD103660,CUST1287,Sports,13290.03,8.3,5.0,5.0,No,0-10,5-6 Days,False
ORD103661,CUST1442,Home & Kitchen,11296.11,27.6,5.0,2.6,No,21-30,5-6 Days,False
ORD103662,CUST1439,Home & Kitchen,10772.67,7.9,8.0,3.2,No,0-10,7-8 Days,False
ORD103663,CUST1164,Electronics,6958.67,7.2,3.0,3.4,No,0-10,3-4 Days,False
ORD103664,CUST1335,Electronics,32388.7,49.1,3.0,3.3,No,41+,3-4 Days,False
ORD103665,CUST1414,Home & Kitchen,14210.91,41.0,6.0,4.4,Yes,41+,5-6 Days,False
ORD103666,CUST1560,Fashion,4691.31,24.9,6.0,4.1,No,21-30,5-6 Days,False
ORD103667,CUST1590,Beauty,4330.08,27.8,4.0,3.1,Yes,21-30,3-4 Days,False
ORD103668,CUST1623,Electronics,14761.5,21.3,5.0,3.6,No,21-30,5-6 Days,False
ORD103669,CUST1343,Electronics,18872.27,33.5,7.0,3.8,No,31-40,7-8 Days,False
ORD103670,CUST1785,Fashion,6580.48,14.9,5.0,3.7,No,11-20,5-6 Days,False
ORD103671,CUST1283,Fashion,7603.78,39.9,2.0,3.2,No,31-40,0-2 Days,False
ORD103672,CUST1364,Electronics,12476.3,21.2,3.0,2.9,No,21-30,3-4 Days,False
ORD103673,CUST1254,Beauty,3136.6,18.7,4.0,4.4,No,11-20,3-4 Days,False
ORD103674,CUST1447,Electronics,16779.69,25.3,10.0,2.9,No,21-30,9+ Days,False
ORD103675,CUST1638,Home & Kitchen,2253.77,16.1,4.0,4.4,No,11-20,3-4 Days,False
ORD103676,CUST1973,Fashion,2941.28,29.9,6.0,4.0,No,21-30,5-6 Days,False
ORD103677,CUST1398,Electronics,12902.82,16.9,4.0,3.1,No,11-20,3-4 Days,False
ORD103678,CUST1922,Fashion,5824.5,32.0,3.0,4.2,No,31-40,3-4 Days,False
ORD103679,CUST1171,Beauty,3342.23,43.2,6.0,3.2,No,41+,5-6 Days,False
ORD103680,CUST1203,Fashion,1578.76,14.2,7.0,4.3,No,11-20,7-8 Days,False
ORD103681,CUST1486,Beauty,352.68,23.0,5.0,3.2,No,21-30,5-6 Days,False
ORD103682,CUST1641,Electronics,49448.64,31.9,10.0,3.9,No,31-40,9+ Days,True
ORD103683,CUST1280,Beauty,1304.31,18.5,11.0,3.8,Yes,11-20,9+ Days,False
ORD103684,CUST1404,Fashion,5046.62,32.0,6.0,3.3,No,31-40,5-6 Days,False
ORD103685,CUST1456,Home & Kitchen,8953.51,33.3,6.0,3.5,No,31-40,5-6 Days,False
ORD103686,CUST1008,Home & Kitchen,14968.76,41.2,4.0,3.3,No,41+,3-4 Days,False
ORD103687,CUST1798,Sports,5213.85,15.9,7.0,4.7,No,11-20,7-8 Days,False
ORD103688,CUST1382,Fashion,1152.05,10.9,7.0,3.2,No,11-20,7-8 Days,False
ORD103689,CUST1018,Electronics,17262.25,20.4,4.0,3.7,No,21-30,3-4 Days,False
ORD103690,CUST1502,Electronics,15343.22,10.5,6.0,2.1,No,11-20,5-6 Days,False
ORD103691,CUST1845,Beauty,2739.71,33.5,8.0,3.3,No,31-40,7-8 Days,False
ORD103692,CUST1122,Home & Kitchen,16730.47,7.6,7.0,4.3,No,0-10,7-8 Days,False
ORD103693,CUST1494,Beauty,1803.69,60.0,8.0,4.2,Yes,41+,7-8 Days,False
ORD103694,CUST1126,Fashion,590.52,44.4,4.0,4.1,No,41+,3-4 Days,False
ORD103695,CUST1879,Fashion,4392.03,25.2,8.0,3.8,Yes,21-30,7-8 Days,False
ORD103696,CUST1740,Electronics,38316.77,38.0,6.0,4.0,No,31-40,5-6 Days,True
ORD103697,CUST1595,Sports,14469.05,0.4,9.0,5.0,No,0-10,9+ Days,False
ORD103698,CUST1397,Home & Kitchen,15065.19,62.9,9.0,3.1,Yes,41+,9+ Days,False
ORD103699,CUST1489,Sports,7437.77,16.1,8.0,4.8,No,11-20,7-8 Days,False
ORD103700,CUST1432,Fashion,4800.51,23.2,7.0,3.1,No,21-30,7-8 Days,False
ORD103701,CUST1188,Home & Kitchen,23255.2,0.0,7.0,4.0,No,0-10,7-8 Days,False
ORD103702,CUST1154,Home & Kitchen,20846.75,32.3,7.0,3.1,No,31-40,7-8 Days,False
ORD103703,CUST1124,Fashion,2922.34,8.4,13.0,4.5,No,0-10,9+ Days,False
ORD103704,CUST1905,Beauty,1652.35,26.5,6.0,2.8,No,21-30,5-6 Days,False
ORD103705,CUST1866,Sports,4455.66,16.8,8.0,3.0,No,11-20,7-8 Days,False
ORD103706,CUST1309,Sports,7913.22,8.8,5.0,3.7,No,0-10,5-6 Days,False
ORD103707,CUST1607,Beauty,4541.08,12.9,7.0,3.2,No,11-20,7-8 Days,False
ORD103708,CUST1122,Fashion,4274.14,28.4,7.0,3.2,No,21-30,7-8 Days,False
ORD103709,CUST1874,Fashion,1008.47,5.8,7.0,3.7,No,0-10,7-8 Days,False
ORD103710,CUST1071,Sports,11047.2,13.8,3.0,2.8,Yes,11-20,3-4 Days,False
ORD103711,CUST1905,Electronics,49328.36,34.9,5.0,3.9,No,31-40,5-6 Days,True
ORD103712,CUST1104,Beauty,1950.14,64.0,5.0,4.1,No,41+,5-6 Days,False
ORD103713,CUST1666,Beauty,4085.52,32.2,3.0,2.5,No,31-40,3-4 Days,False
ORD103714,CUST1756,Home & Kitchen,11123.52,11.2,7.0,4.0,No,11-20,7-8 Days,False
ORD103715,CUST1371,Sports,13414.41,19.5,7.0,4.0,No,11-20,7-8 Days,False
ORD103716,CUST1673,Fashion,6839.19,25.5,3.0,4.1,No,21-30,3-4 Days,False
ORD103717,CUST1161,Fashion,4440.74,19.8,6.0,3.9,No,11-20,5-6 Days,False
ORD103718,CUST1889,Electronics,43032.81,38.5,5.0,4.1,Yes,31-40,5-6 Days,True
ORD103719,CUST1692,Fashion,7125.12,28.3,5.0,4.1,No,21-30,5-6 Days,False
ORD103720,CUST1680,Fashion,4217.88,38.6,6.0,4.0,No,31-40,5-6 Days,False
ORD103721,CUST1388,Fashion,2849.38,20.3,9.0,4.1,No,21-30,9+ Days,False
ORD103722,CUST1412,Beauty,4595.9,44.9,6.0,5.0,No,41+,5-6 Days,False
ORD103723,CUST1054,Sports,3846.95,22.5,6.0,4.8,No,21-30,5-6 Days,False
ORD103724,CUST1452,Electronics,26369.21,10.4,7.0,3.7,No,11-20,7-8 Days,False
ORD103725,CUST1751,Fashion,6992.95,57.7,5.0,3.3,No,41+,5-6 Days,False
ORD103726,CUST1866,Sports,11059.24,0.0,9.0,4.8,No,0-10,9+ Days,False
ORD103727,CUST1561,Electronics,27209.61,13.9,5.0,5.0,Yes,11-20,5-6 Days,False
ORD103728,CUST1872,Electronics,16810.95,15.6,4.0,3.8,No,11-20,3-4 Days,False
ORD103729,CUST1880,Electronics,24578.26,62.6,10.0,4.2,Yes,41+,9+ Days,False
ORD103730,CUST1646,Home & Kitchen,7675.32,52.1,7.0,3.5,No,41+,7-8 Days,False
ORD103731,CUST1801,Electronics,14684.91,47.4,2.0,4.2,No,41+,0-2 Days,False
ORD103732,CUST1133,Sports,11329.66,20.0,7.0,2.2,Yes,11-20,7-8 Days,False
ORD103733,CUST1979,Fashion,2390.52,61.4,7.0,3.4,No,41+,7-8 Days,False
ORD103734,CUST1146,Home & Kitchen,11790.85,30.5,3.0,4.4,No,31-40,3-4 Days,False
ORD103735,CUST1131,Fashion,3393.95,39.7,7.0,3.1,Yes,31-40,7-8 Days,False
ORD103736,CUST1354,Fashion,7865.58,27.7,7.0,4.2,Yes,21-30,7-8 Days,False
ORD103737,CUST1634,Home & Kitchen,10264.43,24.3,4.0,4.2,No,21-30,3-4 Days,False
ORD103738,CUST1514,Beauty,755.9,21.2,6.0,4.3,No,21-30,5-6 Days,False
ORD103739,CUST1065,Beauty,812.01,21.9,4.0,3.4,No,21-30,3-4 Days,False
ORD103740,CUST1803,Home & Kitchen,15096.24,34.1,10.0,4.4,No,31-40,9+ Days,False
ORD103741,CUST1435,Sports,9270.9,30.5,7.0,5.0,No,31-40,7-8 Days,False
ORD103742,CUST1836,Beauty,2686.93,24.5,6.0,3.4,No,21-30,5-6 Days,False
ORD103743,CUST1035,Beauty,2761.51,47.6,10.0,3.3,No,41+,9+ Days,False
ORD103744,CUST1328,Electronics,7966.29,0.0,7.0,3.7,Yes,0-10,7-8 Days,False
ORD103745,CUST1428,Electronics,33410.06,32.6,6.0,4.0,No,31-40,5-6 Days,False
ORD103746,CUST1797,Electronics,32760.67,35.8,6.0,3.0,No,31-40,5-6 Days,False
ORD103747,CUST1932,Home & Kitchen,4419.09,42.2,5.0,3.4,No,41+,5-6 Days,False
ORD103748,CUST1334,Fashion,1278.8,24.0,4.0,5.0,No,21-30,3-4 Days,False
ORD103749,CUST1298,Fashion,1426.79,28.1,6.0,4.7,No,21-30,5-6 Days,False
ORD103750,CUST1113,Sports,2144.7,39.8,4.0,3.0,No,31-40,3-4 Days,False
ORD103751,CUST1094,Sports,9418.83,47.4,8.0,5.0,No,41+,7-8 Days,False
ORD103752,CUST1626,Sports,3509.7,20.5,6.0,3.5,No,21-30,5-6 Days,False
ORD103753,CUST1519,Fashion,2385.73,29.0,5.0,4.1,No,21-30,5-6 Days,False
ORD103754,CUST1397,Home & Kitchen,5000.45,50.2,9.0,3.8,No,41+,9+ Days,False
ORD103755,CUST1534,Fashion,7683.76,0.0,4.0,4.5,Yes,0-10,3-4 Days,False
ORD103756,CUST1057,Electronics,52003.96,14.6,5.0,2.9,No,11-20,5-6 Days,True
ORD103757,CUST1173,Electronics,17677.22,47.0,4.0,3.4,Yes,41+,3-4 Days,False
ORD103758,CUST1694,Fashion,2956.75,41.4,8.0,3.1,No,41+,7-8 Days,False
ORD103759,CUST1002,Fashion,2074.2,32.8,4.0,3.0,No,31-40,3-4 Days,False
ORD103760,CUST1456,Beauty,3103.69,18.3,10.0,3.2,No,11-20,9+ Days,False
ORD103761,CUST1825,Electronics,6078.58,11.8,4.0,3.1,No,11-20,3-4 Days,False
ORD103762,CUST1469,Beauty,4126.8,16.1,4.0,4.3,Yes,11-20,3-4 Days,False
ORD103763,CUST1118,Home & Kitchen,13460.43,48.2,4.0,3.5,No,41+,3-4 Days,False
ORD103764,CUST1596,Fashion,7239.79,15.6,4.0,3.6,No,11-20,3-4 Days,False
ORD103765,CUST1843,Fashion,1732.95,26.5,7.0,2.3,No,21-30,7-8 Days,False
ORD103766,CUST1802,Fashion,6530.82,13.7,9.0,4.6,Yes,11-20,9+ Days,False
ORD103767,CUST1556,Home & Kitchen,19965.46,37.6,1.0,2.4,Yes,31-40,0-2 Days,False
ORD103768,CUST1581,Fashion,1453.86,16.9,4.0,3.9,Yes,11-20,3-4 Days,False
ORD103769,CUST1565,Electronics,26920.76,23.5,8.0,4.9,No,21-30,7-8 Days,False
ORD103770,CUST1958,Electronics,14358.4,0.0,4.0,5.0,No,0-10,3-4 Days,False
ORD103771,CUST1496,Home & Kitchen,6964.24,0.8,8.0,2.7,No,0-10,7-8 Days,False
ORD103772,CUST1862,Sports,4464.42,25.1,3.0,3.7,No,21-30,3-4 Days,False
ORD103773,CUST1801,Fashion,4671.77,5.1,7.0,4.4,No,0-10,7-8 Days,False
ORD103774,CUST1332,Beauty,2645.04,56.6,5.0,3.5,Yes,41+,5-6 Days,False
ORD103775,CUST1512,Home & Kitchen,23735.13,0.0,6.0,4.7,No,0-10,5-6 Days,False
ORD103776,CUST1837,Sports,2507.09,13.0,4.0,2.2,No,11-20,3-4 Days,False
ORD103777,CUST1641,Beauty,5850.05,25.3,7.0,3.9,No,21-30,7-8 Days,False
ORD103778,CUST1163,Home & Kitchen,6381.46,19.5,7.0,4.2,No,11-20,7-8 Days,False
ORD103779,CUST1251,Home & Kitchen,19503.55,8.4,8.0,2.9,No,0-10,7-8 Days,False
ORD103780,CUST1537,Sports,5547.27,10.6,4.0,4.4,No,11-20,3-4 Days,False
ORD103781,CUST1644,Fashion,1573.11,10.1,3.0,3.0,No,11-20,3-4 Days,False
ORD103782,CUST1329,Fashion,6934.17,20.7,9.0,5.0,No,21-30,9+ Days,False
ORD103783,CUST1118,Electronics,21987.35,54.3,3.0,3.5,Yes,41+,3-4 Days,False
ORD103784,CUST1369,Beauty,4055.48,26.2,9.0,3.7,No,21-30,9+ Days,False
ORD103785,CUST1748,Beauty,3528.73,42.7,5.0,3.0,No,41+,5-6 Days,False
ORD103786,CUST1115,Electronics,30946.6,32.6,8.0,3.5,No,31-40,7-8 Days,False
ORD103787,CUST1637,Home & Kitchen,12798.83,41.7,5.0,3.2,No,41+,5-6 Days,False
ORD103788,CUST1195,Fashion,5991.78,0.0,8.0,4.0,No,0-10,7-8 Days,False
ORD103789,CUST1606,Electronics,9827.51,20.4,4.0,4.0,No,21-30,3-4 Days,False
ORD103790,CUST1724,Sports,10254.98,44.6,6.0,3.7,No,41+,5-6 Days,False
ORD103791,CUST1639,Electronics,54269.67,16.4,7.0,3.9,No,11-20,7-8 Days,True
ORD103792,CUST1138,Electronics,8178.35,51.4,9.0,2.9,No,41+,9+ Days,False
ORD103793,CUST1660,Home & Kitchen,4203.81,47.3,8.0,3.0,No,41+,7-8 Days,False
ORD103794,CUST1296,Beauty,4384.8,18.0,6.0,4.8,No,11-20,5-6 Days,False
ORD103795,CUST1963,Electronics,29050.49,17.5,10.0,3.2,No,11-20,9+ Days,False
ORD103796,CUST1075,Home & Kitchen,10565.88,9.8,7.0,4.0,No,0-10,7-8 Days,False
ORD103797,CUST1015,Home & Kitchen,4114.59,15.6,10.0,2.0,No,11-20,9+ Days,False
ORD103798,CUST1372,Electronics,32872.35,6.5,7.0,4.1,Yes,0-10,7-8 Days,False
ORD103799,CUST1156,Electronics,11959.99,31.4,10.0,4.7,No,31-40,9+ Days,False
ORD103800,CUST1876,Home & Kitchen,12334.22,3.2,6.0,3.9,No,0-10,5-6 Days,False
ORD103801,CUST1035,Fashion,6227.11,34.1,9.0,3.9,No,31-40,9+ Days,False
ORD103802,CUST1519,Sports,4393.18,34.4,5.0,5.0,No,31-40,5-6 Days,False
ORD103803,CUST1182,Beauty,3040.48,0.1,6.0,4.0,No,0-10,5-6 Days,False
ORD103804,CUST1993,Sports,14885.83,48.2,1.0,3.3,No,41+,0-2 Days,False
ORD103805,CUST1170,Fashion,5649.88,32.7,3.0,3.4,No,31-40,3-4 Days,False
ORD103806,CUST1497,Sports,12731.4,36.2,3.0,3.3,Yes,31-40,3-4 Days,False
ORD103807,CUST1294,Fashion,3611.36,13.6,3.0,4.6,No,11-20,3-4 Days,False
ORD103808,CUST1723,Fashion,6258.96,34.3,3.0,4.8,No,31-40,3-4 Days,False
ORD103809,CUST1832,Electronics,7228.0,41.9,3.0,4.7,No,41+,3-4 Days,False
ORD103810,CUST1057,Electronics,11760.12,23.5,3.0,3.2,No,21-30,3-4 Days,False
ORD103811,CUST1364,Home & Kitchen,5714.31,55.0,12.0,3.9,No,41+,9+ Days,False
ORD103812,CUST1925,Fashion,3514.64,25.7,7.0,4.4,No,21-30,7-8 Days,False
ORD103813,CUST1636,Fashion,6843.09,42.1,4.0,2.9,No,41+,3-4 Days,False
ORD103814,CUST1706,Home & Kitchen,9179.64,29.4,4.0,4.5,No,21-30,3-4 Days,False
ORD103815,CUST1595,Fashion,5409.66,33.8,6.0,4.5,No,31-40,5-6 Days,False
ORD103816,CUST1713,Home & Kitchen,17965.41,0.0,6.0,4.3,No,0-10,5-6 Days,False
ORD103817,CUST1764,Fashion,4896.37,30.6,3.0,4.5,No,31-40,3-4 Days,False
ORD103818,CUST1902,Beauty,2336.28,14.0,6.0,3.7,No,11-20,5-6 Days,False
ORD103819,CUST1337,Beauty,3589.2,12.3,8.0,3.1,Yes,11-20,7-8 Days,False
ORD103820,CUST1002,Fashion,3066.99,51.2,7.0,4.7,No,41+,7-8 Days,False
ORD103821,CUST1423,Fashion,1129.05,21.8,4.0,3.8,No,21-30,3-4 Days,False
ORD103822,CUST1902,Fashion,7946.03,10.0,7.0,3.4,No,0-10,7-8 Days,False
ORD103823,CUST1782,Beauty,1024.94,19.6,2.0,3.9,No,11-20,0-2 Days,False
ORD103824,CUST1753,Fashion,1042.61,5.5,12.0,3.9,Yes,0-10,9+ Days,False
ORD103825,CUST1474,Electronics,53319.19,46.5,5.0,3.4,No,41+,5-6 Days,True
ORD103826,CUST1146,Electronics,21600.91,14.6,6.0,4.2,Yes,11-20,5-6 Days,False
ORD103827,CUST1326,Fashion,5377.23,32.9,5.0,5.0,Yes,31-40,5-6 Days,False
ORD103828,CUST1588,Fashion,2967.54,45.3,2.0,2.8,No,41+,0-2 Days,False
ORD103829,CUST1230,Beauty,2531.29,17.5,6.0,2.8,No,11-20,5-6 Days,False
ORD103830,CUST1918,Fashion,2465.85,33.0,7.0,4.8,No,31-40,7-8 Days,False
ORD103831,CUST1846,Fashion,3072.83,9.5,8.0,4.4,No,0-10,7-8 Days,False
ORD103832,CUST1269,Beauty,2640.99,61.7,7.0,5.0,No,41+,7-8 Days,False
ORD103833,CUST1585,Beauty,4406.37,39.0,9.0,5.0,No,31-40,9+ Days,False
ORD103834,CUST1882,Fashion,4336.52,22.1,5.0,4.4,No,21-30,5-6 Days,False
ORD103835,CUST1618,Fashion,7576.74,13.4,12.0,2.9,No,11-20,9+ Days,False
ORD103836,CUST1736,Fashion,814.1,23.3,8.0,4.1,No,21-30,7-8 Days,False
ORD103837,CUST1522,Sports,7893.88,19.9,9.0,3.5,No,11-20,9+ Days,False
ORD103838,CUST1795,Electronics,37132.36,54.3,7.0,4.2,No,41+,7-8 Days,True
ORD103839,CUST1782,Sports,13858.82,6.6,8.0,3.2,Yes,0-10,7-8 Days,False
ORD103840,CUST1265,Home & Kitchen,1989.64,27.0,3.0,4.2,No,21-30,3-4 Days,False
ORD103841,CUST1649,Home & Kitchen,14678.69,24.7,7.0,4.4,No,21-30,7-8 Days,False
ORD103842,CUST1218,Electronics,51949.65,23.2,4.0,4.0,Yes,21-30,3-4 Days,True
ORD103843,CUST1953,Fashion,2314.46,23.4,7.0,4.2,Yes,21-30,7-8 Days,False
ORD103844,CUST1224,Fashion,7072.19,23.3,7.0,4.4,No,21-30,7-8 Days,False
ORD103845,CUST1361,Electronics,6047.39,38.1,4.0,3.2,No,31-40,3-4 Days,False
ORD103846,CUST1291,Home & Kitchen,18525.4,34.1,10.0,4.1,No,31-40,9+ Days,False
ORD103847,CUST1154,Sports,14043.52,31.3,4.0,3.8,No,31-40,3-4 Days,False
ORD103848,CUST1681,Home & Kitchen,16704.18,0.0,7.0,4.7,No,0-10,7-8 Days,False
ORD103849,CUST1365,Beauty,2802.47,29.5,6.0,4.4,No,21-30,5-6 Days,False
ORD103850,CUST1106,Electronics,7468.46,0.2,3.0,3.4,No,0-10,3-4 Days,False
ORD103851,CUST1633,Fashion,7400.85,34.7,7.0,4.4,No,31-40,7-8 Days,False
ORD103852,CUST1579,Electronics,30866.29,47.1,7.0,4.9,No,41+,7-8 Days,False
ORD103853,CUST1798,Home & Kitchen,1501.72,11.1,5.0,4.1,No,11-20,5-6 Days,False
ORD103854,CUST1285,Sports,10564.44,21.1,9.0,3.6,No,21-30,9+ Days,False
ORD103855,CUST1596,Home & Kitchen,12460.46,16.0,3.0,2.9,No,11-20,3-4 Days,False
ORD103856,CUST1836,Electronics,11838.99,43.5,7.0,2.2,Yes,41+,7-8 Days,False
ORD103857,CUST1526,Fashion,2107.04,26.4,8.0,4.7,No,21-30,7-8 Days,False
ORD103858,CUST1877,Home & Kitchen,2360.67,50.9,5.0,2.7,Yes,41+,5-6 Days,False
ORD103859,CUST1180,Fashion,4807.2,31.2,5.0,3.0,No,31-40,5-6 Days,False
ORD103860,CUST1039,Beauty,3845.57,28.6,8.0,3.9,Yes,21-30,7-8 Days,False
ORD103861,CUST1277,Beauty,3182.73,26.0,6.0,4.1,No,21-30,5-6 Days,False
ORD103862,CUST1839,Home & Kitchen,20573.87,37.3,2.0,5.0,No,31-40,0-2 Days,False
ORD103863,CUST1512,Fashion,6957.57,0.0,4.0,4.1,No,0-10,3-4 Days,False
ORD103864,CUST1006,Fashion,5117.18,26.3,6.0,3.6,Yes,21-30,5-6 Days,False
ORD103865,CUST1183,Electronics,5701.61,23.9,4.0,3.6,No,21-30,3-4 Days,False
ORD103866,CUST1552,Fashion,5714.22,35.9,5.0,2.6,No,31-40,5-6 Days,False
ORD103867,CUST1710,Fashion,3634.99,22.2,6.0,5.0,No,21-30,5-6 Days,False
ORD103868,CUST1665,Home & Kitchen,14486.49,9.4,5.0,4.5,No,0-10,5-6 Days,False
ORD103869,CUST1388,Home & Kitchen,16507.75,25.1,2.0,4.0,No,21-30,0-2 Days,False
ORD103870,CUST1764,Electronics,24263.01,8.8,10.0,4.9,No,0-10,9+ Days,False
ORD103871,CUST1741,Fashion,7378.24,0.0,4.0,4.7,No,0-10,3-4 Days,False
ORD103872,CUST1473,Electronics,12368.62,35.9,11.0,4.2,Yes,31-40,9+ Days,False
ORD103873,CUST1466,Electronics,41933.15,33.7,3.0,3.8,Yes,31-40,3-4 Days,True
ORD103874,CUST1930,Beauty,324.85,32.0,3.0,3.8,No,31-40,3-4 Days,False
ORD103875,CUST1089,Electronics,55855.81,44.5,5.0,2.6,No,41+,5-6 Days,True
ORD103876,CUST1534,Fashion,1343.78,15.0,8.0,4.7,No,11-20,7-8 Days,False
ORD103877,CUST1312,Electronics,10218.63,3.5,6.0,3.6,No,0-10,5-6 Days,False
ORD103878,CUST1302,Sports,5462.01,23.9,3.0,4.7,No,21-30,3-4 Days,False
ORD103879,CUST1120,Home & Kitchen,9840.3,19.8,7.0,4.4,No,11-20,7-8 Days,False
ORD103880,CUST1696,Fashion,2107.25,12.4,7.0,3.9,No,11-20,7-8 Days,False
ORD103881,CUST1718,Home & Kitchen,14959.94,23.8,5.0,4.5,No,21-30,5-6 Days,False
ORD103882,CUST1997,Beauty,2824.61,15.8,5.0,3.2,No,11-20,5-6 Days,False
ORD103883,CUST1459,Sports,1188.71,0.0,4.0,2.6,Yes,0-10,3-4 Days,False
ORD103884,CUST1923,Fashion,2897.39,18.4,2.0,3.7,No,11-20,0-2 Days,False
ORD103885,CUST1090,Sports,12289.19,8.0,6.0,4.2,No,0-10,5-6 Days,False
ORD103886,CUST1116,Sports,10562.73,28.5,5.0,4.5,No,21-30,5-6 Days,False
ORD103887,CUST1675,Sports,11065.65,15.2,3.0,3.9,No,11-20,3-4 Days,False
ORD103888,CUST1400,Home & Kitchen,17694.43,41.7,3.0,3.1,No,41+,3-4 Days,False
ORD103889,CUST1500,Home & Kitchen,8325.55,49.1,9.0,4.8,No,41+,9+ Days,False
ORD103890,CUST1616,Fashion,1247.48,35.2,7.0,3.5,Yes,31-40,7-8 Days,False
ORD103891,CUST1660,Beauty,1853.06,1.7,5.0,4.1,No,0-10,5-6 Days,False
ORD103892,CUST1783,Home & Kitchen,20929.2,47.6,5.0,4.2,Yes,41+,5-6 Days,False
ORD103893,CUST1974,Home & Kitchen,24527.39,48.6,4.0,3.9,No,41+,3-4 Days,False
ORD103894,CUST1110,Fashion,4203.85,25.3,4.0,2.2,No,21-30,3-4 Days,False
ORD103895,CUST1200,Beauty,355.29,44.8,6.0,3.3,No,41+,5-6 Days,False
ORD103896,CUST1792,Beauty,1098.26,16.7,5.0,4.2,No,11-20,5-6 Days,False
ORD103897,CUST1958,Electronics,22714.43,0.0,8.0,5.0,No,0-10,7-8 Days,False
ORD103898,CUST1225,Beauty,3597.94,13.6,8.0,4.3,No,11-20,7-8 Days,False
ORD103899,CUST1592,Home & Kitchen,2617.27,50.9,6.0,4.2,Yes,41+,5-6 Days,False
ORD103900,CUST1987,Beauty,5677.14,2.6,6.0,2.2,No,0-10,5-6 Days,False
ORD103901,CUST1763,Fashion,3238.13,25.0,5.0,4.6,No,21-30,5-6 Days,False
ORD103902,CUST1220,Fashion,7344.38,25.5,4.0,4.5,No,21-30,3-4 Days,False
ORD103903,CUST1812,Sports,11861.46,17.3,5.0,4.3,No,11-20,5-6 Days,False
ORD103904,CUST1654,Fashion,6165.78,18.3,3.0,4.0,No,11-20,3-4 Days,False
ORD103905,CUST1073,Beauty,3758.3,26.1,3.0,4.2,No,21-30,3-4 Days,False
ORD103906,CUST1878,Fashion,5200.88,16.6,7.0,4.8,Yes,11-20,7-8 Days,False
ORD103907,CUST1717,Home & Kitchen,16239.68,3.7,8.0,3.8,No,0-10,7-8 Days,False
ORD103908,CUST1435,Fashion,5215.41,28.2,3.0,4.1,No,21-30,3-4 Days,False
ORD103909,CUST1918,Home & Kitchen,14200.22,41.1,5.0,3.6,No,41+,5-6 Days,False
ORD103910,CUST1734,Fashion,7898.11,38.0,8.0,3.8,Yes,31-40,7-8 Days,False
ORD103911,CUST1672,Electronics,45275.98,12.9,3.0,3.9,No,11-20,3-4 Days,True
ORD103912,CUST1592,Fashion,6327.1,6.2,7.0,4.3,No,0-10,7-8 Days,False
ORD103913,CUST1115,Electronics,52985.45,20.7,6.0,3.4,No,21-30,5-6 Days,True
ORD103914,CUST1025,Sports,3783.65,48.5,10.0,3.7,No,41+,9+ Days,False
ORD103915,CUST1177,Sports,1898.4,34.7,6.0,4.1,No,31-40,5-6 Days,False
ORD103916,CUST1279,Fashion,4121.71,35.6,4.0,3.7,No,31-40,3-4 Days,False
ORD103917,CUST1293,Beauty,3230.26,38.3,6.0,3.9,No,31-40,5-6 Days,False
ORD103918,CUST1220,Fashion,6718.86,31.3,3.0,2.8,No,31-40,3-4 Days,False
ORD103919,CUST1003,Home & Kitchen,11539.56,26.8,16.0,4.2,No,21-30,9+ Days,False
ORD103920,CUST1828,Beauty,3553.86,34.9,9.0,3.3,No,31-40,9+ Days,False
ORD103921,CUST1315,Sports,8237.11,16.8,7.0,2.7,No,11-20,7-8 Days,False
ORD103922,CUST1407,Fashion,786.52,3.8,5.0,4.0,No,0-10,5-6 Days,False
ORD103923,CUST1545,Beauty,3806.72,35.8,11.0,4.1,No,31-40,9+ Days,False
ORD103924,CUST1694,Fashion,6710.32,43.6,4.0,4.1,No,41+,3-4 Days,False
ORD103925,CUST1551,Sports,2952.26,8.2,4.0,4.2,No,0-10,3-4 Days,False
ORD103926,CUST1153,Electronics,37688.25,37.3,7.0,4.1,Yes,31-40,7-8 Days,True
ORD103927,CUST1063,Home & Kitchen,15165.38,50.2,6.0,5.0,No,41+,5-6 Days,False
ORD103928,CUST1089,Home & Kitchen,4773.28,25.0,7.0,4.5,No,21-30,7-8 Days,False
ORD103929,CUST1103,Home & Kitchen,3787.82,12.7,6.0,4.6,No,11-20,5-6 Days,False
ORD103930,CUST1853,Electronics,58902.86,26.8,7.0,4.3,Yes,21-30,7-8 Days,True
ORD103931,CUST1503,Sports,6330.18,16.7,7.0,4.5,No,11-20,7-8 Days,False
ORD103932,CUST1699,Electronics,17508.2,15.7,9.0,3.5,Yes,11-20,9+ Days,False
ORD103933,CUST1159,Home & Kitchen,4946.05,31.5,3.0,4.3,No,31-40,3-4 Days,False
ORD103934,CUST1561,Fashion,5507.01,0.9,6.0,4.7,No,0-10,5-6 Days,False
ORD103935,CUST1734,Fashion,5070.84,3.3,5.0,3.6,No,0-10,5-6 Days,False
ORD103936,CUST1359,Home & Kitchen,16373.96,25.3,3.0,4.9,Yes,21-30,3-4 Days,False
ORD103937,CUST1700,Fashion,1160.05,24.7,7.0,3.5,Yes,21-30,7-8 Days,False
ORD103938,CUST1765,Electronics,54144.4,30.2,8.0,4.2,Yes,31-40,7-8 Days,True
ORD103939,CUST1877,Electronics,26409.65,53.1,7.0,3.0,No,41+,7-8 Days,False
ORD103940,CUST1490,Fashion,2850.27,26.6,10.0,4.4,No,21-30,9+ Days,False
ORD103941,CUST1192,Beauty,2935.46,34.0,5.0,4.8,No,31-40,5-6 Days,False
ORD103942,CUST1244,Sports,6277.94,10.4,6.0,3.8,No,11-20,5-6 Days,False
ORD103943,CUST1994,Electronics,52496.74,36.5,4.0,2.7,Yes,31-40,3-4 Days,True
ORD103944,CUST1934,Fashion,7469.46,17.1,1.0,3.8,No,11-20,0-2 Days,False
ORD103945,CUST1583,Electronics,21689.93,26.1,9.0,3.1,Yes,21-30,9+ Days,False
ORD103946,CUST1859,Electronics,52516.47,23.4,6.0,3.9,No,21-30,5-6 Days,True
ORD103947,CUST1077,Home & Kitchen,19712.86,40.5,8.0,4.5,No,41+,7-8 Days,False
ORD103948,CUST1733,Home & Kitchen,23325.55,5.4,8.0,4.2,Yes,0-10,7-8 Days,False
ORD103949,CUST1855,Electronics,18516.27,0.0,6.0,2.6,Yes,0-10,5-6 Days,False
ORD103950,CUST1776,Fashion,4827.19,21.8,3.0,3.5,No,21-30,3-4 Days,False
ORD103951,CUST1981,Electronics,20099.95,32.0,7.0,4.0,No,31-40,7-8 Days,False
ORD103952,CUST1781,Beauty,4997.34,27.3,4.0,4.9,No,21-30,3-4 Days,False
ORD103953,CUST1794,Sports,776.14,43.5,10.0,3.7,No,41+,9+ Days,False
ORD103954,CUST1906,Electronics,36065.05,31.6,3.0,4.2,No,31-40,3-4 Days,True
ORD103955,CUST1733,Fashion,3044.03,16.5,4.0,3.9,Yes,11-20,3-4 Days,False
ORD103956,CUST1091,Sports,5314.38,0.0,12.0,3.3,Yes,0-10,9+ Days,False
ORD103957,CUST1568,Sports,9922.16,21.4,7.0,3.4,No,21-30,7-8 Days,False
ORD103958,CUST1388,Fashion,6886.13,40.4,2.0,3.6,Yes,41+,0-2 Days,False
ORD103959,CUST1618,Electronics,38505.75,19.1,9.0,4.8,No,11-20,9+ Days,True
ORD103960,CUST1287,Electronics,51924.51,25.4,9.0,3.2,No,21-30,9+ Days,True
ORD103961,CUST1785,Home & Kitchen,7203.25,31.3,9.0,3.7,No,31-40,9+ Days,False
ORD103962,CUST1904,Fashion,4396.26,9.8,4.0,3.3,No,0-10,3-4 Days,False
ORD103963,CUST1436,Electronics,29779.51,34.3,9.0,4.8,No,31-40,9+ Days,False
ORD103964,CUST1805,Home & Kitchen,1081.81,49.6,8.0,4.1,No,41+,7-8 Days,False
ORD103965,CUST1893,Electronics,35624.67,22.4,5.0,4.9,No,21-30,5-6 Days,True
ORD103966,CUST1916,Beauty,4070.69,8.1,7.0,1.7,No,0-10,7-8 Days,False
ORD103967,CUST1047,Fashion,4939.36,24.0,8.0,4.5,No,21-30,7-8 Days,False
ORD103968,CUST1970,Electronics,45495.39,0.0,3.0,3.1,Yes,0-10,3-4 Days,True
ORD103969,CUST1307,Home & Kitchen,14626.42,30.1,9.0,3.3,No,31-40,9+ Days,False
ORD103970,CUST1114,Fashion,1000.63,31.8,15.0,3.6,No,31-40,9+ Days,False
ORD103971,CUST1058,Sports,2365.17,50.1,7.0,3.8,No,41+,7-8 Days,False
ORD103972,CUST1044,Home & Kitchen,15234.68,22.1,3.0,3.8,No,21-30,3-4 Days,False
ORD103973,CUST1354,Fashion,2562.34,31.1,4.0,3.2,No,31-40,3-4 Days,False
ORD103974,CUST1231,Beauty,753.98,12.1,6.0,3.7,No,11-20,5-6 Days,False
ORD103975,CUST1779,Fashion,3722.02,19.7,9.0,3.7,No,11-20,9+ Days,False
ORD103976,CUST1012,Sports,8626.81,2.1,6.0,2.5,No,0-10,5-6 Days,False
ORD103977,CUST1394,Fashion,2965.59,22.1,2.0,4.1,No,21-30,0-2 Days,False
ORD103978,CUST1717,Home & Kitchen,18234.5,20.4,5.0,3.8,Yes,21-30,5-6 Days,False
ORD103979,CUST1566,Electronics,40407.38,29.5,8.0,4.0,No,21-30,7-8 Days,True
ORD103980,CUST1546,Fashion,2996.14,15.6,13.0,3.4,Yes,11-20,9+ Days,False
ORD103981,CUST1760,Beauty,4602.77,26.3,2.0,3.8,No,21-30,0-2 Days,False
ORD103982,CUST1414,Beauty,3997.56,20.0,7.0,2.1,No,11-20,7-8 Days,False
ORD103983,CUST1911,Fashion,5280.84,20.0,3.0,3.4,Yes,11-20,3-4 Days,False
ORD103984,CUST1502,Fashion,4650.71,26.2,2.0,3.4,No,21-30,0-2 Days,False
ORD103985,CUST1648,Beauty,364.92,25.6,13.0,3.8,No,21-30,9+ Days,False
ORD103986,CUST1230,Sports,10660.05,36.4,6.0,3.8,No,31-40,5-6 Days,False
ORD103987,CUST1356,Electronics,25682.3,23.2,10.0,4.6,No,21-30,9+ Days,False
ORD103988,CUST1424,Fashion,7569.57,19.8,4.0,2.9,Yes,11-20,3-4 Days,False
ORD103989,CUST1500,Fashion,6634.89,22.3,5.0,4.4,No,21-30,5-6 Days,False
ORD103990,CUST1278,Sports,9104.03,14.3,4.0,5.0,No,11-20,3-4 Days,False
ORD103991,CUST1773,Electronics,18870.01,19.6,2.0,3.4,No,11-20,0-2 Days,False
ORD103992,CUST1480,Electronics,16204.46,55.5,5.0,4.4,Yes,41+,5-6 Days,False
ORD103993,CUST1020,Beauty,2240.19,11.3,7.0,4.9,No,11-20,7-8 Days,False
ORD103994,CUST1215,Electronics,31211.24,20.8,6.0,4.9,Yes,21-30,5-6 Days,False
ORD103995,CUST1744,Fashion,2720.49,19.2,5.0,3.6,No,11-20,5-6 Days,False
ORD103996,CUST1494,Fashion,4361.97,21.3,7.0,4.7,No,21-30,7-8 Days,False
ORD103997,CUST1118,Fashion,1740.28,20.0,5.0,4.5,No,11-20,5-6 Days,False
ORD103998,CUST1561,Fashion,7832.85,29.2,3.0,4.8,No,21-30,3-4 Days,False
ORD103999,CUST1631,Home & Kitchen,3411.77,0.0,8.0,4.4,No,0-10,7-8 Days,False
ORD104000,CUST1436,Electronics,56256.93,40.6,4.0,4.7,Yes,41+,3-4 Days,True
ORD104001,CUST1450,Home & Kitchen,22908.59,34.5,4.0,3.6,Yes,31-40,3-4 Days,False
ORD104002,CUST1659,Beauty,3294.55,6.4,5.0,3.4,No,0-10,5-6 Days,False
ORD104003,CUST1730,Beauty,4431.99,0.0,5.0,2.1,No,0-10,5-6 Days,False
ORD104004,CUST1740,Electronics,28982.66,10.3,6.0,3.5,No,11-20,5-6 Days,False
ORD104005,CUST1398,Electronics,39651.9,21.4,2.0,3.6,No,21-30,0-2 Days,True
ORD104006,CUST1263,Fashion,3054.32,63.7,2.0,2.4,No,41+,0-2 Days,False
ORD104007,CUST1953,Fashion,2758.69,33.1,6.0,3.8,No,31-40,5-6 Days,False
ORD104008,CUST1336,Fashion,4836.72,0.0,3.0,4.7,No,0-10,3-4 Days,False
ORD104009,CUST1522,Home & Kitchen,12854.74,14.7,3.0,3.1,Yes,11-20,3-4 Days,False
ORD104010,CUST1875,Electronics,36874.5,24.2,8.0,5.0,No,21-30,7-8 Days,True
ORD104011,CUST1662,Electronics,20766.33,28.8,3.0,4.1,No,21-30,3-4 Days,False
ORD104012,CUST1730,Fashion,3252.18,5.3,6.0,4.5,No,0-10,5-6 Days,False
ORD104013,CUST1133,Home & Kitchen,2830.33,23.0,6.0,3.8,Yes,21-30,5-6 Days,False
ORD104014,CUST1204,Electronics,7875.2,14.2,7.0,3.1,No,11-20,7-8 Days,False
ORD104015,CUST1984,Home & Kitchen,6933.66,8.4,7.0,4.2,No,0-10,7-8 Days,False
ORD104016,CUST1504,Fashion,1056.85,28.9,4.0,4.4,Yes,21-30,3-4 Days,False
ORD104017,CUST1536,Sports,2183.98,36.6,7.0,3.7,No,31-40,7-8 Days,False
ORD104018,CUST1655,Sports,12324.88,37.6,10.0,4.0,Yes,31-40,9+ Days,False
ORD104019,CUST1856,Fashion,791.55,33.6,4.0,3.8,No,31-40,3-4 Days,False
ORD104020,CUST1216,Fashion,5442.07,17.5,5.0,3.3,No,11-20,5-6 Days,False
ORD104021,CUST1234,Fashion,2544.18,35.7,4.0,4.1,No,31-40,3-4 Days,False
ORD104022,CUST1922,Fashion,7036.59,29.6,5.0,3.2,No,21-30,5-6 Days,False
ORD104023,CUST1567,Home & Kitchen,12536.81,27.0,10.0,4.4,No,21-30,9+ Days,False
ORD104024,CUST1354,Beauty,2041.79,15.8,4.0,5.0,No,11-20,3-4 Days,False
ORD104025,CUST1402,Home & Kitchen,13326.86,17.5,4.0,4.7,No,11-20,3-4 Days,False
ORD104026,CUST1683,Beauty,2477.16,26.1,5.0,3.7,No,21-30,5-6 Days,False
ORD104027,CUST1485,Fashion,4732.26,61.6,7.0,4.1,Yes,41+,7-8 Days,False
ORD104028,CUST1390,Electronics,11299.31,29.5,4.0,4.7,Yes,21-30,3-4 Days,False
ORD104029,CUST1173,Beauty,5982.85,15.8,6.0,3.7,No,11-20,5-6 Days,False
ORD104030,CUST1793,Fashion,3691.67,12.5,3.0,4.2,No,11-20,3-4 Days,False
ORD104031,CUST1977,Home & Kitchen,9227.18,17.6,6.0,4.4,No,11-20,5-6 Days,False
ORD104032,CUST1507,Fashion,5826.57,57.7,5.0,4.0,No,41+,5-6 Days,False
ORD104033,CUST1144,Electronics,25014.47,19.0,12.0,4.0,Yes,11-20,9+ Days,False
ORD104034,CUST1951,Sports,12615.82,38.6,6.0,4.6,No,31-40,5-6 Days,False
ORD104035,CUST1247,Electronics,29984.89,19.4,8.0,5.0,No,11-20,7-8 Days,False
ORD104036,CUST1440,Sports,10989.69,28.9,6.0,3.7,No,21-30,5-6 Days,False
ORD104037,CUST1541,Sports,2236.58,36.9,3.0,4.8,No,31-40,3-4 Days,False
ORD104038,CUST1320,Beauty,5122.88,16.4,7.0,2.6,Yes,11-20,7-8 Days,False
ORD104039,CUST1385,Home & Kitchen,18604.38,15.4,6.0,4.2,No,11-20,5-6 Days,False
ORD104040,CUST1636,Home & Kitchen,5923.55,49.9,3.0,2.1,Yes,41+,3-4 Days,False
ORD104041,CUST1685,Sports,2777.59,39.8,6.0,3.2,No,31-40,5-6 Days,False
ORD104042,CUST1234,Fashion,2872.19,36.9,5.0,3.0,Yes,31-40,5-6 Days,False
ORD104043,CUST1365,Fashion,7820.53,36.8,5.0,5.0,No,31-40,5-6 Days,False
ORD104044,CUST1980,Home & Kitchen,7015.32,31.9,6.0,3.6,No,31-40,5-6 Days,False
ORD104045,CUST1538,Fashion,3920.95,55.3,5.0,3.8,Yes,41+,5-6 Days,False
ORD104046,CUST1597,Fashion,725.15,25.7,7.0,3.6,Yes,21-30,7-8 Days,False
ORD104047,CUST1562,Fashion,3479.21,33.7,5.0,2.6,No,31-40,5-6 Days,False
ORD104048,CUST1498,Home & Kitchen,14625.94,3.2,7.0,4.0,No,0-10,7-8 Days,False
ORD104049,CUST1667,Sports,14329.68,12.6,6.0,3.9,Yes,11-20,5-6 Days,False
ORD104050,CUST1612,Electronics,33420.48,7.0,4.0,3.2,No,0-10,3-4 Days,False
ORD104051,CUST1419,Sports,12413.23,44.1,4.0,4.9,No,41+,3-4 Days,False
ORD104052,CUST1592,Home & Kitchen,14040.49,0.0,7.0,4.9,No,0-10,7-8 Days,False
ORD104053,CUST1541,Beauty,532.47,19.0,5.0,2.8,No,11-20,5-6 Days,False
ORD104054,CUST1135,Home & Kitchen,8423.2,0.0,6.0,3.3,Yes,0-10,5-6 Days,False
ORD104055,CUST1062,Beauty,3580.63,12.5,4.0,4.2,No,11-20,3-4 Days,False
ORD104056,CUST1071,Electronics,57282.67,17.6,7.0,3.4,Yes,11-20,7-8 Days,True
ORD104057,CUST1895,Beauty,5197.04,45.8,9.0,3.6,No,41+,9+ Days,False
ORD104058,CUST1802,Electronics,17559.56,30.9,2.0,3.0,Yes,31-40,0-2 Days,False
ORD104059,CUST1944,Sports,3847.57,12.5,7.0,3.0,Yes,11-20,7-8 Days,False
ORD104060,CUST1645,Sports,3576.77,41.0,6.0,3.4,No,41+,5-6 Days,False
ORD104061,CUST1117,Fashion,7418.74,25.3,6.0,3.9,No,21-30,5-6 Days,False
ORD104062,CUST1510,Electronics,51896.64,25.6,7.0,4.0,No,21-30,7-8 Days,True
ORD104063,CUST1520,Beauty,4716.84,7.0,10.0,3.1,Yes,0-10,9+ Days,False
ORD104064,CUST1200,Fashion,3445.51,10.1,7.0,2.9,No,11-20,7-8 Days,False
ORD104065,CUST1555,Sports,7912.64,12.6,8.0,2.8,Yes,11-20,7-8 Days,False
ORD104066,CUST1989,Electronics,30538.25,25.7,4.0,4.6,No,21-30,3-4 Days,False
ORD104067,CUST1692,Electronics,18936.9,26.2,6.0,5.0,No,21-30,5-6 Days,False
ORD104068,CUST1842,Sports,7921.9,48.2,5.0,4.1,No,41+,5-6 Days,False
ORD104069,CUST1769,Home & Kitchen,1538.02,30.8,8.0,1.7,No,31-40,7-8 Days,False
ORD104070,CUST1550,Beauty,1051.32,0.0,3.0,4.3,No,0-10,3-4 Days,False
ORD104071,CUST1988,Fashion,7149.42,28.9,5.0,4.7,No,21-30,5-6 Days,False
ORD104072,CUST1775,Home & Kitchen,18990.65,3.2,9.0,3.3,No,0-10,9+ Days,False
ORD104073,CUST1337,Home & Kitchen,11033.42,10.5,2.0,4.5,No,11-20,0-2 Days,False
ORD104074,CUST1184,Home & Kitchen,13315.04,12.8,5.0,4.7,No,11-20,5-6 Days,False
ORD104075,CUST1496,Home & Kitchen,9753.97,15.0,13.0,4.8,No,11-20,9+ Days,False
ORD104076,CUST1430,Home & Kitchen,18726.87,4.4,5.0,3.3,No,0-10,5-6 Days,False
ORD104077,CUST1280,Fashion,6381.4,28.1,9.0,3.9,No,21-30,9+ Days,False
ORD104078,CUST1803,Fashion,6224.64,3.8,7.0,3.9,Yes,0-10,7-8 Days,False
ORD104079,CUST1713,Beauty,4418.89,30.4,10.0,4.9,Yes,31-40,9+ Days,False
ORD104080,CUST1042,Fashion,2033.78,58.6,8.0,3.5,No,41+,7-8 Days,False
ORD104081,CUST1963,Home & Kitchen,8978.87,5.1,6.0,4.6,No,0-10,5-6 Days,False
ORD104082,CUST1300,Fashion,4023.84,20.7,5.0,4.0,No,21-30,5-6 Days,False
ORD104083,CUST1516,Home & Kitchen,8805.19,0.0,9.0,4.6,No,0-10,9+ Days,False
ORD104084,CUST1992,Beauty,4603.16,20.5,3.0,4.4,No,21-30,3-4 Days,False
ORD104085,CUST1364,Electronics,23114.44,34.6,4.0,3.3,Yes,31-40,3-4 Days,False
ORD104086,CUST1119,Electronics,12602.76,35.8,3.0,4.0,No,31-40,3-4 Days,False
ORD104087,CUST1077,Electronics,26947.22,26.2,5.0,3.2,No,21-30,5-6 Days,False
ORD104088,CUST1792,Home & Kitchen,24513.93,38.3,10.0,3.8,No,31-40,9+ Days,False
ORD104089,CUST1839,Beauty,1587.52,63.2,6.0,5.0,No,41+,5-6 Days,False
ORD104090,CUST1915,Electronics,38668.73,50.7,5.0,3.5,No,41+,5-6 Days,True
ORD104091,CUST1123,Beauty,2767.95,17.2,6.0,3.3,Yes,11-20,5-6 Days,False
ORD104092,CUST1859,Fashion,1032.68,3.2,7.0,3.7,Yes,0-10,7-8 Days,False
ORD104093,CUST1434,Fashion,4159.07,18.9,5.0,4.3,No,11-20,5-6 Days,False
ORD104094,CUST1987,Sports,10740.95,10.8,7.0,4.3,Yes,11-20,7-8 Days,False
ORD104095,CUST1402,Fashion,4349.15,31.8,7.0,4.1,No,31-40,7-8 Days,False
ORD104096,CUST1350,Fashion,7040.8,7.3,8.0,3.2,No,0-10,7-8 Days,False
ORD104097,CUST1668,Electronics,20891.54,23.9,8.0,3.6,No,21-30,7-8 Days,False
ORD104098,CUST1413,Electronics,9743.7,37.6,4.0,4.9,No,31-40,3-4 Days,False
ORD104099,CUST1329,Fashion,7524.24,23.5,6.0,2.6,No,21-30,5-6 Days,False
ORD104100,CUST1103,Electronics,25800.8,10.8,4.0,4.0,No,11-20,3-4 Days,False
ORD104101,CUST1871,Home & Kitchen,14749.01,42.6,6.0,3.6,No,41+,5-6 Days,False
ORD104102,CUST1341,Fashion,6440.02,0.0,6.0,4.2,Yes,0-10,5-6 Days,False
ORD104103,CUST1941,Home & Kitchen,8648.39,20.1,5.0,3.9,No,21-30,5-6 Days,False
ORD104104,CUST1614,Electronics,44389.05,24.4,5.0,2.6,Yes,21-30,5-6 Days,True
ORD104105,CUST1903,Fashion,1515.64,25.2,5.0,4.3,Yes,21-30,5-6 Days,False
ORD104106,CUST1045,Home & Kitchen,7849.31,27.7,6.0,3.0,No,21-30,5-6 Days,False
ORD104107,CUST1345,Sports,2769.36,34.2,8.0,2.9,No,31-40,7-8 Days,False
ORD104108,CUST1410,Electronics,49617.68,24.5,3.0,3.8,No,21-30,3-4 Days,True
ORD104109,CUST1500,Sports,3883.88,19.5,5.0,3.5,Yes,11-20,5-6 Days,False
ORD104110,CUST1582,Home & Kitchen,18161.17,18.9,8.0,3.2,Yes,11-20,7-8 Days,False
ORD104111,CUST1049,Home & Kitchen,23627.82,15.8,3.0,3.5,No,11-20,3-4 Days,False
ORD104112,CUST1119,Home & Kitchen,13572.09,36.8,6.0,3.2,No,31-40,5-6 Days,False
ORD104113,CUST1852,Electronics,34701.61,15.3,11.0,5.0,Yes,11-20,9+ Days,True
ORD104114,CUST1402,Electronics,30356.85,37.7,10.0,4.1,Yes,31-40,9+ Days,False
ORD104115,CUST1468,Home & Kitchen,8686.54,25.3,7.0,3.7,No,21-30,7-8 Days,False
ORD104116,CUST1808,Fashion,4067.41,17.2,4.0,4.4,No,11-20,3-4 Days,False
ORD104117,CUST1530,Sports,9320.15,34.3,11.0,3.6,Yes,31-40,9+ Days,False
ORD104118,CUST1047,Fashion,7894.94,14.1,2.0,3.6,No,11-20,0-2 Days,False
ORD104119,CUST1001,Electronics,56577.05,34.6,12.0,4.5,Yes,31-40,9+ Days,True
ORD104120,CUST1161,Beauty,5214.27,28.2,3.0,3.2,No,21-30,3-4 Days,False
ORD104121,CUST1295,Fashion,7168.48,16.1,7.0,3.0,No,11-20,7-8 Days,False
ORD104122,CUST1624,Home & Kitchen,12121.95,32.9,6.0,4.3,No,31-40,5-6 Days,False
ORD104123,CUST1023,Home & Kitchen,16710.15,33.2,10.0,3.9,No,31-40,9+ Days,False
ORD104124,CUST1756,Sports,13499.45,42.4,10.0,3.9,No,41+,9+ Days,False
ORD104125,CUST1270,Beauty,2539.82,39.5,8.0,3.5,No,31-40,7-8 Days,False
ORD104126,CUST1476,Home & Kitchen,24074.65,32.4,10.0,4.3,Yes,31-40,9+ Days,False
ORD104127,CUST1981,Home & Kitchen,10862.02,8.1,8.0,2.7,No,0-10,7-8 Days,False
ORD104128,CUST1765,Sports,9295.48,61.7,5.0,2.3,No,41+,5-6 Days,False
ORD104129,CUST1940,Fashion,5823.54,3.9,3.0,3.5,No,0-10,3-4 Days,False
ORD104130,CUST1293,Electronics,57282.56,39.2,4.0,4.3,No,31-40,3-4 Days,True
ORD104131,CUST1583,Fashion,2334.62,31.5,6.0,4.8,No,31-40,5-6 Days,False
ORD104132,CUST1588,Electronics,46037.2,7.4,5.0,4.2,Yes,0-10,5-6 Days,True
ORD104133,CUST1499,Home & Kitchen,13403.74,23.1,3.0,3.1,No,21-30,3-4 Days,False
ORD104134,CUST1677,Home & Kitchen,7299.08,23.8,3.0,3.1,No,21-30,3-4 Days,False
ORD104135,CUST1487,Home & Kitchen,19593.89,44.6,4.0,4.8,No,41+,3-4 Days,False
ORD104136,CUST1412,Electronics,35372.23,14.3,2.0,4.5,No,11-20,0-2 Days,True
ORD104137,CUST1379,Beauty,4067.55,21.1,5.0,4.2,No,21-30,5-6 Days,False
ORD104138,CUST1775,Fashion,2921.76,0.0,5.0,4.5,Yes,0-10,5-6 Days,False
ORD104139,CUST1621,Home & Kitchen,12446.83,51.0,8.0,3.9,Yes,41+,7-8 Days,False
ORD104140,CUST1889,Home & Kitchen,15739.97,8.9,7.0,3.6,No,0-10,7-8 Days,False
ORD104141,CUST1692,Fashion,3536.83,29.9,2.0,3.7,Yes,21-30,0-2 Days,False
ORD104142,CUST1512,Electronics,15910.49,23.5,5.0,4.3,No,21-30,5-6 Days,False
ORD104143,CUST1657,Electronics,57890.23,23.5,6.0,4.0,Yes,21-30,5-6 Days,True
ORD104144,CUST1702,Beauty,3215.36,37.1,6.0,2.2,No,31-40,5-6 Days,False
ORD104145,CUST1165,Sports,11195.06,50.1,5.0,4.5,No,41+,5-6 Days,False
ORD104146,CUST1014,Home & Kitchen,10747.34,28.8,5.0,4.3,No,21-30,5-6 Days,False
ORD104147,CUST1491,Electronics,24532.25,34.8,10.0,4.1,No,31-40,9+ Days,False
ORD104148,CUST1244,Fashion,3553.73,29.9,10.0,4.9,No,21-30,9+ Days,False
ORD104149,CUST1435,Beauty,2632.42,40.3,5.0,3.2,No,41+,5-6 Days,False
ORD104150,CUST1823,Beauty,3401.83,18.1,8.0,2.9,No,11-20,7-8 Days,False
ORD104151,CUST1569,Electronics,34890.84,41.1,3.0,4.2,Yes,41+,3-4 Days,True
ORD104152,CUST1004,Electronics,32343.46,41.7,6.0,3.2,No,41+,5-6 Days,False
ORD104153,CUST1214,Beauty,1068.28,41.2,7.0,5.0,No,41+,7-8 Days,False
ORD104154,CUST1049,Fashion,4220.57,15.1,5.0,3.2,No,11-20,5-6 Days,False
ORD104155,CUST1081,Fashion,1768.28,22.5,2.0,3.2,No,21-30,0-2 Days,False
ORD104156,CUST1547,Electronics,11937.47,28.6,6.0,3.5,No,21-30,5-6 Days,False
ORD104157,CUST1878,Home & Kitchen,23370.03,4.4,3.0,3.6,No,0-10,3-4 Days,False
ORD104158,CUST1181,Sports,9350.79,48.9,6.0,3.5,No,41+,5-6 Days,False
ORD104159,CUST1672,Sports,10130.71,24.8,8.0,3.6,No,21-30,7-8 Days,False
ORD104160,CUST1870,Home & Kitchen,10523.41,29.3,4.0,3.5,No,21-30,3-4 Days,False
ORD104161,CUST1377,Home & Kitchen,22797.34,16.3,5.0,2.6,No,11-20,5-6 Days,False
ORD104162,CUST1479,Electronics,40086.18,5.1,6.0,4.2,No,0-10,5-6 Days,True
ORD104163,CUST1217,Home & Kitchen,19413.91,15.9,7.0,3.5,Yes,11-20,7-8 Days,False
ORD104164,CUST1266,Fashion,3264.22,28.3,7.0,3.7,No,21-30,7-8 Days,False
ORD104165,CUST1763,Home & Kitchen,24032.29,35.1,6.0,2.8,No,31-40,5-6 Days,False
ORD104166,CUST1625,Fashion,6653.46,27.4,12.0,2.6,No,21-30,9+ Days,False
ORD104167,CUST1190,Fashion,6904.61,30.2,5.0,3.7,No,31-40,5-6 Days,False
ORD104168,CUST1002,Electronics,14470.68,19.9,3.0,5.0,No,11-20,3-4 Days,False
ORD104169,CUST1575,Fashion,2532.22,32.4,7.0,5.0,Yes,31-40,7-8 Days,False
ORD104170,CUST1475,Electronics,20709.46,47.2,3.0,3.1,Yes,41+,3-4 Days,False
ORD104171,CUST1460,Electronics,19900.01,35.6,11.0,3.2,No,31-40,9+ Days,False
ORD104172,CUST1632,Sports,12932.34,37.1,3.0,3.9,Yes,31-40,3-4 Days,False
ORD104173,CUST1757,Fashion,739.14,29.4,7.0,1.7,No,21-30,7-8 Days,False
ORD104174,CUST1400,Home & Kitchen,2641.62,2.5,4.0,3.3,No,0-10,3-4 Days,False
ORD104175,CUST1784,Sports,4616.98,9.3,6.0,4.0,No,0-10,5-6 Days,False
ORD104176,CUST1131,Sports,3558.18,31.8,5.0,3.6,No,31-40,5-6 Days,False
ORD104177,CUST1217,Home & Kitchen,6411.0,24.8,6.0,2.3,No,21-30,5-6 Days,False
ORD104178,CUST1530,Beauty,4848.28,31.6,6.0,2.3,Yes,31-40,5-6 Days,False
ORD104179,CUST1231,Fashion,4723.45,50.1,7.0,2.7,No,41+,7-8 Days,False
ORD104180,CUST1810,Fashion,543.28,35.9,3.0,3.7,No,31-40,3-4 Days,False
ORD104181,CUST1232,Fashion,3719.92,43.9,6.0,3.1,No,41+,5-6 Days,False
ORD104182,CUST1416,Home & Kitchen,10670.82,26.4,10.0,5.0,No,21-30,9+ Days,False
ORD104183,CUST1124,Home & Kitchen,3557.48,12.9,7.0,2.7,No,11-20,7-8 Days,False
ORD104184,CUST1562,Fashion,5571.06,24.1,6.0,4.8,No,21-30,5-6 Days,False
ORD104185,CUST1177,Electronics,43615.35,12.9,5.0,2.8,Yes,11-20,5-6 Days,True
ORD104186,CUST1515,Home & Kitchen,18245.62,48.4,6.0,5.0,No,41+,5-6 Days,False
ORD104187,CUST1072,Electronics,45065.9,36.9,5.0,4.3,No,31-40,5-6 Days,True
ORD104188,CUST1372,Home & Kitchen,801.28,32.8,6.0,2.0,No,31-40,5-6 Days,False
ORD104189,CUST1125,Home & Kitchen,23884.88,43.5,5.0,4.8,No,41+,5-6 Days,False
ORD104190,CUST1383,Beauty,4940.99,0.0,8.0,3.4,No,0-10,7-8 Days,False
ORD104191,CUST1005,Beauty,5452.7,33.8,5.0,4.5,Yes,31-40,5-6 Days,False
ORD104192,CUST1185,Sports,923.7,5.3,6.0,3.8,No,0-10,5-6 Days,False
ORD104193,CUST1084,Fashion,7503.94,24.9,4.0,3.5,No,21-30,3-4 Days,False
ORD104194,CUST1940,Beauty,4915.79,20.3,4.0,3.6,No,21-30,3-4 Days,False
ORD104195,CUST1665,Home & Kitchen,21060.7,34.9,4.0,2.9,No,31-40,3-4 Days,False
ORD104196,CUST1710,Electronics,10130.81,28.4,6.0,3.4,No,21-30,5-6 Days,False
ORD104197,CUST1732,Electronics,45632.79,45.2,6.0,2.8,No,41+,5-6 Days,True
ORD104198,CUST1023,Fashion,7699.38,16.0,2.0,3.4,No,11-20,0-2 Days,False
ORD104199,CUST1984,Fashion,5589.11,35.6,2.0,4.0,No,31-40,0-2 Days,False
ORD104200,CUST1906,Home & Kitchen,14607.59,27.4,3.0,4.6,No,21-30,3-4 Days,False
ORD104201,CUST1650,Beauty,5690.09,0.5,6.0,5.0,No,0-10,5-6 Days,False
ORD104202,CUST1161,Electronics,29361.54,11.2,6.0,3.8,No,11-20,5-6 Days,False
ORD104203,CUST1073,Electronics,37961.15,22.8,1.0,2.9,No,21-30,0-2 Days,True
ORD104204,CUST1914,Sports,7511.64,41.7,4.0,3.8,No,41+,3-4 Days,False
ORD104205,CUST1707,Electronics,56306.54,32.0,6.0,3.7,No,31-40,5-6 Days,True
ORD104206,CUST1097,Fashion,1070.64,7.5,5.0,4.9,Yes,0-10,5-6 Days,False
ORD104207,CUST1586,Home & Kitchen,12927.1,22.9,5.0,4.5,No,21-30,5-6 Days,False
ORD104208,CUST1539,Home & Kitchen,17424.25,55.3,2.0,4.0,No,41+,0-2 Days,False
ORD104209,CUST1163,Electronics,48554.86,26.7,3.0,5.0,Yes,21-30,3-4 Days,True
ORD104210,CUST1062,Electronics,37066.03,20.1,7.0,3.4,No,21-30,7-8 Days,True
ORD104211,CUST1402,Electronics,54990.48,32.4,8.0,4.3,No,31-40,7-8 Days,True
ORD104212,CUST1263,Home & Kitchen,23596.19,36.5,7.0,3.4,Yes,31-40,7-8 Days,False
ORD104213,CUST1199,Home & Kitchen,2356.53,18.2,7.0,3.4,Yes,11-20,7-8 Days,False
ORD104214,CUST1214,Fashion,3517.78,32.5,7.0,2.1,Yes,31-40,7-8 Days,False
ORD104215,CUST1778,Home & Kitchen,1367.71,20.1,11.0,3.9,No,21-30,9+ Days,False
ORD104216,CUST1508,Beauty,2177.67,35.8,12.0,3.9,No,31-40,9+ Days,False
ORD104217,CUST1027,Electronics,34527.75,27.5,5.0,3.7,No,21-30,5-6 Days,True
ORD104218,CUST1580,Fashion,7330.96,32.2,4.0,4.2,No,31-40,3-4 Days,False
ORD104219,CUST1972,Home & Kitchen,21286.61,13.6,6.0,4.6,No,11-20,5-6 Days,False
ORD104220,CUST1195,Fashion,1456.25,12.7,5.0,3.8,No,11-20,5-6 Days,False
ORD104221,CUST1439,Fashion,1197.73,39.2,3.0,4.3,Yes,31-40,3-4 Days,False
ORD104222,CUST1816,Home & Kitchen,15060.27,23.8,5.0,4.1,No,21-30,5-6 Days,False
ORD104223,CUST1875,Sports,8309.29,29.3,4.0,4.7,No,21-30,3-4 Days,False
ORD104224,CUST1323,Beauty,1818.35,20.4,8.0,4.2,No,21-30,7-8 Days,False
ORD104225,CUST1345,Home & Kitchen,22566.76,38.5,7.0,5.0,No,31-40,7-8 Days,False
ORD104226,CUST1922,Beauty,5585.99,15.9,8.0,4.0,No,11-20,7-8 Days,False
ORD104227,CUST1936,Fashion,3519.59,23.0,5.0,3.1,No,21-30,5-6 Days,False
ORD104228,CUST1839,Home & Kitchen,22345.32,36.8,6.0,4.8,Yes,31-40,5-6 Days,False
ORD104229,CUST1814,Fashion,3379.62,42.6,3.0,4.3,No,41+,3-4 Days,False
ORD104230,CUST1610,Electronics,45524.93,17.1,4.0,4.2,No,11-20,3-4 Days,True
ORD104231,CUST1202,Beauty,3012.87,54.4,5.0,2.6,No,41+,5-6 Days,False
ORD104232,CUST1451,Home & Kitchen,3766.51,29.7,5.0,5.0,No,21-30,5-6 Days,False
ORD104233,CUST1760,Fashion,7459.51,9.4,5.0,4.6,No,0-10,5-6 Days,False
ORD104234,CUST1348,Sports,7193.58,30.5,10.0,4.1,No,31-40,9+ Days,False
ORD104235,CUST1011,Electronics,45396.79,19.3,9.0,1.5,Yes,11-20,9+ Days,True
ORD104236,CUST1435,Fashion,3253.8,31.5,8.0,3.5,No,31-40,7-8 Days,False
ORD104237,CUST1032,Electronics,6038.45,24.4,5.0,5.0,Yes,21-30,5-6 Days,False
ORD104238,CUST1840,Beauty,873.02,26.1,5.0,4.2,No,21-30,5-6 Days,False
ORD104239,CUST1148,Beauty,3128.45,11.3,8.0,2.8,No,11-20,7-8 Days,False
ORD104240,CUST1645,Fashion,5674.73,39.9,4.0,3.4,No,31-40,3-4 Days,False
ORD104241,CUST1894,Home & Kitchen,8900.59,7.7,9.0,3.5,Yes,0-10,9+ Days,False
ORD104242,CUST1937,Fashion,5716.16,8.4,8.0,4.7,Yes,0-10,7-8 Days,False
ORD104243,CUST1269,Beauty,4282.22,30.5,5.0,2.6,No,31-40,5-6 Days,False
ORD104244,CUST1715,Fashion,5779.52,49.0,5.0,4.6,No,41+,5-6 Days,False
ORD104245,CUST1634,Fashion,4193.91,19.7,4.0,4.4,No,11-20,3-4 Days,False
ORD104246,CUST1098,Sports,13782.87,35.5,6.0,5.0,No,31-40,5-6 Days,False
ORD104247,CUST1236,Fashion,4168.97,41.1,4.0,4.2,No,41+,3-4 Days,False
ORD104248,CUST1643,Electronics,29764.59,37.2,8.0,2.8,No,31-40,7-8 Days,False
ORD104249,CUST1911,Home & Kitchen,5625.02,20.3,6.0,3.8,No,21-30,5-6 Days,False
ORD104250,CUST1764,Sports,5099.47,8.6,10.0,3.0,Yes,0-10,9+ Days,False
ORD104251,CUST1252,Fashion,817.51,0.0,4.0,4.1,No,0-10,3-4 Days,False
ORD104252,CUST1865,Electronics,39844.44,21.1,6.0,5.0,Yes,21-30,5-6 Days,True
ORD104253,CUST1568,Fashion,2364.02,42.7,7.0,3.1,No,41+,7-8 Days,False
ORD104254,CUST1892,Home & Kitchen,8160.56,8.1,5.0,4.5,No,0-10,5-6 Days,False
ORD104255,CUST1939,Electronics,47394.8,35.5,4.0,3.3,No,31-40,3-4 Days,True
ORD104256,CUST1761,Home & Kitchen,8718.75,10.7,9.0,2.6,No,11-20,9+ Days,False
ORD104257,CUST1202,Sports,4163.4,26.6,14.0,5.0,Yes,21-30,9+ Days,False
ORD104258,CUST1249,Fashion,1767.93,35.6,2.0,4.0,No,31-40,0-2 Days,False
ORD104259,CUST1963,Fashion,6311.44,15.1,5.0,4.2,No,11-20,5-6 Days,False
ORD104260,CUST1814,Fashion,1472.8,27.6,6.0,4.5,Yes,21-30,5-6 Days,False
ORD104261,CUST1373,Electronics,29956.46,18.8,4.0,2.4,Yes,11-20,3-4 Days,False
ORD104262,CUST1176,Sports,7949.1,35.6,4.0,3.6,No,31-40,3-4 Days,False
ORD104263,CUST1105,Fashion,5655.42,28.5,5.0,2.5,Yes,21-30,5-6 Days,False
ORD104264,CUST1974,Fashion,5249.63,25.8,4.0,3.4,Yes,21-30,3-4 Days,False
ORD104265,CUST1245,Home & Kitchen,20419.44,48.4,5.0,4.7,No,41+,5-6 Days,False
ORD104266,CUST1225,Fashion,835.64,34.9,9.0,4.2,No,31-40,9+ Days,False
ORD104267,CUST1865,Home & Kitchen,7973.87,14.6,5.0,3.3,No,11-20,5-6 Days,False
ORD104268,CUST1932,Electronics,20407.38,23.7,1.0,3.8,No,21-30,0-2 Days,False
ORD104269,CUST1663,Beauty,1132.3,23.9,9.0,3.7,No,21-30,9+ Days,False
ORD104270,CUST1439,Sports,4835.25,26.2,3.0,4.0,Yes,21-30,3-4 Days,False
ORD104271,CUST1311,Home & Kitchen,8296.32,62.9,6.0,3.3,Yes,41+,5-6 Days,False
ORD104272,CUST1509,Sports,8162.95,30.6,4.0,3.7,No,31-40,3-4 Days,False
ORD104273,CUST1054,Electronics,41503.75,0.0,5.0,3.9,No,0-10,5-6 Days,True
ORD104274,CUST1381,Fashion,3358.25,16.9,6.0,4.1,No,11-20,5-6 Days,False
ORD104275,CUST1321,Home & Kitchen,18211.18,0.0,2.0,4.0,No,0-10,0-2 Days,False
ORD104276,CUST1219,Home & Kitchen,8935.2,20.1,10.0,2.5,No,21-30,9+ Days,False
ORD104277,CUST1819,Fashion,2677.13,0.0,8.0,2.8,No,0-10,7-8 Days,False
ORD104278,CUST1928,Fashion,4558.91,11.9,6.0,4.3,No,11-20,5-6 Days,False
ORD104279,CUST1469,Electronics,6304.4,2.2,7.0,3.6,No,0-10,7-8 Days,False
ORD104280,CUST1748,Fashion,1098.42,30.8,4.0,3.4,No,31-40,3-4 Days,False
ORD104281,CUST1896,Electronics,27988.32,25.0,7.0,3.6,No,21-30,7-8 Days,False
ORD104282,CUST1404,Beauty,5674.6,29.5,5.0,3.6,No,21-30,5-6 Days,False
ORD104283,CUST1347,Electronics,44683.15,23.4,7.0,2.4,Yes,21-30,7-8 Days,True
ORD104284,CUST1676,Electronics,9846.96,4.1,6.0,5.0,No,0-10,5-6 Days,False
ORD104285,CUST1489,Home & Kitchen,21280.9,32.7,12.0,3.7,Yes,31-40,9+ Days,False
ORD104286,CUST1800,Home & Kitchen,18521.68,53.8,6.0,3.8,No,41+,5-6 Days,False
ORD104287,CUST1359,Sports,9436.54,31.1,10.0,3.9,No,31-40,9+ Days,False
ORD104288,CUST1057,Home & Kitchen,20651.09,18.6,8.0,4.6,Yes,11-20,7-8 Days,False
ORD104289,CUST1541,Fashion,3530.82,3.6,7.0,4.3,No,0-10,7-8 Days,False
ORD104290,CUST1942,Beauty,1562.56,11.4,7.0,3.7,No,11-20,7-8 Days,False
ORD104291,CUST1087,Home & Kitchen,13190.97,31.8,8.0,3.1,No,31-40,7-8 Days,False
ORD104292,CUST1378,Electronics,35186.3,41.1,6.0,4.8,Yes,41+,5-6 Days,True
ORD104293,CUST1931,Home & Kitchen,13827.5,28.9,7.0,3.8,No,21-30,7-8 Days,False
ORD104294,CUST1079,Sports,8780.56,37.0,7.0,4.3,No,31-40,7-8 Days,False
ORD104295,CUST1363,Fashion,7615.29,35.6,7.0,2.9,No,31-40,7-8 Days,False
ORD104296,CUST1970,Fashion,7266.84,32.6,5.0,4.3,No,31-40,5-6 Days,False
ORD104297,CUST1308,Electronics,53164.44,15.1,8.0,2.7,No,11-20,7-8 Days,True
ORD104298,CUST1911,Electronics,49077.92,27.6,5.0,3.5,Yes,21-30,5-6 Days,True
ORD104299,CUST1089,Fashion,7575.71,12.3,5.0,3.9,Yes,11-20,5-6 Days,False
ORD104300,CUST1977,Home & Kitchen,3183.57,25.3,8.0,5.0,No,21-30,7-8 Days,False
ORD104301,CUST1691,Electronics,19581.78,30.0,1.0,4.3,No,21-30,0-2 Days,False
ORD104302,CUST1287,Sports,7779.3,50.2,6.0,4.9,No,41+,5-6 Days,False
ORD104303,CUST1971,Beauty,5125.25,5.4,5.0,4.2,No,0-10,5-6 Days,False
ORD104304,CUST1596,Home & Kitchen,13025.01,32.2,4.0,2.9,No,31-40,3-4 Days,False
ORD104305,CUST1223,Beauty,4563.8,47.2,5.0,2.9,No,41+,5-6 Days,False
ORD104306,CUST1656,Electronics,12642.79,36.4,5.0,4.4,Yes,31-40,5-6 Days,False
ORD104307,CUST1164,Fashion,2393.1,37.5,8.0,3.0,Yes,31-40,7-8 Days,False
ORD104308,CUST1295,Home & Kitchen,18508.98,33.8,6.0,2.6,No,31-40,5-6 Days,False
ORD104309,CUST1651,Beauty,1238.98,44.5,9.0,3.0,Yes,41+,9+ Days,False
ORD104310,CUST1660,Beauty,2302.73,8.7,7.0,4.0,No,0-10,7-8 Days,False
ORD104311,CUST1986,Fashion,2486.5,4.2,6.0,3.2,No,0-10,5-6 Days,False
ORD104312,CUST1312,Sports,5703.02,24.9,7.0,4.8,No,21-30,7-8 Days,False
ORD104313,CUST1753,Electronics,43957.82,0.0,5.0,4.1,No,0-10,5-6 Days,True
ORD104314,CUST1755,Sports,5960.21,43.5,3.0,4.0,No,41+,3-4 Days,False
ORD104315,CUST1474,Sports,8640.27,43.3,6.0,4.1,No,41+,5-6 Days,False
ORD104316,CUST1170,Electronics,10496.25,18.5,6.0,4.3,No,11-20,5-6 Days,False
ORD104317,CUST1047,Beauty,4888.6,19.4,10.0,4.3,No,11-20,9+ Days,False
ORD104318,CUST1006,Electronics,25343.87,23.9,8.0,3.1,No,21-30,7-8 Days,False
ORD104319,CUST1877,Fashion,5364.01,25.8,4.0,4.8,Yes,21-30,3-4 Days,False
ORD104320,CUST1547,Home & Kitchen,18354.43,26.9,3.0,4.3,Yes,21-30,3-4 Days,False
ORD104321,CUST1904,Home & Kitchen,5873.79,33.4,8.0,3.5,No,31-40,7-8 Days,False
ORD104322,CUST1071,Sports,13350.85,22.4,6.0,4.4,No,21-30,5-6 Days,False
ORD104323,CUST1293,Home & Kitchen,15712.63,39.1,6.0,2.7,No,31-40,5-6 Days,False
ORD104324,CUST1178,Fashion,3715.44,31.7,4.0,4.5,No,31-40,3-4 Days,False
ORD104325,CUST1123,Beauty,1339.31,15.9,7.0,4.0,No,11-20,7-8 Days,False
ORD104326,CUST1757,Sports,14174.9,45.0,3.0,2.1,Yes,41+,3-4 Days,False
ORD104327,CUST1912,Electronics,46528.75,4.6,6.0,5.0,No,0-10,5-6 Days,True
ORD104328,CUST1521,Sports,3674.75,23.6,8.0,2.8,No,21-30,7-8 Days,False
ORD104329,CUST1843,Electronics,23574.09,39.5,5.0,4.3,No,31-40,5-6 Days,False
ORD104330,CUST1725,Beauty,4915.14,14.2,9.0,4.9,No,11-20,9+ Days,False
ORD104331,CUST1828,Fashion,5717.58,29.6,9.0,1.7,No,21-30,9+ Days,False
ORD104332,CUST1563,Electronics,47118.14,33.2,9.0,4.0,No,31-40,9+ Days,True
ORD104333,CUST1814,Fashion,3809.01,12.1,4.0,3.8,No,11-20,3-4 Days,False
ORD104334,CUST1327,Home & Kitchen,18138.73,23.9,5.0,4.7,No,21-30,5-6 Days,False
ORD104335,CUST1908,Fashion,3398.7,22.7,9.0,4.8,No,21-30,9+ Days,False
ORD104336,CUST1576,Electronics,16619.46,16.7,12.0,4.5,Yes,11-20,9+ Days,False
ORD104337,CUST1883,Home & Kitchen,16110.78,59.5,8.0,3.5,Yes,41+,7-8 Days,False
ORD104338,CUST1744,Sports,14657.0,13.6,9.0,4.2,No,11-20,9+ Days,False
ORD104339,CUST1533,Fashion,2829.51,40.1,6.0,5.0,No,41+,5-6 Days,False
ORD104340,CUST1005,Electronics,30353.33,19.1,6.0,4.8,Yes,11-20,5-6 Days,False
ORD104341,CUST1006,Fashion,5555.01,8.7,7.0,3.3,No,0-10,7-8 Days,False
ORD104342,CUST1043,Electronics,34782.85,26.5,7.0,4.7,No,21-30,7-8 Days,True
ORD104343,CUST1282,Beauty,5107.54,34.7,1.0,4.9,Yes,31-40,0-2 Days,False
ORD104344,CUST1861,Beauty,4641.93,38.8,9.0,3.1,Yes,31-40,9+ Days,False
ORD104345,CUST1566,Home & Kitchen,2210.79,48.4,8.0,3.8,Yes,41+,7-8 Days,False
ORD104346,CUST1896,Fashion,7988.16,69.2,6.0,3.6,Yes,41+,5-6 Days,False
ORD104347,CUST1131,Beauty,4588.69,28.8,4.0,4.5,No,21-30,3-4 Days,False
ORD104348,CUST1651,Home & Kitchen,21706.46,15.1,5.0,3.5,Yes,11-20,5-6 Days,False
ORD104349,CUST1215,Beauty,4011.83,31.8,7.0,3.3,No,31-40,7-8 Days,False
ORD104350,CUST1025,Home & Kitchen,21522.1,21.0,5.0,4.7,No,21-30,5-6 Days,False
ORD104351,CUST1908,Beauty,940.58,38.9,5.0,2.8,Yes,31-40,5-6 Days,False
ORD104352,CUST1577,Home & Kitchen,9215.26,5.5,7.0,3.9,No,0-10,7-8 Days,False
ORD104353,CUST1260,Fashion,7073.16,60.5,4.0,3.2,Yes,41+,3-4 Days,False
ORD104354,CUST1436,Sports,3583.67,37.8,4.0,4.7,Yes,31-40,3-4 Days,False
ORD104355,CUST1383,Home & Kitchen,2693.46,0.0,4.0,3.3,No,0-10,3-4 Days,False
ORD104356,CUST1961,Home & Kitchen,19872.48,14.4,6.0,3.8,No,11-20,5-6 Days,False
ORD104357,CUST1710,Fashion,6766.15,37.2,8.0,1.9,Yes,31-40,7-8 Days,False
ORD104358,CUST1418,Home & Kitchen,4736.18,42.6,6.0,3.8,No,41+,5-6 Days,False
ORD104359,CUST1475,Home & Kitchen,21475.17,5.9,7.0,3.7,Yes,0-10,7-8 Days,False
ORD104360,CUST1109,Electronics,42772.23,35.7,3.0,3.9,No,31-40,3-4 Days,True
ORD104361,CUST1528,Electronics,33604.55,0.0,3.0,4.8,No,0-10,3-4 Days,False
ORD104362,CUST1715,Home & Kitchen,20892.05,23.7,6.0,4.3,No,21-30,5-6 Days,False
ORD104363,CUST1654,Beauty,2689.72,41.7,6.0,4.1,No,41+,5-6 Days,False
ORD104364,CUST1870,Home & Kitchen,5494.65,16.7,4.0,3.2,No,11-20,3-4 Days,False
ORD104365,CUST1625,Fashion,2636.4,2.4,10.0,5.0,Yes,0-10,9+ Days,False
ORD104366,CUST1586,Home & Kitchen,13024.97,27.2,5.0,2.3,No,21-30,5-6 Days,False
ORD104367,CUST1957,Electronics,34223.19,15.9,7.0,2.8,Yes,11-20,7-8 Days,True
ORD104368,CUST1565,Fashion,6541.86,34.4,7.0,3.2,No,31-40,7-8 Days,False
ORD104369,CUST1118,Electronics,48524.4,11.7,5.0,4.0,No,11-20,5-6 Days,True
ORD104370,CUST1186,Electronics,36975.16,13.4,9.0,3.8,Yes,11-20,9+ Days,True
ORD104371,CUST1575,Electronics,47943.2,0.0,6.0,3.2,No,0-10,5-6 Days,True
ORD104372,CUST1141,Fashion,1938.3,27.5,6.0,3.9,No,21-30,5-6 Days,False
ORD104373,CUST1301,Electronics,7753.55,22.6,8.0,4.7,No,21-30,7-8 Days,False
ORD104374,CUST1226,Fashion,7052.25,7.2,7.0,3.8,Yes,0-10,7-8 Days,False
ORD104375,CUST1225,Home & Kitchen,2628.42,27.9,7.0,3.8,No,21-30,7-8 Days,False
ORD104376,CUST1183,Fashion,2350.16,40.4,8.0,3.7,No,41+,7-8 Days,False
ORD104377,CUST1161,Fashion,5714.89,21.8,7.0,3.1,No,21-30,7-8 Days,False
ORD104378,CUST1062,Beauty,2633.85,29.0,10.0,2.7,No,21-30,9+ Days,False
ORD104379,CUST1935,Electronics,53197.27,29.1,5.0,3.8,Yes,21-30,5-6 Days,True
ORD104380,CUST1397,Home & Kitchen,8011.11,6.9,6.0,3.1,No,0-10,5-6 Days,False
ORD104381,CUST1593,Electronics,5652.92,55.8,11.0,3.5,No,41+,9+ Days,False
ORD104382,CUST1841,Electronics,21536.06,17.9,5.0,4.1,Yes,11-20,5-6 Days,False
ORD104383,CUST1397,Home & Kitchen,14789.42,34.8,2.0,4.1,No,31-40,0-2 Days,False
ORD104384,CUST1016,Home & Kitchen,9897.71,36.5,8.0,4.8,No,31-40,7-8 Days,False
ORD104385,CUST1229,Sports,8348.68,22.9,3.0,2.4,No,21-30,3-4 Days,False
ORD104386,CUST1438,Home & Kitchen,22013.67,34.1,8.0,3.6,No,31-40,7-8 Days,False
ORD104387,CUST1414,Sports,13748.54,28.7,7.0,4.6,No,21-30,7-8 Days,False
ORD104388,CUST1935,Electronics,19628.57,3.7,6.0,2.5,No,0-10,5-6 Days,False
ORD104389,CUST1609,Electronics,30417.73,20.0,6.0,3.7,No,11-20,5-6 Days,False
ORD104390,CUST1360,Electronics,35202.92,15.8,2.0,4.0,No,11-20,0-2 Days,True
ORD104391,CUST1832,Electronics,57201.19,18.1,5.0,2.9,Yes,11-20,5-6 Days,True
ORD104392,CUST1838,Home & Kitchen,24966.54,5.4,8.0,3.3,No,0-10,7-8 Days,False
ORD104393,CUST1652,Home & Kitchen,6496.86,41.9,4.0,2.8,No,41+,3-4 Days,False
ORD104394,CUST1130,Electronics,44983.89,49.0,10.0,4.0,No,41+,9+ Days,True
ORD104395,CUST1929,Sports,6105.84,39.7,7.0,1.8,Yes,31-40,7-8 Days,False
ORD104396,CUST1655,Beauty,346.22,44.1,8.0,3.2,No,41+,7-8 Days,False
ORD104397,CUST1849,Fashion,569.39,19.8,5.0,3.2,Yes,11-20,5-6 Days,False
ORD104398,CUST1692,Electronics,30331.13,15.5,5.0,4.5,No,11-20,5-6 Days,False
ORD104399,CUST1163,Electronics,31858.42,13.3,4.0,2.6,Yes,11-20,3-4 Days,False
ORD104400,CUST1351,Electronics,6241.33,34.7,7.0,4.8,Yes,31-40,7-8 Days,False
ORD104401,CUST1478,Electronics,42781.01,28.4,3.0,4.4,No,21-30,3-4 Days,True
ORD104402,CUST1635,Home & Kitchen,7914.88,23.8,8.0,4.6,No,21-30,7-8 Days,False
ORD104403,CUST1038,Fashion,4699.2,44.4,6.0,3.5,No,41+,5-6 Days,False
ORD104404,CUST1976,Fashion,2756.89,31.1,2.0,3.5,Yes,31-40,0-2 Days,False
ORD104405,CUST1298,Sports,3090.02,12.4,9.0,3.2,No,11-20,9+ Days,False
ORD104406,CUST1877,Home & Kitchen,10653.6,14.8,8.0,4.3,No,11-20,7-8 Days,False
ORD104407,CUST1232,Sports,4021.51,35.2,2.0,3.5,No,31-40,0-2 Days,False
ORD104408,CUST1849,Electronics,34414.05,40.6,3.0,3.2,No,41+,3-4 Days,True
ORD104409,CUST1764,Fashion,1991.21,33.3,4.0,3.5,No,31-40,3-4 Days,False
ORD104410,CUST1519,Home & Kitchen,13103.42,53.5,8.0,4.1,No,41+,7-8 Days,False
ORD104411,CUST1568,Electronics,13655.82,49.5,5.0,2.8,No,41+,5-6 Days,False
ORD104412,CUST1901,Electronics,41903.61,31.6,3.0,3.0,No,31-40,3-4 Days,True
ORD104413,CUST1168,Home & Kitchen,19045.29,12.4,7.0,4.9,Yes,11-20,7-8 Days,False
ORD104414,CUST1829,Home & Kitchen,3471.54,5.4,3.0,3.1,No,0-10,3-4 Days,False
ORD104415,CUST1731,Fashion,4008.52,19.2,8.0,5.0,No,11-20,7-8 Days,False
ORD104416,CUST1065,Fashion,1031.54,36.3,4.0,3.4,No,31-40,3-4 Days,False
ORD104417,CUST1194,Fashion,4986.37,52.4,5.0,2.7,Yes,41+,5-6 Days,False
ORD104418,CUST1452,Electronics,19542.24,31.3,7.0,4.9,No,31-40,7-8 Days,False
ORD104419,CUST1961,Fashion,4457.18,42.5,5.0,5.0,Yes,41+,5-6 Days,False
ORD104420,CUST1605,Electronics,33460.36,21.3,7.0,3.3,No,21-30,7-8 Days,False
ORD104421,CUST1853,Electronics,55839.49,34.3,6.0,4.7,No,31-40,5-6 Days,True
ORD104422,CUST1170,Sports,8551.89,37.4,6.0,3.9,No,31-40,5-6 Days,False
ORD104423,CUST1931,Home & Kitchen,14908.56,0.0,6.0,3.9,No,0-10,5-6 Days,False
ORD104424,CUST1738,Beauty,2589.42,18.8,8.0,4.1,No,11-20,7-8 Days,False
ORD104425,CUST1231,Fashion,7618.1,39.2,7.0,3.8,No,31-40,7-8 Days,False
ORD104426,CUST1962,Fashion,6328.89,29.1,5.0,3.9,No,21-30,5-6 Days,False
ORD104427,CUST1281,Fashion,2640.54,7.1,6.0,3.8,No,0-10,5-6 Days,False
ORD104428,CUST1006,Electronics,51431.53,0.0,7.0,3.3,Yes,0-10,7-8 Days,True
ORD104429,CUST1264,Electronics,28781.8,19.5,4.0,3.2,No,11-20,3-4 Days,False
ORD104430,CUST1931,Beauty,5023.4,23.9,7.0,2.9,No,21-30,7-8 Days,False
ORD104431,CUST1053,Home & Kitchen,20713.89,11.7,11.0,2.3,Yes,11-20,9+ Days,False
ORD104432,CUST1019,Home & Kitchen,5370.66,27.1,6.0,3.7,No,21-30,5-6 Days,False
ORD104433,CUST1265,Fashion,5758.56,32.6,9.0,3.1,No,31-40,9+ Days,False
ORD104434,CUST1161,Sports,4856.19,35.1,7.0,2.5,No,31-40,7-8 Days,False
ORD104435,CUST1776,Electronics,21362.1,0.0,6.0,3.1,No,0-10,5-6 Days,False
ORD104436,CUST1806,Fashion,2722.61,5.3,6.0,3.4,No,0-10,5-6 Days,False
ORD104437,CUST1160,Fashion,5941.76,20.4,8.0,3.4,No,21-30,7-8 Days,False
ORD104438,CUST1023,Beauty,1610.01,33.6,8.0,4.9,No,31-40,7-8 Days,False
ORD104439,CUST1162,Sports,712.95,32.3,5.0,3.3,Yes,31-40,5-6 Days,False
ORD104440,CUST1343,Fashion,5864.28,32.1,7.0,5.0,No,31-40,7-8 Days,False
ORD104441,CUST1942,Sports,3147.94,19.2,5.0,3.2,No,11-20,5-6 Days,False
ORD104442,CUST1416,Beauty,895.55,20.1,9.0,4.2,No,21-30,9+ Days,False
ORD104443,CUST1385,Fashion,2281.37,14.1,5.0,3.0,Yes,11-20,5-6 Days,False
ORD104444,CUST1007,Fashion,3349.25,36.5,3.0,5.0,No,31-40,3-4 Days,False
ORD104445,CUST1875,Fashion,4069.3,11.2,6.0,4.8,Yes,11-20,5-6 Days,False
ORD104446,CUST1880,Sports,1337.35,37.8,7.0,4.4,No,31-40,7-8 Days,False
ORD104447,CUST1536,Electronics,58381.53,28.1,5.0,5.0,No,21-30,5-6 Days,True
ORD104448,CUST1130,Beauty,4381.56,24.3,6.0,4.5,No,21-30,5-6 Days,False
ORD104449,CUST1767,Fashion,2923.96,15.1,8.0,4.2,Yes,11-20,7-8 Days,False
ORD104450,CUST1256,Beauty,2116.57,4.7,9.0,2.7,No,0-10,9+ Days,False
ORD104451,CUST1250,Fashion,3864.07,15.3,5.0,1.9,No,11-20,5-6 Days,False
ORD104452,CUST1914,Home & Kitchen,15955.12,20.0,6.0,2.8,No,11-20,5-6 Days,False
ORD104453,CUST1339,Beauty,1134.33,0.0,7.0,2.5,No,0-10,7-8 Days,False
ORD104454,CUST1618,Beauty,1376.9,22.0,3.0,3.2,No,21-30,3-4 Days,False
ORD104455,CUST1356,Sports,12989.91,38.9,4.0,4.7,No,31-40,3-4 Days,False
ORD104456,CUST1312,Electronics,19094.02,33.5,7.0,2.9,No,31-40,7-8 Days,False
ORD104457,CUST1860,Home & Kitchen,10000.72,17.6,4.0,3.4,No,11-20,3-4 Days,False
ORD104458,CUST1483,Electronics,52919.95,25.7,6.0,3.8,Yes,21-30,5-6 Days,True
ORD104459,CUST1032,Fashion,5473.61,16.7,9.0,3.9,No,11-20,9+ Days,False
ORD104460,CUST1589,Home & Kitchen,9069.43,27.2,3.0,3.3,No,21-30,3-4 Days,False
ORD104461,CUST1838,Fashion,5627.75,48.1,4.0,4.8,Yes,41+,3-4 Days,False
ORD104462,CUST1093,Home & Kitchen,1276.33,39.5,4.0,3.8,No,31-40,3-4 Days,False
ORD104463,CUST1522,Sports,11219.69,32.8,8.0,3.9,No,31-40,7-8 Days,False
ORD104464,CUST1891,Electronics,31785.88,17.6,8.0,5.0,No,11-20,7-8 Days,False
ORD104465,CUST1936,Home & Kitchen,20479.01,36.2,8.0,5.0,Yes,31-40,7-8 Days,False
ORD104466,CUST1842,Fashion,7659.78,0.0,4.0,3.8,No,0-10,3-4 Days,False
ORD104467,CUST1034,Electronics,55918.37,21.2,3.0,4.2,No,21-30,3-4 Days,True
ORD104468,CUST1852,Electronics,55009.58,33.8,5.0,3.1,No,31-40,5-6 Days,True
ORD104469,CUST1623,Sports,8024.03,36.1,6.0,2.1,No,31-40,5-6 Days,False
ORD104470,CUST1289,Sports,5850.03,35.0,8.0,4.3,No,31-40,7-8 Days,False
ORD104471,CUST1971,Sports,7350.01,29.4,6.0,3.0,No,21-30,5-6 Days,False
ORD104472,CUST1344,Sports,10565.51,22.1,5.0,4.3,No,21-30,5-6 Days,False
ORD104473,CUST1609,Electronics,53619.88,33.1,10.0,5.0,Yes,31-40,9+ Days,True
ORD104474,CUST1508,Fashion,2052.4,10.7,7.0,2.3,No,11-20,7-8 Days,False
ORD104475,CUST1313,Home & Kitchen,23020.27,12.3,13.0,2.0,Yes,11-20,9+ Days,False
ORD104476,CUST1662,Fashion,6613.85,25.9,4.0,3.1,Yes,21-30,3-4 Days,False
ORD104477,CUST1944,Fashion,7841.42,27.6,5.0,4.4,No,21-30,5-6 Days,False
ORD104478,CUST1204,Fashion,7101.89,0.0,7.0,4.8,No,0-10,7-8 Days,False
ORD104479,CUST1222,Home & Kitchen,7574.48,31.8,7.0,4.4,No,31-40,7-8 Days,False
ORD104480,CUST1032,Home & Kitchen,3364.13,36.6,5.0,4.0,No,31-40,5-6 Days,False
ORD104481,CUST1637,Electronics,11173.26,23.8,3.0,3.8,No,21-30,3-4 Days,False
ORD104482,CUST1620,Fashion,2684.17,60.6,6.0,3.9,Yes,41+,5-6 Days,False
ORD104483,CUST1723,Home & Kitchen,15663.25,14.8,9.0,4.7,No,11-20,9+ Days,False
ORD104484,CUST1429,Home & Kitchen,20264.55,19.6,7.0,3.3,No,11-20,7-8 Days,False
ORD104485,CUST2000,Electronics,54458.77,19.1,3.0,3.8,Yes,11-20,3-4 Days,True
ORD104486,CUST1002,Beauty,3855.39,23.9,5.0,2.9,No,21-30,5-6 Days,False
ORD104487,CUST1507,Electronics,5309.72,20.1,5.0,4.1,No,21-30,5-6 Days,False
ORD104488,CUST1462,Fashion,1897.38,3.9,5.0,3.8,No,0-10,5-6 Days,False
ORD104489,CUST1183,Beauty,868.44,16.8,3.0,5.0,No,11-20,3-4 Days,False
ORD104490,CUST1059,Home & Kitchen,9592.45,23.5,6.0,2.6,No,21-30,5-6 Days,False
ORD104491,CUST1289,Fashion,4260.13,43.4,9.0,4.5,Yes,41+,9+ Days,False
ORD104492,CUST1096,Home & Kitchen,1850.21,58.0,5.0,3.4,No,41+,5-6 Days,False
ORD104493,CUST1505,Home & Kitchen,9233.17,45.0,8.0,4.5,No,41+,7-8 Days,False
ORD104494,CUST1762,Beauty,1321.32,13.4,3.0,4.4,No,11-20,3-4 Days,False
ORD104495,CUST1617,Beauty,3988.3,14.6,4.0,3.6,Yes,11-20,3-4 Days,False
ORD104496,CUST1211,Home & Kitchen,12035.39,22.6,4.0,3.0,No,21-30,3-4 Days,False
ORD104497,CUST1782,Fashion,4214.88,51.8,6.0,3.0,Yes,41+,5-6 Days,False
ORD104498,CUST1964,Electronics,28523.05,22.5,5.0,3.9,No,21-30,5-6 Days,False
ORD104499,CUST1962,Fashion,7670.15,5.1,7.0,3.2,No,0-10,7-8 Days,False
ORD104500,CUST1458,Fashion,2110.51,17.5,7.0,3.6,No,11-20,7-8 Days,False
ORD104501,CUST1571,Home & Kitchen,13303.28,36.4,5.0,2.8,No,31-40,5-6 Days,False
ORD104502,CUST1989,Home & Kitchen,18611.62,35.3,4.0,4.2,No,31-40,3-4 Days,False
ORD104503,CUST1783,Fashion,4676.33,22.0,3.0,3.1,No,21-30,3-4 Days,False
ORD104504,CUST1927,Electronics,56096.15,35.3,6.0,3.5,No,31-40,5-6 Days,True
ORD104505,CUST1993,Fashion,3334.76,0.0,6.0,4.9,No,0-10,5-6 Days,False
ORD104506,CUST1029,Fashion,3977.57,26.6,4.0,3.9,No,21-30,3-4 Days,False
ORD104507,CUST1203,Beauty,804.58,37.9,3.0,4.4,No,31-40,3-4 Days,False
ORD104508,CUST1112,Electronics,38494.95,12.5,4.0,3.0,Yes,11-20,3-4 Days,True
ORD104509,CUST1365,Home & Kitchen,7774.73,12.5,5.0,4.0,No,11-20,5-6 Days,False
ORD104510,CUST2000,Sports,2992.42,0.0,9.0,4.1,Yes,0-10,9+ Days,False
ORD104511,CUST1123,Electronics,34949.22,48.8,6.0,3.0,No,41+,5-6 Days,True
ORD104512,CUST1713,Fashion,4492.33,14.2,8.0,3.8,No,11-20,7-8 Days,False
ORD104513,CUST1303,Electronics,9172.94,28.6,3.0,3.5,No,21-30,3-4 Days,False
ORD104514,CUST1697,Home & Kitchen,17696.81,34.1,8.0,4.0,No,31-40,7-8 Days,False
ORD104515,CUST1570,Home & Kitchen,15895.29,47.7,5.0,2.7,No,41+,5-6 Days,False
ORD104516,CUST1861,Fashion,1917.63,22.7,4.0,3.0,No,21-30,3-4 Days,False
ORD104517,CUST1255,Home & Kitchen,12160.32,16.9,6.0,2.7,No,11-20,5-6 Days,False
ORD104518,CUST1229,Sports,11000.62,27.6,5.0,2.9,No,21-30,5-6 Days,False
ORD104519,CUST1341,Electronics,34118.97,44.3,8.0,3.3,Yes,41+,7-8 Days,False
ORD104520,CUST1927,Electronics,26751.9,22.4,8.0,4.2,No,21-30,7-8 Days,False
ORD104521,CUST1565,Sports,5309.44,10.7,7.0,3.9,No,11-20,7-8 Days,False
ORD104522,CUST1342,Home & Kitchen,15571.53,1.9,7.0,3.9,No,0-10,7-8 Days,False
ORD104523,CUST1832,Sports,14129.25,6.7,4.0,3.0,No,0-10,3-4 Days,False
ORD104524,CUST1756,Home & Kitchen,17056.23,38.0,10.0,3.8,Yes,31-40,9+ Days,False
ORD104525,CUST1338,Beauty,726.05,20.2,5.0,4.8,No,21-30,5-6 Days,False
ORD104526,CUST1258,Fashion,3955.14,15.9,8.0,4.0,No,11-20,7-8 Days,False
ORD104527,CUST1060,Beauty,5377.7,14.3,7.0,4.4,No,11-20,7-8 Days,False
ORD104528,CUST1982,Sports,2050.81,26.3,2.0,3.4,No,21-30,0-2 Days,False
ORD104529,CUST1229,Home & Kitchen,24730.79,21.4,1.0,3.4,No,21-30,0-2 Days,False
ORD104530,CUST1340,Electronics,57198.82,20.9,6.0,4.2,No,21-30,5-6 Days,True
ORD104531,CUST1432,Fashion,1087.06,45.2,8.0,3.0,No,41+,7-8 Days,False
ORD104532,CUST1816,Electronics,56337.73,48.1,7.0,3.7,No,41+,7-8 Days,True
ORD104533,CUST1118,Fashion,3223.49,0.8,6.0,3.9,No,0-10,5-6 Days,False
ORD104534,CUST1957,Fashion,6835.32,29.9,2.0,3.5,No,21-30,0-2 Days,False
ORD104535,CUST1900,Home & Kitchen,10924.88,13.3,6.0,3.1,No,11-20,5-6 Days,False
ORD104536,CUST1026,Home & Kitchen,11468.69,21.3,9.0,3.3,No,21-30,9+ Days,False
ORD104537,CUST1340,Fashion,5256.82,29.6,10.0,2.7,No,21-30,9+ Days,False
ORD104538,CUST1662,Home & Kitchen,19542.35,21.8,4.0,4.0,No,21-30,3-4 Days,False
ORD104539,CUST1171,Electronics,6858.4,28.5,4.0,4.5,No,21-30,3-4 Days,False
ORD104540,CUST1253,Electronics,37623.58,35.1,4.0,3.4,No,31-40,3-4 Days,True
ORD104541,CUST1532,Electronics,15270.31,29.4,4.0,5.0,No,21-30,3-4 Days,False
ORD104542,CUST1349,Home & Kitchen,9171.98,15.3,8.0,3.2,No,11-20,7-8 Days,False
ORD104543,CUST1304,Electronics,24138.28,15.6,6.0,3.2,No,11-20,5-6 Days,False
ORD104544,CUST1377,Fashion,4017.95,3.4,6.0,4.4,Yes,0-10,5-6 Days,False
ORD104545,CUST1351,Fashion,3006.02,12.2,4.0,4.3,No,11-20,3-4 Days,False
ORD104546,CUST1573,Beauty,911.96,54.4,8.0,4.3,No,41+,7-8 Days,False
ORD104547,CUST1151,Electronics,13009.58,13.1,8.0,4.7,Yes,11-20,7-8 Days,False
ORD104548,CUST1748,Home & Kitchen,1609.2,7.1,3.0,3.1,No,0-10,3-4 Days,False
ORD104549,CUST1829,Home & Kitchen,12180.03,29.8,7.0,4.1,No,21-30,7-8 Days,False
ORD104550,CUST1230,Beauty,5740.35,23.3,6.0,2.7,No,21-30,5-6 Days,False
ORD104551,CUST1336,Sports,2354.16,22.1,3.0,4.7,No,21-30,3-4 Days,False
ORD104552,CUST1703,Electronics,57044.55,46.1,6.0,4.6,No,41+,5-6 Days,True
ORD104553,CUST1275,Electronics,45334.88,33.2,2.0,4.6,Yes,31-40,0-2 Days,True
ORD104554,CUST1715,Sports,9816.23,17.1,5.0,3.8,No,11-20,5-6 Days,False
ORD104555,CUST1204,Fashion,5339.58,18.6,8.0,4.6,Yes,11-20,7-8 Days,False
ORD104556,CUST1228,Home & Kitchen,20806.81,17.5,6.0,3.9,Yes,11-20,5-6 Days,False
ORD104557,CUST1269,Home & Kitchen,3387.46,38.1,6.0,4.9,No,31-40,5-6 Days,False
ORD104558,CUST1898,Home & Kitchen,13015.05,20.4,3.0,3.6,Yes,21-30,3-4 Days,False
ORD104559,CUST1179,Sports,10668.4,0.0,6.0,3.5,No,0-10,5-6 Days,False
ORD104560,CUST1843,Sports,9091.53,24.3,7.0,4.1,No,21-30,7-8 Days,False
ORD104561,CUST1257,Beauty,5046.84,1.9,4.0,2.8,No,0-10,3-4 Days,False
ORD104562,CUST1681,Fashion,1042.04,57.8,7.0,3.6,No,41+,7-8 Days,False
ORD104563,CUST1906,Sports,10577.02,10.5,5.0,3.8,No,11-20,5-6 Days,False
ORD104564,CUST1515,Electronics,34371.53,22.6,6.0,2.7,No,21-30,5-6 Days,True
ORD104565,CUST1008,Fashion,3343.71,28.9,5.0,3.9,No,21-30,5-6 Days,False
ORD104566,CUST1336,Sports,5565.93,20.7,10.0,4.2,Yes,21-30,9+ Days,False
ORD104567,CUST1932,Fashion,5156.24,20.6,12.0,4.5,Yes,21-30,9+ Days,False
ORD104568,CUST1619,Fashion,7182.47,31.3,6.0,2.6,Yes,31-40,5-6 Days,False
ORD104569,CUST1040,Electronics,32289.68,47.9,5.0,4.6,No,41+,5-6 Days,False
ORD104570,CUST1935,Sports,12493.54,36.5,6.0,2.1,No,31-40,5-6 Days,False
ORD104571,CUST1980,Home & Kitchen,10532.18,47.2,5.0,3.1,No,41+,5-6 Days,False
ORD104572,CUST1431,Home & Kitchen,3277.95,9.3,7.0,5.0,No,0-10,7-8 Days,False
ORD104573,CUST1887,Fashion,961.29,29.8,5.0,3.9,Yes,21-30,5-6 Days,False
ORD104574,CUST1700,Beauty,592.61,27.3,6.0,3.0,No,21-30,5-6 Days,False
ORD104575,CUST1776,Beauty,2466.86,30.3,6.0,2.7,No,31-40,5-6 Days,False
ORD104576,CUST1330,Fashion,3029.28,45.6,4.0,2.8,Yes,41+,3-4 Days,False
ORD104577,CUST1243,Fashion,5884.53,21.7,3.0,3.0,No,21-30,3-4 Days,False
ORD104578,CUST1165,Electronics,45855.18,18.9,8.0,4.6,No,11-20,7-8 Days,True
ORD104579,CUST1959,Sports,1427.21,33.0,7.0,4.2,No,31-40,7-8 Days,False
ORD104580,CUST1480,Home & Kitchen,6151.18,0.0,5.0,4.7,No,0-10,5-6 Days,False
ORD104581,CUST1283,Sports,4621.94,21.4,5.0,3.0,No,21-30,5-6 Days,False
ORD104582,CUST1095,Fashion,4607.09,23.0,5.0,2.2,No,21-30,5-6 Days,False
ORD104583,CUST1131,Beauty,1123.74,11.2,4.0,4.3,No,11-20,3-4 Days,False
ORD104584,CUST1935,Beauty,1063.46,40.9,6.0,3.7,No,41+,5-6 Days,False
ORD104585,CUST1774,Home & Kitchen,23639.69,9.1,6.0,3.2,No,0-10,5-6 Days,False
ORD104586,CUST1209,Sports,12200.1,23.0,1.0,4.6,No,21-30,0-2 Days,False
ORD104587,CUST1522,Fashion,1854.91,29.4,7.0,4.8,Yes,21-30,7-8 Days,False
ORD104588,CUST1981,Electronics,27361.23,45.3,6.0,5.0,No,41+,5-6 Days,False
ORD104589,CUST1925,Home & Kitchen,9406.05,24.8,10.0,3.0,Yes,21-30,9+ Days,False
ORD104590,CUST1541,Beauty,4808.72,39.0,5.0,4.8,No,31-40,5-6 Days,False
ORD104591,CUST1660,Home & Kitchen,13147.15,35.5,9.0,4.1,Yes,31-40,9+ Days,False
ORD104592,CUST1847,Electronics,12031.74,26.9,8.0,3.3,No,21-30,7-8 Days,False
ORD104593,CUST1578,Home & Kitchen,18683.61,8.7,5.0,3.8,No,0-10,5-6 Days,False
ORD104594,CUST1481,Fashion,3476.66,3.5,7.0,3.1,No,0-10,7-8 Days,False
ORD104595,CUST1524,Fashion,2471.93,26.6,10.0,3.3,No,21-30,9+ Days,False
ORD104596,CUST1525,Home & Kitchen,9887.07,16.9,8.0,4.5,No,11-20,7-8 Days,False
ORD104597,CUST1364,Beauty,3137.21,38.8,2.0,3.3,No,31-40,0-2 Days,False
ORD104598,CUST1423,Fashion,3073.37,36.2,8.0,4.1,No,31-40,7-8 Days,False
ORD104599,CUST1935,Fashion,2314.29,22.2,10.0,3.4,No,21-30,9+ Days,False
ORD104600,CUST1614,Fashion,3488.77,7.6,5.0,3.9,No,0-10,5-6 Days,False
ORD104601,CUST1685,Electronics,6054.51,32.7,6.0,4.0,No,31-40,5-6 Days,False
ORD104602,CUST1213,Beauty,4703.24,9.7,3.0,3.0,No,0-10,3-4 Days,False
ORD104603,CUST1169,Sports,3144.51,13.6,6.0,4.0,No,11-20,5-6 Days,False
ORD104604,CUST1208,Fashion,829.28,10.3,3.0,3.4,No,11-20,3-4 Days,False
ORD104605,CUST1994,Beauty,4026.08,22.9,1.0,3.0,Yes,21-30,0-2 Days,False
ORD104606,CUST1859,Sports,11767.29,42.6,5.0,2.9,No,41+,5-6 Days,False
ORD104607,CUST1427,Beauty,4938.83,24.9,6.0,2.9,No,21-30,5-6 Days,False
ORD104608,CUST1574,Electronics,32143.01,18.4,6.0,3.3,No,11-20,5-6 Days,False
ORD104609,CUST1899,Sports,3636.77,2.1,6.0,4.3,Yes,0-10,5-6 Days,False
ORD104610,CUST1521,Fashion,6029.21,33.3,6.0,2.7,No,31-40,5-6 Days,False
ORD104611,CUST1940,Fashion,5747.85,13.3,7.0,3.9,No,11-20,7-8 Days,False
ORD104612,CUST1637,Electronics,18544.89,26.8,9.0,4.1,No,21-30,9+ Days,False
ORD104613,CUST1674,Fashion,7275.56,19.7,7.0,4.6,Yes,11-20,7-8 Days,False
ORD104614,CUST1019,Electronics,10740.43,37.6,3.0,3.4,No,31-40,3-4 Days,False
ORD104615,CUST1486,Fashion,7870.16,22.6,6.0,3.9,No,21-30,5-6 Days,False
ORD104616,CUST1858,Fashion,6951.86,24.1,2.0,2.9,No,21-30,0-2 Days,False
ORD104617,CUST1087,Beauty,4221.02,32.3,4.0,2.8,Yes,31-40,3-4 Days,False
ORD104618,CUST1530,Sports,14124.12,56.6,11.0,4.1,No,41+,9+ Days,False
ORD104619,CUST1237,Fashion,5917.33,38.3,4.0,5.0,Yes,31-40,3-4 Days,False
ORD104620,CUST1174,Sports,3423.54,23.7,7.0,4.3,Yes,21-30,7-8 Days,False
ORD104621,CUST1104,Sports,7022.83,25.0,4.0,2.8,No,21-30,3-4 Days,False
ORD104622,CUST1937,Beauty,707.57,17.1,4.0,2.9,No,11-20,3-4 Days,False
ORD104623,CUST1237,Electronics,26431.16,10.8,7.0,4.3,No,11-20,7-8 Days,False
ORD104624,CUST1638,Home & Kitchen,18746.79,16.7,6.0,4.4,No,11-20,5-6 Days,False
ORD104625,CUST1561,Sports,6226.14,13.4,6.0,3.8,No,11-20,5-6 Days,False
ORD104626,CUST1102,Home & Kitchen,8793.12,34.8,4.0,3.6,No,31-40,3-4 Days,False
ORD104627,CUST1948,Fashion,4965.17,8.9,5.0,4.2,No,0-10,5-6 Days,False
ORD104628,CUST1586,Home & Kitchen,21907.35,45.0,5.0,3.0,No,41+,5-6 Days,False
ORD104629,CUST1171,Home & Kitchen,1951.51,36.3,8.0,4.6,No,31-40,7-8 Days,False
ORD104630,CUST1138,Home & Kitchen,10128.38,25.3,4.0,4.1,Yes,21-30,3-4 Days,False
ORD104631,CUST1597,Electronics,13703.24,25.0,3.0,3.2,No,21-30,3-4 Days,False
ORD104632,CUST1678,Fashion,5715.16,16.6,5.0,3.7,No,11-20,5-6 Days,False
ORD104633,CUST1038,Beauty,902.63,29.1,5.0,5.0,No,21-30,5-6 Days,False
ORD104634,CUST1943,Sports,10206.75,41.3,5.0,3.6,No,41+,5-6 Days,False
ORD104635,CUST1391,Electronics,20739.95,14.5,3.0,4.3,Yes,11-20,3-4 Days,False
ORD104636,CUST1761,Sports,3544.51,2.0,7.0,4.5,No,0-10,7-8 Days,False
ORD104637,CUST1780,Fashion,7522.64,35.5,8.0,4.0,No,31-40,7-8 Days,False
ORD104638,CUST1820,Home & Kitchen,1248.29,29.9,8.0,3.5,No,21-30,7-8 Days,False
ORD104639,CUST1617,Beauty,2795.33,8.2,5.0,3.2,Yes,0-10,5-6 Days,False
ORD104640,CUST1417,Beauty,423.27,14.0,5.0,3.7,No,11-20,5-6 Days,False
ORD104641,CUST1985,Sports,7615.38,12.1,5.0,3.7,Yes,11-20,5-6 Days,False
ORD104642,CUST1860,Fashion,4257.86,14.1,6.0,4.8,No,11-20,5-6 Days,False
ORD104643,CUST1024,Sports,5299.77,20.1,8.0,5.0,No,21-30,7-8 Days,False
ORD104644,CUST1432,Electronics,12268.9,21.0,7.0,5.0,No,21-30,7-8 Days,False
ORD104645,CUST1287,Beauty,2445.41,15.2,4.0,3.5,No,11-20,3-4 Days,False
ORD104646,CUST1082,Beauty,4131.9,13.6,9.0,4.6,No,11-20,9+ Days,False
ORD104647,CUST1255,Home & Kitchen,19733.98,21.6,5.0,4.0,No,21-30,5-6 Days,False
ORD104648,CUST1535,Fashion,4480.63,27.5,5.0,2.9,No,21-30,5-6 Days,False
ORD104649,CUST1327,Sports,9134.63,20.3,2.0,2.6,No,21-30,0-2 Days,False
ORD104650,CUST1498,Electronics,16033.9,42.4,4.0,3.5,Yes,41+,3-4 Days,False
ORD104651,CUST1584,Electronics,20803.17,32.6,6.0,3.7,No,31-40,5-6 Days,False
ORD104652,CUST1630,Beauty,1222.8,1.1,7.0,3.1,Yes,0-10,7-8 Days,False
ORD104653,CUST1399,Fashion,2369.72,32.9,8.0,4.8,No,31-40,7-8 Days,False
ORD104654,CUST1550,Beauty,1581.85,34.1,6.0,5.0,No,31-40,5-6 Days,False
ORD104655,CUST1156,Fashion,4395.87,18.5,9.0,3.7,Yes,11-20,9+ Days,False
ORD104656,CUST1859,Electronics,35947.88,2.6,4.0,5.0,No,0-10,3-4 Days,True
ORD104657,CUST1127,Beauty,5686.2,25.1,6.0,4.1,No,21-30,5-6 Days,False
ORD104658,CUST1277,Home & Kitchen,6865.2,24.9,3.0,2.2,No,21-30,3-4 Days,False
ORD104659,CUST1027,Electronics,40292.16,8.2,6.0,2.2,No,0-10,5-6 Days,True
ORD104660,CUST1943,Beauty,4958.38,3.2,3.0,4.1,No,0-10,3-4 Days,False
ORD104661,CUST1568,Home & Kitchen,14357.84,23.7,7.0,3.7,Yes,21-30,7-8 Days,False
ORD104662,CUST1637,Home & Kitchen,6971.09,21.5,8.0,3.1,No,21-30,7-8 Days,False
ORD104663,CUST1874,Fashion,2469.13,18.7,4.0,4.1,Yes,11-20,3-4 Days,False
ORD104664,CUST1910,Beauty,523.74,23.7,5.0,5.0,No,21-30,5-6 Days,False
ORD104665,CUST1021,Beauty,2041.03,8.5,6.0,3.9,No,0-10,5-6 Days,False
ORD104666,CUST1526,Beauty,4544.24,18.5,7.0,3.5,No,11-20,7-8 Days,False
ORD104667,CUST1241,Electronics,7613.48,33.0,7.0,3.2,No,31-40,7-8 Days,False
ORD104668,CUST1107,Beauty,1549.98,19.8,6.0,2.9,No,11-20,5-6 Days,False
ORD104669,CUST1582,Home & Kitchen,17890.83,0.0,5.0,4.5,Yes,0-10,5-6 Days,False
ORD104670,CUST1716,Home & Kitchen,19740.17,17.9,8.0,3.5,No,11-20,7-8 Days,False
ORD104671,CUST1540,Fashion,3914.89,8.9,7.0,3.7,No,0-10,7-8 Days,False
ORD104672,CUST1881,Sports,10682.46,29.0,5.0,3.5,No,21-30,5-6 Days,False
ORD104673,CUST1221,Beauty,2511.33,29.8,6.0,5.0,No,21-30,5-6 Days,False
ORD104674,CUST1933,Electronics,13795.23,0.1,8.0,2.7,No,0-10,7-8 Days,False
ORD104675,CUST1614,Fashion,3486.12,36.4,4.0,4.3,Yes,31-40,3-4 Days,False
ORD104676,CUST1067,Sports,8993.54,8.3,5.0,4.5,No,0-10,5-6 Days,False
ORD104677,CUST1636,Electronics,57142.93,48.4,4.0,3.2,Yes,41+,3-4 Days,True
ORD104678,CUST1801,Sports,1683.14,24.3,7.0,4.3,No,21-30,7-8 Days,False
ORD104679,CUST1242,Home & Kitchen,13078.94,6.3,9.0,3.7,No,0-10,9+ Days,False
ORD104680,CUST1524,Home & Kitchen,8759.86,7.9,3.0,4.5,Yes,0-10,3-4 Days,False
ORD104681,CUST1396,Fashion,4312.34,30.2,9.0,3.0,No,31-40,9+ Days,False
ORD104682,CUST1203,Fashion,679.82,19.1,2.0,4.0,No,11-20,0-2 Days,False
ORD104683,CUST1220,Sports,5176.26,23.6,8.0,3.9,No,21-30,7-8 Days,False
ORD104684,CUST1691,Fashion,6649.01,49.2,10.0,4.2,No,41+,9+ Days,False
ORD104685,CUST1419,Beauty,3457.47,14.5,9.0,1.9,No,11-20,9+ Days,False
ORD104686,CUST1226,Fashion,3879.37,25.9,4.0,3.2,No,21-30,3-4 Days,False
ORD104687,CUST1214,Electronics,20703.88,46.3,4.0,4.3,No,41+,3-4 Days,False
ORD104688,CUST1359,Electronics,21392.34,29.1,6.0,5.0,No,21-30,5-6 Days,False
ORD104689,CUST1501,Home & Kitchen,10071.05,0.9,9.0,4.6,Yes,0-10,9+ Days,False
ORD104690,CUST1471,Sports,12648.66,32.6,7.0,4.1,No,31-40,7-8 Days,False
ORD104691,CUST1780,Fashion,7754.1,7.6,6.0,3.1,No,0-10,5-6 Days,False
ORD104692,CUST1019,Fashion,3789.92,46.1,15.0,4.0,No,41+,9+ Days,False
ORD104693,CUST1351,Fashion,3450.15,12.7,6.0,4.3,No,11-20,5-6 Days,False
ORD104694,CUST1315,Home & Kitchen,21286.53,69.5,3.0,5.0,No,41+,3-4 Days,False
ORD104695,CUST1885,Fashion,3701.79,47.0,9.0,3.1,No,41+,9+ Days,False
ORD104696,CUST1781,Sports,8593.86,13.1,5.0,3.5,No,11-20,5-6 Days,False
ORD104697,CUST1787,Home & Kitchen,6388.79,25.3,5.0,5.0,Yes,21-30,5-6 Days,False
ORD104698,CUST1676,Home & Kitchen,18792.76,36.3,5.0,3.6,No,31-40,5-6 Days,False
ORD104699,CUST1214,Electronics,34259.36,36.8,7.0,4.2,No,31-40,7-8 Days,True
ORD104700,CUST1492,Sports,12269.19,31.6,4.0,3.0,No,31-40,3-4 Days,False
ORD104701,CUST1222,Fashion,6355.5,43.8,7.0,3.5,No,41+,7-8 Days,False
ORD104702,CUST1900,Electronics,16825.26,23.2,4.0,4.1,No,21-30,3-4 Days,False
ORD104703,CUST1269,Home & Kitchen,18118.38,19.5,7.0,3.5,Yes,11-20,7-8 Days,False
ORD104704,CUST1084,Home & Kitchen,20161.32,19.8,4.0,3.9,No,11-20,3-4 Days,False
ORD104705,CUST1743,Fashion,3095.8,37.9,7.0,4.0,No,31-40,7-8 Days,False
ORD104706,CUST1902,Fashion,1794.57,30.5,5.0,3.9,No,31-40,5-6 Days,False
ORD104707,CUST1044,Beauty,315.0,29.4,8.0,3.2,No,21-30,7-8 Days,False
ORD104708,CUST1588,Electronics,29799.7,36.9,6.0,4.5,No,31-40,5-6 Days,False
ORD104709,CUST1976,Beauty,2308.87,0.0,11.0,3.9,No,0-10,9+ Days,False
ORD104710,CUST1877,Home & Kitchen,14228.82,29.7,8.0,3.3,No,21-30,7-8 Days,False
ORD104711,CUST1849,Fashion,1910.31,28.3,3.0,3.2,No,21-30,3-4 Days,False
ORD104712,CUST1904,Fashion,6947.49,50.0,6.0,3.0,No,41+,5-6 Days,False
ORD104713,CUST1161,Fashion,2433.16,2.1,7.0,4.8,No,0-10,7-8 Days,False
ORD104714,CUST1748,Beauty,1590.65,48.4,5.0,3.2,No,41+,5-6 Days,False
ORD104715,CUST1377,Home & Kitchen,12433.28,26.1,6.0,3.1,No,21-30,5-6 Days,False
ORD104716,CUST1308,Fashion,4241.38,32.3,7.0,3.0,No,31-40,7-8 Days,False
ORD104717,CUST1871,Home & Kitchen,6005.06,50.1,9.0,2.2,No,41+,9+ Days,False
ORD104718,CUST1117,Sports,4587.61,33.4,8.0,5.0,Yes,31-40,7-8 Days,False
ORD104719,CUST1972,Fashion,1772.79,31.0,5.0,3.9,Yes,31-40,5-6 Days,False
ORD104720,CUST1602,Sports,10973.98,28.6,7.0,3.1,No,21-30,7-8 Days,False
ORD104721,CUST1339,Fashion,6275.67,17.7,5.0,3.5,No,11-20,5-6 Days,False
ORD104722,CUST1781,Electronics,30428.07,24.6,6.0,2.8,No,21-30,5-6 Days,False
ORD104723,CUST1888,Electronics,44274.79,14.3,11.0,3.9,Yes,11-20,9+ Days,True
ORD104724,CUST1766,Fashion,6019.52,24.3,4.0,3.7,No,21-30,3-4 Days,False
ORD104725,CUST1650,Electronics,12605.15,0.0,4.0,4.7,No,0-10,3-4 Days,False
ORD104726,CUST1930,Electronics,58139.79,31.4,7.0,3.2,Yes,31-40,7-8 Days,True
ORD104727,CUST1607,Sports,12440.76,23.2,5.0,4.1,No,21-30,5-6 Days,False
ORD104728,CUST1667,Beauty,1465.56,20.0,7.0,3.8,No,11-20,7-8 Days,False
ORD104729,CUST1954,Beauty,1361.14,28.3,7.0,3.1,No,21-30,7-8 Days,False
ORD104730,CUST1707,Electronics,11911.36,3.5,9.0,4.1,No,0-10,9+ Days,False
ORD104731,CUST1940,Electronics,12610.82,53.9,8.0,3.7,No,41+,7-8 Days,False
ORD104732,CUST1325,Electronics,46148.9,23.5,4.0,4.6,No,21-30,3-4 Days,True
ORD104733,CUST1005,Beauty,2977.03,22.8,6.0,4.1,No,21-30,5-6 Days,False
ORD104734,CUST1421,Sports,11895.96,10.5,4.0,3.4,No,11-20,3-4 Days,False
ORD104735,CUST1071,Fashion,6096.91,25.4,8.0,4.5,No,21-30,7-8 Days,False
ORD104736,CUST1104,Electronics,38253.7,45.8,4.0,4.0,No,41+,3-4 Days,True
ORD104737,CUST1056,Home & Kitchen,17410.07,40.5,5.0,3.4,No,41+,5-6 Days,False
ORD104738,CUST1307,Fashion,637.67,37.8,7.0,4.6,Yes,31-40,7-8 Days,False
ORD104739,CUST1824,Fashion,2838.33,33.2,7.0,4.5,No,31-40,7-8 Days,False
ORD104740,CUST1496,Home & Kitchen,16235.3,19.6,9.0,3.1,Yes,11-20,9+ Days,False
ORD104741,CUST1170,Beauty,353.27,3.2,8.0,3.2,No,0-10,7-8 Days,False
ORD104742,CUST1141,Electronics,6813.73,22.0,5.0,3.9,No,21-30,5-6 Days,False
ORD104743,CUST1034,Electronics,51853.84,21.5,5.0,3.5,Yes,21-30,5-6 Days,True
ORD104744,CUST1356,Sports,10481.56,40.7,5.0,3.5,No,41+,5-6 Days,False
ORD104745,CUST1418,Fashion,2490.27,29.6,7.0,3.2,No,21-30,7-8 Days,False
ORD104746,CUST1053,Electronics,42837.96,49.2,8.0,3.9,No,41+,7-8 Days,True
ORD104747,CUST1003,Electronics,48585.12,43.0,9.0,4.0,No,41+,9+ Days,True
ORD104748,CUST1330,Electronics,21873.69,18.2,4.0,2.7,No,11-20,3-4 Days,False
ORD104749,CUST1762,Fashion,770.28,0.0,5.0,3.5,Yes,0-10,5-6 Days,False
ORD104750,CUST1619,Beauty,5616.84,45.8,2.0,3.3,No,41+,0-2 Days,False
ORD104751,CUST1611,Fashion,3088.85,45.4,6.0,4.0,No,41+,5-6 Days,False
ORD104752,CUST1805,Fashion,1298.61,4.5,6.0,4.3,No,0-10,5-6 Days,False
ORD104753,CUST1692,Home & Kitchen,12702.94,47.6,6.0,4.4,Yes,41+,5-6 Days,False
ORD104754,CUST1646,Home & Kitchen,19396.92,30.7,2.0,3.5,No,31-40,0-2 Days,False
ORD104755,CUST1149,Sports,3869.56,27.4,8.0,4.2,No,21-30,7-8 Days,False
ORD104756,CUST1506,Sports,4553.71,49.2,4.0,2.6,No,41+,3-4 Days,False
ORD104757,CUST1301,Electronics,18349.32,45.2,7.0,4.9,Yes,41+,7-8 Days,False
ORD104758,CUST1133,Beauty,5952.54,34.8,5.0,3.2,Yes,31-40,5-6 Days,False
ORD104759,CUST1259,Fashion,1980.53,32.1,4.0,2.7,No,31-40,3-4 Days,False
ORD104760,CUST1276,Sports,8929.94,34.2,10.0,3.2,Yes,31-40,9+ Days,False
ORD104761,CUST1990,Fashion,7439.48,19.0,5.0,5.0,No,11-20,5-6 Days,False
ORD104762,CUST1716,Sports,2800.62,24.2,9.0,4.3,No,21-30,9+ Days,False
ORD104763,CUST1061,Beauty,5833.87,11.5,7.0,5.0,No,11-20,7-8 Days,False
ORD104764,CUST1931,Fashion,7606.08,20.0,3.0,4.0,No,11-20,3-4 Days,False
ORD104765,CUST1672,Home & Kitchen,22206.64,19.5,10.0,4.9,Yes,11-20,9+ Days,False
ORD104766,CUST1147,Sports,3768.16,15.5,5.0,3.5,No,11-20,5-6 Days,False
ORD104767,CUST1655,Sports,9766.99,27.1,7.0,2.8,No,21-30,7-8 Days,False
ORD104768,CUST1842,Electronics,46849.03,20.1,9.0,4.1,No,21-30,9+ Days,True
ORD104769,CUST1825,Beauty,5920.36,32.5,10.0,3.9,No,31-40,9+ Days,False
ORD104770,CUST1666,Fashion,1853.18,0.7,6.0,4.2,No,0-10,5-6 Days,False
ORD104771,CUST1838,Electronics,47131.42,23.3,8.0,4.5,No,21-30,7-8 Days,True
ORD104772,CUST1496,Fashion,3041.01,27.0,7.0,4.1,Yes,21-30,7-8 Days,False
ORD104773,CUST1623,Fashion,1817.2,20.3,6.0,3.7,No,21-30,5-6 Days,False
ORD104774,CUST1602,Beauty,2701.85,22.4,7.0,3.8,Yes,21-30,7-8 Days,False
ORD104775,CUST1898,Fashion,6453.77,1.2,7.0,4.2,Yes,0-10,7-8 Days,False
ORD104776,CUST1561,Beauty,2949.64,30.3,7.0,2.6,No,31-40,7-8 Days,False
ORD104777,CUST1944,Electronics,34563.77,34.7,7.0,3.2,No,31-40,7-8 Days,True
ORD104778,CUST1416,Fashion,7963.7,32.4,6.0,5.0,No,31-40,5-6 Days,False
ORD104779,CUST1131,Fashion,3493.32,40.6,7.0,3.4,No,41+,7-8 Days,False
ORD104780,CUST1723,Fashion,5115.51,28.0,4.0,4.3,No,21-30,3-4 Days,False
ORD104781,CUST1228,Electronics,25088.43,32.2,3.0,3.5,No,31-40,3-4 Days,False
ORD104782,CUST1916,Electronics,26603.21,27.3,12.0,3.6,No,21-30,9+ Days,False
ORD104783,CUST1765,Home & Kitchen,17634.51,35.3,9.0,2.1,Yes,31-40,9+ Days,False
ORD104784,CUST1094,Fashion,7534.15,1.3,9.0,4.3,No,0-10,9+ Days,False
ORD104785,CUST1677,Fashion,4567.69,11.6,2.0,3.4,No,11-20,0-2 Days,False
ORD104786,CUST1621,Fashion,6263.0,48.8,8.0,2.2,No,41+,7-8 Days,False
ORD104787,CUST1916,Sports,1975.65,0.0,7.0,2.7,No,0-10,7-8 Days,False
ORD104788,CUST1572,Sports,3719.56,22.9,4.0,3.9,No,21-30,3-4 Days,False
ORD104789,CUST1098,Fashion,4265.99,42.6,10.0,3.3,Yes,41+,9+ Days,False
ORD104790,CUST1187,Fashion,650.09,23.6,8.0,3.1,Yes,21-30,7-8 Days,False
ORD104791,CUST1748,Electronics,18907.02,18.9,6.0,3.5,Yes,11-20,5-6 Days,False
ORD104792,CUST1593,Sports,8098.84,26.9,5.0,3.8,No,21-30,5-6 Days,False
ORD104793,CUST1554,Electronics,5822.87,19.7,7.0,2.5,No,11-20,7-8 Days,False
ORD104794,CUST1663,Fashion,2484.1,25.5,7.0,4.3,Yes,21-30,7-8 Days,False
ORD104795,CUST1425,Fashion,4355.23,14.7,2.0,4.2,No,11-20,0-2 Days,False
ORD104796,CUST1585,Fashion,4798.62,41.6,8.0,4.2,Yes,41+,7-8 Days,False
ORD104797,CUST1539,Electronics,55916.34,46.3,5.0,4.3,No,41+,5-6 Days,True
ORD104798,CUST1593,Beauty,3978.47,23.0,5.0,4.2,No,21-30,5-6 Days,False
ORD104799,CUST1745,Electronics,27810.47,4.2,7.0,5.0,No,0-10,7-8 Days,False
ORD104800,CUST1174,Home & Kitchen,23314.5,17.1,3.0,4.3,No,11-20,3-4 Days,False
ORD104801,CUST1785,Electronics,48168.56,22.2,6.0,3.8,No,21-30,5-6 Days,True
ORD104802,CUST1625,Electronics,16000.49,32.6,3.0,5.0,No,31-40,3-4 Days,False
ORD104803,CUST1898,Sports,2571.05,9.9,6.0,4.2,Yes,0-10,5-6 Days,False
ORD104804,CUST1762,Electronics,42169.64,13.5,6.0,4.3,Yes,11-20,5-6 Days,True
ORD104805,CUST1763,Beauty,3491.33,32.7,2.0,3.4,No,31-40,0-2 Days,False
ORD104806,CUST1527,Home & Kitchen,19910.1,39.1,8.0,3.8,Yes,31-40,7-8 Days,False
ORD104807,CUST1971,Electronics,45634.28,15.7,4.0,2.9,No,11-20,3-4 Days,True
ORD104808,CUST1886,Sports,9640.52,5.0,5.0,2.6,No,0-10,5-6 Days,False
ORD104809,CUST1953,Fashion,7897.87,70.0,3.0,2.4,Yes,41+,3-4 Days,False
ORD104810,CUST1485,Sports,8330.33,36.7,6.0,3.6,No,31-40,5-6 Days,False
ORD104811,CUST1169,Electronics,11220.82,21.0,5.0,4.9,No,21-30,5-6 Days,False
ORD104812,CUST1585,Sports,12544.31,38.0,7.0,4.1,No,31-40,7-8 Days,False
ORD104813,CUST1782,Electronics,18851.93,23.1,3.0,4.5,No,21-30,3-4 Days,False
ORD104814,CUST1776,Home & Kitchen,19610.71,38.0,3.0,3.1,No,31-40,3-4 Days,False
ORD104815,CUST1844,Beauty,5755.51,27.4,8.0,4.0,No,21-30,7-8 Days,False
ORD104816,CUST1903,Sports,10664.18,26.4,3.0,5.0,No,21-30,3-4 Days,False
ORD104817,CUST1579,Sports,9223.23,23.3,8.0,4.4,No,21-30,7-8 Days,False
ORD104818,CUST1922,Beauty,2924.2,3.3,3.0,3.5,Yes,0-10,3-4 Days,False
ORD104819,CUST1771,Sports,5911.06,54.1,8.0,2.4,No,41+,7-8 Days,False
ORD104820,CUST1430,Electronics,24415.26,10.9,8.0,2.7,No,11-20,7-8 Days,False
ORD104821,CUST1132,Fashion,5272.8,4.6,7.0,4.3,No,0-10,7-8 Days,False
ORD104822,CUST1953,Fashion,6134.55,21.8,8.0,4.0,Yes,21-30,7-8 Days,False
ORD104823,CUST1124,Fashion,5588.88,10.6,8.0,5.0,No,11-20,7-8 Days,False
ORD104824,CUST1736,Fashion,1988.08,24.2,5.0,3.9,No,21-30,5-6 Days,False
ORD104825,CUST1174,Home & Kitchen,12754.49,35.3,5.0,2.6,No,31-40,5-6 Days,False
ORD104826,CUST1782,Electronics,48540.2,39.9,3.0,3.6,No,31-40,3-4 Days,True
ORD104827,CUST1387,Home & Kitchen,12312.04,37.2,4.0,3.8,No,31-40,3-4 Days,False
ORD104828,CUST1141,Electronics,34514.28,20.4,5.0,3.5,No,21-30,5-6 Days,True
ORD104829,CUST1648,Fashion,6283.52,25.7,6.0,3.8,Yes,21-30,5-6 Days,False
ORD104830,CUST1440,Home & Kitchen,16802.62,31.1,4.0,4.1,Yes,31-40,3-4 Days,False
ORD104831,CUST1742,Beauty,2633.27,0.0,5.0,2.2,No,0-10,5-6 Days,False
ORD104832,CUST1898,Beauty,5403.85,33.6,3.0,3.3,No,31-40,3-4 Days,False
ORD104833,CUST1614,Home & Kitchen,4734.12,3.1,7.0,4.8,No,0-10,7-8 Days,False
ORD104834,CUST1372,Electronics,59753.4,55.6,5.0,5.0,No,41+,5-6 Days,True
ORD104835,CUST1814,Home & Kitchen,3676.23,18.9,4.0,2.8,No,11-20,3-4 Days,False
ORD104836,CUST1287,Electronics,5822.25,22.2,8.0,2.8,No,21-30,7-8 Days,False
ORD104837,CUST1999,Fashion,7175.14,13.5,6.0,4.4,No,11-20,5-6 Days,False
ORD104838,CUST1091,Fashion,2337.15,15.6,10.0,5.0,Yes,11-20,9+ Days,False
ORD104839,CUST1209,Electronics,45133.48,59.1,8.0,4.0,No,41+,7-8 Days,True
ORD104840,CUST1547,Fashion,6582.62,39.1,4.0,3.9,No,31-40,3-4 Days,False
ORD104841,CUST1574,Sports,12983.51,1.8,5.0,3.2,No,0-10,5-6 Days,False
ORD104842,CUST1942,Sports,14879.8,47.6,9.0,4.6,Yes,41+,9+ Days,False
ORD104843,CUST1152,Fashion,2705.3,42.9,8.0,3.6,No,41+,7-8 Days,False
ORD104844,CUST1577,Electronics,44063.38,20.8,6.0,5.0,No,21-30,5-6 Days,True
ORD104845,CUST1221,Electronics,11346.99,29.6,4.0,4.1,Yes,21-30,3-4 Days,False
ORD104846,CUST1858,Fashion,3551.07,24.8,7.0,4.0,No,21-30,7-8 Days,False
ORD104847,CUST1300,Sports,12826.0,54.6,3.0,3.1,No,41+,3-4 Days,False
ORD104848,CUST1355,Electronics,25221.19,13.1,12.0,3.2,No,11-20,9+ Days,False
ORD104849,CUST1563,Beauty,3669.24,27.2,5.0,3.3,No,21-30,5-6 Days,False
ORD104850,CUST1620,Electronics,32707.54,18.6,8.0,3.7,No,11-20,7-8 Days,False
ORD104851,CUST1856,Sports,9937.11,3.5,8.0,4.7,No,0-10,7-8 Days,False
ORD104852,CUST1686,Fashion,7796.71,57.9,7.0,4.5,No,41+,7-8 Days,False
ORD104853,CUST1801,Beauty,617.69,7.3,8.0,3.4,No,0-10,7-8 Days,False
ORD104854,CUST1192,Fashion,4804.71,28.3,5.0,2.1,Yes,21-30,5-6 Days,False
ORD104855,CUST1410,Home & Kitchen,21685.3,0.0,3.0,3.2,Yes,0-10,3-4 Days,False
ORD104856,CUST1357,Electronics,31476.05,19.0,9.0,3.9,No,11-20,9+ Days,False
ORD104857,CUST1679,Electronics,9319.0,31.3,6.0,4.0,Yes,31-40,5-6 Days,False
ORD104858,CUST1244,Sports,8715.71,12.6,6.0,5.0,No,11-20,5-6 Days,False
ORD104859,CUST1767,Sports,5448.66,33.8,4.0,4.9,Yes,31-40,3-4 Days,False
ORD104860,CUST1058,Sports,2915.67,21.0,5.0,4.4,Yes,21-30,5-6 Days,False
ORD104861,CUST1883,Home & Kitchen,21346.64,42.4,3.0,3.3,No,41+,3-4 Days,False
ORD104862,CUST1026,Beauty,3273.12,45.4,8.0,4.0,No,41+,7-8 Days,False
ORD104863,CUST1486,Electronics,56330.2,16.2,7.0,4.2,No,11-20,7-8 Days,True
ORD104864,CUST1117,Fashion,6545.12,26.2,2.0,4.9,No,21-30,0-2 Days,False
ORD104865,CUST1242,Fashion,5697.29,27.8,5.0,3.0,No,21-30,5-6 Days,False
ORD104866,CUST1230,Home & Kitchen,921.62,34.3,7.0,4.5,No,31-40,7-8 Days,False
ORD104867,CUST1843,Fashion,3708.68,25.2,8.0,4.3,No,21-30,7-8 Days,False
ORD104868,CUST1765,Electronics,15861.75,27.9,7.0,3.4,No,21-30,7-8 Days,False
ORD104869,CUST1093,Home & Kitchen,22841.31,21.3,5.0,4.8,Yes,21-30,5-6 Days,False
ORD104870,CUST1221,Beauty,6865.2,26.7,5.0,2.3,No,21-30,5-6 Days,False
ORD104871,CUST1707,Fashion,2645.45,44.5,11.0,5.0,No,41+,9+ Days,False
ORD104872,CUST1713,Electronics,33426.02,34.7,6.0,4.9,No,31-40,5-6 Days,False
ORD104873,CUST1227,Electronics,19485.0,35.5,9.0,3.6,No,31-40,9+ Days,False
ORD104874,CUST1569,Fashion,2073.99,35.8,9.0,3.5,No,31-40,9+ Days,False
ORD104875,CUST1582,Fashion,4993.24,22.7,4.0,3.8,No,21-30,3-4 Days,False
ORD104876,CUST1760,Home & Kitchen,2952.09,29.8,7.0,3.2,No,21-30,7-8 Days,False
ORD104877,CUST1585,Home & Kitchen,2207.66,8.7,8.0,3.6,No,0-10,7-8 Days,False
ORD104878,CUST1767,Home & Kitchen,9808.34,44.0,7.0,4.5,No,41+,7-8 Days,False
ORD104879,CUST1776,Fashion,5904.98,0.0,6.0,3.2,Yes,0-10,5-6 Days,False
ORD104880,CUST1603,Beauty,3462.4,23.7,7.0,4.6,No,21-30,7-8 Days,False
ORD104881,CUST1126,Electronics,28258.21,42.1,3.0,3.6,Yes,41+,3-4 Days,False
ORD104882,CUST1290,Fashion,4743.14,4.5,5.0,4.7,No,0-10,5-6 Days,False
ORD104883,CUST1499,Beauty,2383.07,31.0,5.0,4.9,No,31-40,5-6 Days,False
ORD104884,CUST1472,Electronics,56488.05,14.8,3.0,3.0,No,11-20,3-4 Days,True
ORD104885,CUST1752,Electronics,8019.77,19.5,4.0,2.1,No,11-20,3-4 Days,False
ORD104886,CUST1837,Sports,10329.5,39.2,6.0,3.9,No,31-40,5-6 Days,False
ORD104887,CUST1522,Fashion,7184.62,28.0,6.0,4.0,No,21-30,5-6 Days,False
ORD104888,CUST1724,Home & Kitchen,20254.01,0.0,6.0,2.8,No,0-10,5-6 Days,False
ORD104889,CUST1022,Electronics,15122.26,10.4,9.0,5.0,No,11-20,9+ Days,False
ORD104890,CUST1908,Home & Kitchen,7961.42,39.6,4.0,3.5,No,31-40,3-4 Days,False
ORD104891,CUST1157,Fashion,5877.86,31.7,4.0,4.3,No,31-40,3-4 Days,False
ORD104892,CUST1671,Electronics,9634.88,51.2,6.0,3.2,Yes,41+,5-6 Days,False
ORD104893,CUST1262,Home & Kitchen,20447.05,50.2,2.0,2.6,No,41+,0-2 Days,False
ORD104894,CUST1110,Fashion,5891.8,19.9,6.0,4.7,No,11-20,5-6 Days,False
ORD104895,CUST1775,Fashion,5972.05,62.5,6.0,3.1,Yes,41+,5-6 Days,False
ORD104896,CUST1501,Electronics,10513.28,25.4,4.0,4.4,No,21-30,3-4 Days,False
ORD104897,CUST1865,Electronics,44476.83,10.6,5.0,3.1,No,11-20,5-6 Days,True
ORD104898,CUST1366,Fashion,5598.64,15.5,6.0,3.6,No,11-20,5-6 Days,False
ORD104899,CUST1975,Electronics,50700.74,0.0,5.0,3.7,Yes,0-10,5-6 Days,True
ORD104900,CUST1013,Sports,1294.82,49.1,9.0,3.8,No,41+,9+ Days,False
ORD104901,CUST1063,Electronics,6271.09,48.9,4.0,3.3,No,41+,3-4 Days,False
ORD104902,CUST1024,Fashion,3297.55,9.8,6.0,4.4,Yes,0-10,5-6 Days,False
ORD104903,CUST1862,Electronics,13183.36,21.6,8.0,4.6,Yes,21-30,7-8 Days,False
ORD104904,CUST1353,Fashion,4687.88,26.4,9.0,4.8,Yes,21-30,9+ Days,False
ORD104905,CUST1340,Sports,13818.09,10.6,6.0,3.4,No,11-20,5-6 Days,False
ORD104906,CUST1019,Electronics,26531.39,0.0,2.0,2.9,Yes,0-10,0-2 Days,False
ORD104907,CUST1851,Sports,12782.79,21.8,5.0,4.0,No,21-30,5-6 Days,False
ORD104908,CUST1742,Electronics,5013.25,20.2,4.0,4.1,No,21-30,3-4 Days,False
ORD104909,CUST1088,Beauty,1260.53,19.2,5.0,4.1,No,11-20,5-6 Days,False
ORD104910,CUST1581,Home & Kitchen,1536.25,28.3,5.0,5.0,No,21-30,5-6 Days,False
ORD104911,CUST1150,Sports,5392.5,46.4,2.0,3.9,No,41+,0-2 Days,False
ORD104912,CUST1828,Home & Kitchen,22778.19,20.5,4.0,5.0,No,21-30,3-4 Days,False
ORD104913,CUST1790,Home & Kitchen,3146.24,27.6,11.0,4.5,No,21-30,9+ Days,False
ORD104914,CUST1092,Electronics,38352.54,35.9,3.0,4.5,No,31-40,3-4 Days,True
ORD104915,CUST1145,Electronics,29832.28,33.3,5.0,3.9,No,31-40,5-6 Days,False
ORD104916,CUST1863,Sports,14120.1,15.8,6.0,3.6,No,11-20,5-6 Days,False
ORD104917,CUST1175,Fashion,1418.89,26.4,9.0,3.3,No,21-30,9+ Days,False
ORD104918,CUST1391,Fashion,2090.21,33.2,5.0,3.9,Yes,31-40,5-6 Days,False
ORD104919,CUST1145,Beauty,468.39,8.1,3.0,4.5,No,0-10,3-4 Days,False
ORD104920,CUST1460,Fashion,3754.51,44.0,3.0,3.6,No,41+,3-4 Days,False
ORD104921,CUST1958,Sports,4673.01,46.5,6.0,3.5,No,41+,5-6 Days,False
ORD104922,CUST1703,Beauty,5258.46,14.2,5.0,3.0,No,11-20,5-6 Days,False
ORD104923,CUST1135,Home & Kitchen,15439.57,27.9,5.0,4.2,Yes,21-30,5-6 Days,False
ORD104924,CUST1541,Sports,9481.5,34.6,8.0,2.9,No,31-40,7-8 Days,False
ORD104925,CUST1237,Electronics,34255.09,16.8,6.0,4.1,No,11-20,5-6 Days,True
ORD104926,CUST1712,Fashion,1188.88,32.2,4.0,4.0,Yes,31-40,3-4 Days,False
ORD104927,CUST1772,Fashion,3837.64,27.4,3.0,3.7,No,21-30,3-4 Days,False
ORD104928,CUST1872,Fashion,7996.29,3.0,5.0,4.8,No,0-10,5-6 Days,False
ORD104929,CUST1630,Beauty,5060.81,31.9,6.0,5.0,No,31-40,5-6 Days,False
ORD104930,CUST1784,Sports,13476.46,8.5,5.0,2.1,No,0-10,5-6 Days,False
ORD104931,CUST1592,Fashion,6674.2,39.1,4.0,2.6,No,31-40,3-4 Days,False
ORD104932,CUST1342,Fashion,1272.81,14.9,6.0,4.3,Yes,11-20,5-6 Days,False
ORD104933,CUST1587,Sports,3952.51,22.6,5.0,5.0,No,21-30,5-6 Days,False
ORD104934,CUST1699,Fashion,523.41,45.6,8.0,2.7,No,41+,7-8 Days,False
ORD104935,CUST1041,Fashion,2776.33,32.4,9.0,4.1,No,31-40,9+ Days,False
ORD104936,CUST1246,Fashion,1314.56,8.8,6.0,2.4,No,0-10,5-6 Days,False
ORD104937,CUST1828,Sports,7460.94,9.8,4.0,2.3,No,0-10,3-4 Days,False
ORD104938,CUST1459,Home & Kitchen,17186.49,16.0,8.0,5.0,No,11-20,7-8 Days,False
ORD104939,CUST1965,Beauty,5284.68,30.9,9.0,4.1,No,31-40,9+ Days,False
ORD104940,CUST1570,Beauty,4570.54,30.4,8.0,2.6,No,31-40,7-8 Days,False
ORD104941,CUST1742,Fashion,7539.39,12.4,7.0,3.6,Yes,11-20,7-8 Days,False
ORD104942,CUST1624,Fashion,904.24,7.5,7.0,3.2,No,0-10,7-8 Days,False
ORD104943,CUST1204,Beauty,369.43,29.2,2.0,3.5,No,21-30,0-2 Days,False
ORD104944,CUST1552,Fashion,5460.04,22.3,4.0,3.5,No,21-30,3-4 Days,False
ORD104945,CUST1473,Beauty,1949.31,57.4,4.0,4.0,Yes,41+,3-4 Days,False
ORD104946,CUST1058,Sports,4325.06,25.5,5.0,4.2,No,21-30,5-6 Days,False
ORD104947,CUST1189,Home & Kitchen,8807.47,52.2,3.0,3.3,No,41+,3-4 Days,False
ORD104948,CUST1685,Beauty,1837.84,7.4,11.0,3.2,No,0-10,9+ Days,False
ORD104949,CUST1589,Beauty,3215.19,1.4,5.0,4.1,No,0-10,5-6 Days,False
ORD104950,CUST1048,Beauty,2808.85,8.2,5.0,3.3,No,0-10,5-6 Days,False
ORD104951,CUST1090,Fashion,4343.21,42.8,8.0,3.3,No,41+,7-8 Days,False
ORD104952,CUST1523,Electronics,41999.25,51.3,4.0,3.9,No,41+,3-4 Days,True
ORD104953,CUST1568,Fashion,3403.48,13.3,5.0,3.8,Yes,11-20,5-6 Days,False
ORD104954,CUST1488,Home & Kitchen,6881.65,18.1,6.0,3.4,No,11-20,5-6 Days,False
ORD104955,CUST1791,Fashion,1746.5,7.5,8.0,4.6,Yes,0-10,7-8 Days,False
ORD104956,CUST1973,Beauty,2292.0,0.0,7.0,4.2,No,0-10,7-8 Days,False
ORD104957,CUST1545,Fashion,6063.55,35.8,5.0,5.0,No,31-40,5-6 Days,False
ORD104958,CUST1180,Home & Kitchen,19112.26,28.3,5.0,3.6,No,21-30,5-6 Days,False
ORD104959,CUST1116,Electronics,41679.8,25.2,7.0,4.4,No,21-30,7-8 Days,True
ORD104960,CUST1028,Beauty,1633.96,4.0,3.0,5.0,Yes,0-10,3-4 Days,False
ORD104961,CUST1115,Home & Kitchen,15031.69,49.6,4.0,3.1,No,41+,3-4 Days,False
ORD104962,CUST1900,Electronics,36387.93,17.4,7.0,3.5,No,11-20,7-8 Days,True
ORD104963,CUST1220,Fashion,4132.0,33.0,3.0,4.8,No,31-40,3-4 Days,False
ORD104964,CUST1738,Beauty,3434.88,3.2,5.0,4.3,No,0-10,5-6 Days,False
ORD104965,CUST1755,Fashion,4188.43,22.1,5.0,3.8,No,21-30,5-6 Days,False
ORD104966,CUST1179,Electronics,36100.1,29.4,7.0,2.7,No,21-30,7-8 Days,True
ORD104967,CUST1394,Sports,10931.74,29.9,6.0,2.8,No,21-30,5-6 Days,False
ORD104968,CUST1820,Beauty,924.88,27.3,5.0,3.4,Yes,21-30,5-6 Days,False
ORD104969,CUST1712,Sports,11419.65,32.4,6.0,3.2,No,31-40,5-6 Days,False
ORD104970,CUST1777,Fashion,1519.15,8.0,10.0,3.2,No,0-10,9+ Days,False
ORD104971,CUST1786,Fashion,999.71,28.0,10.0,2.3,Yes,21-30,9+ Days,False
ORD104972,CUST1706,Sports,14657.94,26.7,9.0,2.7,No,21-30,9+ Days,False
ORD104973,CUST1594,Home & Kitchen,23959.2,28.5,8.0,3.1,No,21-30,7-8 Days,False
ORD104974,CUST1680,Beauty,644.49,26.1,7.0,3.9,No,21-30,7-8 Days,False
ORD104975,CUST1066,Fashion,3824.4,5.9,6.0,3.5,No,0-10,5-6 Days,False
ORD104976,CUST1022,Fashion,1896.84,5.2,4.0,3.8,No,0-10,3-4 Days,False
ORD104977,CUST1336,Electronics,31693.97,0.0,5.0,3.8,Yes,0-10,5-6 Days,False
ORD104978,CUST1101,Electronics,50659.75,37.3,7.0,2.4,No,31-40,7-8 Days,True
ORD104979,CUST1352,Electronics,57283.65,37.4,3.0,4.7,Yes,31-40,3-4 Days,True
ORD104980,CUST1842,Electronics,6865.2,37.7,6.0,4.4,Yes,31-40,5-6 Days,False
ORD104981,CUST1873,Sports,5760.85,29.6,3.0,3.8,Yes,21-30,3-4 Days,False
ORD104982,CUST1930,Fashion,5024.94,0.0,1.0,3.4,No,0-10,0-2 Days,False
ORD104983,CUST1176,Home & Kitchen,8350.43,9.6,10.0,4.9,No,0-10,9+ Days,False
ORD104984,CUST1272,Beauty,5485.99,27.6,3.0,3.0,No,21-30,3-4 Days,False
ORD104985,CUST1049,Home & Kitchen,21863.69,27.0,7.0,4.6,No,21-30,7-8 Days,False
ORD104986,CUST1354,Electronics,35702.75,21.7,6.0,3.1,No,21-30,5-6 Days,True
ORD104987,CUST1613,Beauty,2151.35,30.5,7.0,4.9,Yes,31-40,7-8 Days,False
ORD104988,CUST1575,Home & Kitchen,7900.03,25.2,8.0,4.2,No,21-30,7-8 Days,False
ORD104989,CUST1936,Beauty,490.48,26.8,7.0,4.5,Yes,21-30,7-8 Days,False
ORD104990,CUST1312,Beauty,4950.18,15.4,5.0,4.0,No,11-20,5-6 Days,False
ORD104991,CUST1354,Sports,7140.48,39.7,6.0,4.2,Yes,31-40,5-6 Days,False
ORD104992,CUST1876,Home & Kitchen,8668.22,18.5,8.0,3.8,No,11-20,7-8 Days,False
ORD104993,CUST1845,Fashion,4033.33,5.0,5.0,3.0,No,0-10,5-6 Days,False
ORD104994,CUST1944,Home & Kitchen,20613.46,13.4,3.0,4.7,No,11-20,3-4 Days,False
ORD104995,CUST1037,Electronics,11853.78,19.8,6.0,3.6,Yes,11-20,5-6 Days,False
ORD104996,CUST1908,Sports,12964.48,39.9,7.0,3.9,No,31-40,7-8 Days,False
ORD104997,CUST1719,Electronics,54362.99,24.4,7.0,2.5,No,21-30,7-8 Days,True
ORD104998,CUST1734,Fashion,7600.31,22.2,5.0,3.7,Yes,21-30,5-6 Days,False
ORD104999,CUST1735,Beauty,2565.68,6.3,3.0,4.1,No,0-10,3-4 Days,False
ORD105000,CUST1349,Home & Kitchen,6054.8,36.8,6.0,5.0,Yes,31-40,5-6 Days,False
